MCTS_Calibration_File
KJG001-00
date

voltage
range1
ch01
setPointNum   
7 
setPoint      
0 1000000 2500000 3000000 4000000 4500000 5000000 0 0 0 0 0 0 0 0 
checkPointNum 
7 
checkPoint    
0 1000000 2500000 3000000 4000000 4500000 5000000 0 0 0 0 0 0 0 0 
set_ad        
307 998660 2499150 2999550 3999383 4499785 4999829 0 0 0 0 0 0 0 0 
set_meter     
-5 998653 2499224 2999768 3999941 4500416 5000460 0 0 0 0 0 0 0 0 
check_ad      
-6 1000233 2500143 2999820 3999993 4499701 4999695 0 0 0 0 0 0 0 0 
check_meter   
-5 1000203 2500253 2999736 3999944 4499791 4999838 0 0 0 0 0 0 0 0 
DA_A          
1.001344 0.999619 0.998913 0.999827 0.999051 0.999912 0.000000 0.000000 0.000000 0.000000 0.000000 0.000000 0.000000 0.000000 
DA_B          
5.006719 1727.009277 3492.200439 750.870117 3855.337402 -19.998240 0.000000 0.000000 0.000000 0.000000 0.000000 0.000000 0.000000 0.000000 
AD_A          
1.000306 1.000054 1.000288 1.000340 1.000146 1.000000 0.000000 0.000000 0.000000 0.000000 0.000000 0.000000 0.000000 0.000000 
AD_B
-312.093781 -60.910030 -645.179871 -802.017334 -25.440832 631.000000 0.000000 0.000000 0.000000 0.000000 0.000000 0.000000 0.000000 0.000000 
AD_Ratio      
1.000000 63.000000

ch02
setPointNum   
7 
setPoint      
0 1000000 2500000 3000000 4000000 4500000 5000000 0 0 0 0 0 0 0 0 
checkPointNum 
7 
checkPoint    
0 1000000 2500000 3000000 4000000 4500000 5000000 0 0 0 0 0 0 0 0 
set_ad        
453 1000546 2501044 3001601 4001798 4502149 5002243 0 0 0 0 0 0 0 0 
set_meter     
3 1000605 2501439 3001985 4002364 4502838 5002986 0 0 0 0 0 0 0 0 
check_ad      
131 1000071 2500290 3000069 4000391 4499744 4999940 0 0 0 0 0 0 0 0 
check_meter   
271 1000014 2500199 2999849 4000203 4499776 4999973 0 0 0 0 0 0 0 0 
DA_A          
0.999398 0.999444 0.998909 0.999621 0.999053 0.999704 0.000000 0.000000 0.000000 0.000000 0.000000 0.000000 0.000000 0.000000 
DA_B          
-2.998195 -48.972771 1289.591797 -847.678711 1426.647583 -1505.554321 0.000000 0.000000 0.000000 0.000000 0.000000 0.000000 0.000000 0.000000 
AD_A          
1.000509 1.000224 0.999978 1.000182 1.000246 1.000108 0.000000 0.000000 0.000000 0.000000 0.000000 0.000000 0.000000 0.000000 
AD_B
-450.230560 -165.047913 449.961731 -162.183777 -417.751709 202.859299 0.000000 0.000000 0.000000 0.000000 0.000000 0.000000 0.000000 0.000000 
AD_Ratio      
1.000000 -149.000000

ch03
setPointNum   
7 
setPoint      
0 1000000 2500000 3000000 4000000 4500000 5000000 0 0 0 0 0 0 0 0 
checkPointNum 
7 
checkPoint    
0 1000000 2500000 3000000 4000000 4500000 5000000 0 0 0 0 0 0 0 0 
set_ad        
158 1000059 2500668 3001181 4001642 4502053 5002006 0 0 0 0 0 0 0 0 
set_meter     
0 999987 2500969 3001642 4002053 4502621 5002882 0 0 0 0 0 0 0 0 
check_ad      
246 999917 2500135 2999939 4000088 4499580 5000293 0 0 0 0 0 0 0 0 
check_meter   
1 999985 2500043 2999802 4000213 4499884 5000144 0 0 0 0 0 0 0 0 
DA_A          
1.000013 0.999346 0.998656 0.999589 0.998865 0.999478 0.000000 0.000000 0.000000 0.000000 0.000000 0.000000 0.000000 0.000000 
DA_B          
0.000000 667.229858 2392.779297 -408.831970 2488.173340 -271.858093 0.000000 0.000000 0.000000 0.000000 0.000000 0.000000 0.000000 0.000000 
AD_A          
1.000086 1.000249 1.000320 0.999950 1.000314 1.000616 0.000000 0.000000 0.000000 0.000000 0.000000 0.000000 0.000000 0.000000 
AD_B
-158.013596 -320.580414 -498.393585 610.989929 -844.483582 -2205.525391 0.000000 0.000000 0.000000 0.000000 0.000000 0.000000 0.000000 0.000000 
AD_Ratio      
1.000000 -157.000000

ch04
setPointNum   
7 
setPoint      
0 1000000 2500000 3000000 4000000 4500000 5000000 0 0 0 0 0 0 0 0 
checkPointNum 
7 
checkPoint    
0 1000000 2500000 3000000 4000000 4500000 5000000 0 0 0 0 0 0 0 0 
set_ad        
373 998951 2499106 2999670 3999520 4499626 4999684 0 0 0 0 0 0 0 0 
set_meter     
-1 998907 2499337 2999856 3999944 4500325 5000386 0 0 0 0 0 0 0 0 
check_ad      
100 1000279 2499995 2999901 3999836 4500011 5000170 0 0 0 0 0 0 0 0 
check_meter   
0 1000159 2500048 2999844 3999897 4499980 5000048 0 0 0 0 0 0 0 0 
DA_A          
1.001093 0.999713 0.998963 0.999912 0.999239 0.999878 0.000000 0.000000 0.000000 0.000000 0.000000 0.000000 0.000000 0.000000 
DA_B          
1.001093 1379.271240 3254.621582 407.964111 3101.636475 223.972672 0.000000 0.000000 0.000000 0.000000 0.000000 0.000000 0.000000 0.000000 
AD_A          
1.000330 1.000183 0.999910 1.000238 1.000550 1.000006 0.000000 0.000000 0.000000 0.000000 0.000000 0.000000 0.000000 0.000000 
AD_B
-374.123260 -227.122101 455.666107 -528.028564 -1775.269775 672.005371 0.000000 0.000000 0.000000 0.000000 0.000000 0.000000 0.000000 0.000000 
AD_Ratio      
1.000000 375.000000

ch05
setPointNum   
7 
setPoint      
0 1000000 2500000 3000000 4000000 4500000 5000000 0 0 0 0 0 0 0 0 
checkPointNum 
7 
checkPoint    
0 1000000 2500000 3000000 4000000 4500000 5000000 0 0 0 0 0 0 0 0 
set_ad        
324 1000570 2500957 3001510 4001651 4502051 5002095 0 0 0 0 0 0 0 0 
set_meter     
2 1000511 2501326 3001840 4002224 4502743 5002867 0 0 0 0 0 0 0 0 
check_ad      
259 1000202 2500305 3000159 4000132 4499886 5000162 0 0 0 0 0 0 0 0 
check_meter   
179 1000218 2500092 3000025 4000071 4500013 5000137 0 0 0 0 0 0 0 0 
DA_A          
0.999491 0.999457 0.998973 0.999616 0.998963 0.999752 0.000000 0.000000 0.000000 0.000000 0.000000 0.000000 0.000000 0.000000 
DA_B          
-1.998983 32.315777 1242.722534 -687.735901 1926.000854 -1626.596558 0.000000 0.000000 0.000000 0.000000 0.000000 0.000000 0.000000 0.000000 
AD_A          
1.000263 1.000285 0.999922 1.000243 1.000238 1.000160 0.000000 0.000000 0.000000 0.000000 0.000000 0.000000 0.000000 0.000000 
AD_B
-322.085205 -344.422333 563.859131 -399.264099 -378.631622 -28.264776 0.000000 0.000000 0.000000 0.000000 0.000000 0.000000 0.000000 0.000000 
AD_Ratio      
1.000000 -160.000000

ch06
setPointNum   
7 
setPoint      
0 1000000 2500000 3000000 4000000 4500000 5000000 0 0 0 0 0 0 0 0 
checkPointNum 
7 
checkPoint    
0 1000000 2500000 3000000 4000000 4500000 5000000 0 0 0 0 0 0 0 0 
set_ad        
580 999849 2500084 3000633 4000721 4501223 5001064 0 0 0 0 0 0 0 0 
set_meter     
1 999608 2500280 3000887 4001173 4501646 5001745 0 0 0 0 0 0 0 0 
check_ad      
-69 999797 2500112 3000060 4000044 4499655 5000011 0 0 0 0 0 0 0 0 
check_meter   
2 999913 2499977 2999956 3999934 4499801 4999897 0 0 0 0 0 0 0 0 
DA_A          
1.000393 0.999552 0.998787 0.999714 0.999055 0.999802 0.000000 0.000000 0.000000 0.000000 0.000000 0.000000 0.000000 0.000000 
DA_B          
-1.000393 839.623840 2751.659424 -28.991709 2608.532227 -754.850525 0.000000 0.000000 0.000000 0.000000 0.000000 0.000000 0.000000 0.000000 
AD_A          
1.000338 1.000291 1.000116 1.000198 0.999942 1.000516 0.000000 0.000000 0.000000 0.000000 0.000000 0.000000 0.000000 0.000000 
AD_B
-579.196167 -532.243713 -93.691666 -340.073059 683.809082 -1900.369873 0.000000 0.000000 0.000000 0.000000 0.000000 0.000000 0.000000 0.000000 
AD_Ratio      
1.000000 -578.000000

ch07
setPointNum   
7 
setPoint      
0 1000000 2500000 3000000 4000000 4500000 5000000 0 0 0 0 0 0 0 0 
checkPointNum 
7 
checkPoint    
0 1000000 2500000 3000000 4000000 4500000 5000000 0 0 0 0 0 0 0 0 
set_ad        
549 999779 2500330 3000633 4000929 4501281 5001222 0 0 0 0 0 0 0 0 
set_meter     
0 999565 2500383 3000895 4001276 4501751 5001928 0 0 0 0 0 0 0 0 
check_ad      
-5 1000167 2500067 3000068 3999943 4499554 5000242 0 0 0 0 0 0 0 0 
check_meter   
1 1000171 2500106 2999973 3999995 4499930 5000088 0 0 0 0 0 0 0 0 
DA_A          
1.000435 0.999455 0.998977 0.999619 0.999051 0.999646 0.000000 0.000000 0.000000 0.000000 0.000000 0.000000 0.000000 0.000000 
DA_B          
0.000000 979.799011 2174.772949 247.905548 2521.604492 -157.944092 0.000000 0.000000 0.000000 0.000000 0.000000 0.000000 0.000000 0.000000 
AD_A          
1.000335 1.000178 1.000418 1.000085 1.000246 1.000472 0.000000 0.000000 0.000000 0.000000 0.000000 0.000000 0.000000 0.000000 
AD_B
-549.184082 -391.895325 -991.504944 7.021668 -636.536133 -1654.855347 0.000000 0.000000 0.000000 0.000000 0.000000 0.000000 0.000000 0.000000 
AD_Ratio      
1.000000 -548.000000

ch08
setPointNum   
7 
setPoint      
0 1000000 2500000 3000000 4000000 4500000 5000000 0 0 0 0 0 0 0 0 
checkPointNum 
7 
checkPoint    
0 1000000 2500000 3000000 4000000 4500000 5000000 0 0 0 0 0 0 0 0 
set_ad        
775 999956 2499998 3000350 4000342 4500847 5000639 0 0 0 0 0 0 0 0 
set_meter     
2 999455 2499913 3000288 4000545 4501121 5001031 0 0 0 0 0 0 0 0 
check_ad      
2 999909 2500366 3000028 4000237 4499390 5000320 0 0 0 0 0 0 0 0 
check_meter   
2 1000055 2500331 2999986 4000247 4499892 5000129 0 0 0 0 0 0 0 0 
DA_A          
1.000547 0.999695 0.999251 0.999743 0.998849 1.000180 0.000000 0.000000 0.000000 0.000000 0.000000 0.000000 0.000000 0.000000 
DA_B          
-2.001095 850.073792 1960.529663 482.875916 4058.324707 -1931.347656 0.000000 0.000000 0.000000 0.000000 0.000000 0.000000 0.000000 0.000000 
AD_A          
1.000272 1.000277 1.000046 1.000265 1.000142 1.000236 0.000000 0.000000 0.000000 0.000000 0.000000 0.000000 0.000000 0.000000 
AD_B
-773.210999 -778.313354 -199.919006 -857.099121 -364.475403 -788.641968 0.000000 0.000000 0.000000 0.000000 0.000000 0.000000 0.000000 0.000000 
AD_Ratio      
1.000000 -385.000000

ch09
setPointNum   
7 
setPoint      
0 1000000 2500000 3000000 4000000 4500000 5000000 0 0 0 0 0 0 0 0 
checkPointNum 
7 
checkPoint    
0 1000000 2500000 3000000 4000000 4500000 5000000 0 0 0 0 0 0 0 0 
set_ad        
318 998284 2498330 2998835 3998781 4499082 4999129 0 0 0 0 0 0 0 0 
set_meter     
-10 998255 2498715 2999233 3999291 4499779 4999867 0 0 0 0 0 0 0 0 
check_ad      
5 1000146 2500195 3000156 4000160 4499735 4999928 0 0 0 0 0 0 0 0 
check_meter   
-8 1000137 2500060 2999841 4000237 4499818 4999875 0 0 0 0 0 0 0 0 
DA_A          
1.001738 0.999693 0.998965 0.999942 0.999025 0.999824 0.000000 0.000000 0.000000 0.000000 0.000000 0.000000 0.000000 0.000000 
DA_B          
10.017380 2051.037598 3870.989746 940.945435 4608.501953 1012.821716 0.000000 0.000000 0.000000 0.000000 0.000000 0.000000 0.000000 0.000000 
AD_A          
1.000300 1.000276 1.000026 1.000112 1.000374 1.000082 0.000000 0.000000 0.000000 0.000000 0.000000 0.000000 0.000000 0.000000 
AD_B
-328.095276 -304.517944 320.108948 62.112343 -984.644348 328.109955 0.000000 0.000000 0.000000 0.000000 0.000000 0.000000 0.000000 0.000000 
AD_Ratio      
1.000000 33.000000

ch10
setPointNum   
7 
setPoint      
0 1000000 2500000 3000000 4000000 4500000 5000000 0 0 0 0 0 0 0 0 
checkPointNum 
7 
checkPoint    
0 1000000 2500000 3000000 4000000 4500000 5000000 0 0 0 0 0 0 0 0 
set_ad        
223 999150 2499549 3000110 4000208 4500510 5000504 0 0 0 0 0 0 0 0 
set_meter     
-1 999016 2499761 3000364 4000691 4501128 5001278 0 0 0 0 0 0 0 0 
check_ad      
105 999987 2500122 2999855 3999977 4499802 5000262 0 0 0 0 0 0 0 0 
check_meter   
0 999930 2500224 2999761 4000093 4499923 5000053 0 0 0 0 0 0 0 0 
DA_A          
1.000984 0.999504 0.998795 0.999673 0.999127 0.999700 0.000000 0.000000 0.000000 0.000000 0.000000 0.000000 0.000000 0.000000 
DA_B          
1.000984 1479.931641 3250.080322 616.798279 2802.550537 221.933426 0.000000 0.000000 0.000000 0.000000 0.000000 0.000000 0.000000 0.000000 
AD_A          
1.000090 1.000231 1.000084 1.000229 1.000270 1.000312 0.000000 0.000000 0.000000 0.000000 0.000000 0.000000 0.000000 0.000000 
AD_B
-224.020096 -364.409302 2.273197 -432.957855 -596.404175 -786.175964 0.000000 0.000000 0.000000 0.000000 0.000000 0.000000 0.000000 0.000000 
AD_Ratio      
1.000000 225.000000

ch11
setPointNum   
7 
setPoint      
0 1000000 2500000 3000000 4000000 4500000 5000000 0 0 0 0 0 0 0 0 
checkPointNum 
7 
checkPoint    
0 1000000 2500000 3000000 4000000 4500000 5000000 0 0 0 0 0 0 0 0 
set_ad        
383 998646 2499194 2999699 3999640 4499993 5000042 0 0 0 0 0 0 0 0 
set_meter     
-2 998628 2499305 2999871 4000142 4500614 5000730 0 0 0 0 0 0 0 0 
check_ad      
44 1000253 2500119 2999921 4000144 4499799 5000062 0 0 0 0 0 0 0 0 
check_meter   
0 1000182 2500292 2999868 4000107 4499998 5000137 0 0 0 0 0 0 0 0 
DA_A          
1.001372 0.999549 0.998869 0.999729 0.999057 0.999768 0.000000 0.000000 0.000000 0.000000 0.000000 0.000000 0.000000 0.000000 
DA_B          
2.002744 1822.510742 3521.014160 941.744812 3630.572754 429.900269 0.000000 0.000000 0.000000 0.000000 0.000000 0.000000 0.000000 0.000000 
AD_A          
1.000368 1.000086 1.000122 1.000330 1.000238 1.000134 0.000000 0.000000 0.000000 0.000000 0.000000 0.000000 0.000000 0.000000 
AD_B
-385.140808 -103.852188 -193.594025 -817.959106 -449.242737 18.060026 0.000000 0.000000 0.000000 0.000000 0.000000 0.000000 0.000000 0.000000 
AD_Ratio      
1.000000 193.000000

ch12
setPointNum   
7 
setPoint      
0 1000000 2500000 3000000 4000000 4500000 5000000 0 0 0 0 0 0 0 0 
checkPointNum 
7 
checkPoint    
0 1000000 2500000 3000000 4000000 4500000 5000000 0 0 0 0 0 0 0 0 
set_ad        
465 999747 2499994 3000451 4000653 4501109 5001210 0 0 0 0 0 0 0 0 
set_meter     
1 999589 2500280 3000843 4001112 4501604 5001738 0 0 0 0 0 0 0 0 
check_ad      
43 1000350 2500229 3000333 4000192 4499564 4999697 0 0 0 0 0 0 0 0 
check_meter   
2 1000178 2499967 2999924 4000164 4499781 4999914 0 0 0 0 0 0 0 0 
DA_A          
1.000412 0.999540 0.998875 0.999731 0.999017 0.999732 0.000000 0.000000 0.000000 0.000000 0.000000 0.000000 0.000000 0.000000 
DA_B          
-1.000412 871.265320 2532.148682 -35.990318 2821.223877 -397.893372 0.000000 0.000000 0.000000 0.000000 0.000000 0.000000 0.000000 0.000000 
AD_A          
1.000306 1.000296 1.000212 1.000067 1.000072 1.000066 0.000000 0.000000 0.000000 0.000000 0.000000 0.000000 0.000000 0.000000 
AD_B
-464.142395 -453.876404 -243.514755 191.010376 171.215439 197.986801 0.000000 0.000000 0.000000 0.000000 0.000000 0.000000 0.000000 0.000000 
AD_Ratio      
1.000000 -463.000000

ch13
setPointNum   
7 
setPoint      
0 1000000 2500000 3000000 4000000 4500000 5000000 0 0 0 0 0 0 0 0 
checkPointNum 
7 
checkPoint    
0 1000000 2500000 3000000 4000000 4500000 5000000 0 0 0 0 0 0 0 0 
set_ad        
425 999853 2500190 3000742 4000628 4500824 5000914 0 0 0 0 0 0 0 0 
set_meter     
1 999688 2500449 3000995 4001210 4501386 5001611 0 0 0 0 0 0 0 0 
check_ad      
134 999922 2500229 2999914 4000026 4499643 4999976 0 0 0 0 0 0 0 0 
check_meter   
2 999972 2500109 2999778 3999951 4499891 5000129 0 0 0 0 0 0 0 0 
DA_A          
1.000313 0.999493 0.998909 0.999785 0.999648 0.999550 0.000000 0.000000 0.000000 0.000000 0.000000 0.000000 0.000000 0.000000 
DA_B          
-1.000313 818.917847 2278.511963 -349.924774 197.930328 638.712585 0.000000 0.000000 0.000000 0.000000 0.000000 0.000000 0.000000 0.000000 
AD_A          
1.000259 1.000283 0.999988 1.000329 0.999960 1.000270 0.000000 0.000000 0.000000 0.000000 0.000000 0.000000 0.000000 0.000000 
AD_B
-424.110138 -447.561646 288.969208 -734.356689 741.962402 -653.003784 0.000000 0.000000 0.000000 0.000000 0.000000 0.000000 0.000000 0.000000 
AD_Ratio      
1.000000 -423.000000

ch14
setPointNum   
7 
setPoint      
0 1000000 2500000 3000000 4000000 4500000 5000000 0 0 0 0 0 0 0 0 
checkPointNum 
7 
checkPoint    
0 1000000 2500000 3000000 4000000 4500000 5000000 0 0 0 0 0 0 0 0 
set_ad        
633 999401 2500047 3000601 4000900 4501195 5001394 0 0 0 0 0 0 0 0 
set_meter     
-2 999155 2500104 3000760 4001161 4501761 5001979 0 0 0 0 0 0 0 0 
check_ad      
-85 1000090 2500227 2999968 4000163 4499696 5000321 0 0 0 0 0 0 0 0 
check_meter   
0 1000067 2500079 2999868 4000222 4499933 5000159 0 0 0 0 0 0 0 0 
DA_A          
1.000844 0.999368 0.998690 0.999599 0.998801 0.999564 0.000000 0.000000 0.000000 0.000000 0.000000 0.000000 0.000000 0.000000 
DA_B          
2.001688 1476.732422 3171.838623 442.822418 3634.638428 200.912399 0.000000 0.000000 0.000000 0.000000 0.000000 0.000000 0.000000 0.000000 
AD_A          
1.000389 1.000202 1.000204 1.000102 1.000610 1.000038 0.000000 0.000000 0.000000 0.000000 0.000000 0.000000 0.000000 0.000000 
AD_B
-635.246521 -447.792084 -452.445129 -146.969818 -2178.109863 395.022644 0.000000 0.000000 0.000000 0.000000 0.000000 0.000000 0.000000 0.000000 
AD_Ratio      
1.000000 318.000000

ch15
setPointNum   
7 
setPoint      
0 1000000 2500000 3000000 4000000 4500000 5000000 0 0 0 0 0 0 0 0 
checkPointNum 
7 
checkPoint    
0 1000000 2500000 3000000 4000000 4500000 5000000 0 0 0 0 0 0 0 0 
set_ad        
721 998676 2498966 2999366 3999204 4499144 4999392 0 0 0 0 0 0 0 0 
set_meter     
-4 998376 2498845 2999321 3999470 4499857 4999878 0 0 0 0 0 0 0 0 
check_ad      
-240 1000171 2499882 2999900 3999901 4499886 4999805 0 0 0 0 0 0 0 0 
check_meter   
-1 1000224 2500185 2999966 4000068 4499850 4999897 0 0 0 0 0 0 0 0 
DA_A          
1.001623 0.999687 0.999049 0.999851 0.999227 0.999958 0.000000 0.000000 0.000000 0.000000 0.000000 0.000000 0.000000 0.000000 
DA_B          
4.006491 1936.061279 3531.637939 1125.832275 3623.195557 331.986053 0.000000 0.000000 0.000000 0.000000 0.000000 0.000000 0.000000 0.000000 
AD_A          
1.000426 1.000119 1.000152 1.000311 1.000894 0.999546 0.000000 0.000000 0.000000 0.000000 0.000000 0.000000 0.000000 0.000000 
AD_B
-725.307068 -419.152313 -500.539215 -977.953979 -3309.717529 2754.598633 0.000000 0.000000 0.000000 0.000000 0.000000 0.000000 0.000000 0.000000 
AD_Ratio      
1.000000 182.000000

ch16
setPointNum   
7 
setPoint      
0 1000000 2500000 3000000 4000000 4500000 5000000 0 0 0 0 0 0 0 0 
checkPointNum 
7 
checkPoint    
0 1000000 2500000 3000000 4000000 4500000 5000000 0 0 0 0 0 0 0 0 
set_ad        
797 1000332 2500678 3001183 4001274 4501671 5001614 0 0 0 0 0 0 0 0 
set_meter     
1 999772 2500444 3000999 4001308 4501802 5001871 0 0 0 0 0 0 0 0 
check_ad      
112 1000035 2500097 2999835 3999895 4499835 5000157 0 0 0 0 0 0 0 0 
check_meter   
2 1000086 2500138 2999797 4000041 4499943 5000058 0 0 0 0 0 0 0 0 
DA_A          
1.000229 0.999552 0.998891 0.999691 0.999013 0.999862 0.000000 0.000000 0.000000 0.000000 0.000000 0.000000 0.000000 0.000000 
DA_B          
-1.000229 675.697266 2328.415527 -71.977760 2641.390381 -1180.837036 0.000000 0.000000 0.000000 0.000000 0.000000 0.000000 0.000000 0.000000 
AD_A          
1.000236 1.000217 1.000100 1.000218 1.000194 1.000252 0.000000 0.000000 0.000000 0.000000 0.000000 0.000000 0.000000 0.000000 
AD_B
-796.188171 -777.355347 -483.815491 -838.198364 -741.631287 -1003.550415 0.000000 0.000000 0.000000 0.000000 0.000000 0.000000 0.000000 0.000000 
AD_Ratio      
1.000000 -795.000000

range2
ch01
setPointNum   
0 
setPoint      
0 0 0 0 0 0 0 0 0 0 0 0 0 0 0 
checkPointNum 
0 
checkPoint    
0 0 0 0 0 0 0 0 0 0 0 0 0 0 0 
set_ad        
0 0 0 0 0 0 0 0 0 0 0 0 0 0 0 
set_meter     
0 0 0 0 0 0 0 0 0 0 0 0 0 0 0 
check_ad      
0 0 0 0 0 0 0 0 0 0 0 0 0 0 0 
check_meter   
0 0 0 0 0 0 0 0 0 0 0 0 0 0 0 
DA_A          
1.000000 1.000000 1.000000 1.000000 1.000000 1.000000 1.000000 1.000000 1.000000 1.000000 1.000000 1.000000 1.000000 1.000000 
DA_B          
0.000000 0.000000 0.000000 0.000000 0.000000 0.000000 0.000000 0.000000 0.000000 0.000000 0.000000 0.000000 0.000000 0.000000 
AD_A          
1.000000 1.000000 1.000000 1.000000 1.000000 1.000000 1.000000 1.000000 1.000000 1.000000 1.000000 1.000000 1.000000 1.000000 
AD_B
0.000000 0.000000 0.000000 0.000000 0.000000 0.000000 0.000000 0.000000 0.000000 0.000000 0.000000 0.000000 0.000000 0.000000 
AD_Ratio      
1.000000 1.000000

ch02
setPointNum   
0 
setPoint      
0 0 0 0 0 0 0 0 0 0 0 0 0 0 0 
checkPointNum 
0 
checkPoint    
0 0 0 0 0 0 0 0 0 0 0 0 0 0 0 
set_ad        
0 0 0 0 0 0 0 0 0 0 0 0 0 0 0 
set_meter     
0 0 0 0 0 0 0 0 0 0 0 0 0 0 0 
check_ad      
0 0 0 0 0 0 0 0 0 0 0 0 0 0 0 
check_meter   
0 0 0 0 0 0 0 0 0 0 0 0 0 0 0 
DA_A          
1.000000 1.000000 1.000000 1.000000 1.000000 1.000000 1.000000 1.000000 1.000000 1.000000 1.000000 1.000000 1.000000 1.000000 
DA_B          
0.000000 0.000000 0.000000 0.000000 0.000000 0.000000 0.000000 0.000000 0.000000 0.000000 0.000000 0.000000 0.000000 0.000000 
AD_A          
1.000000 1.000000 1.000000 1.000000 1.000000 1.000000 1.000000 1.000000 1.000000 1.000000 1.000000 1.000000 1.000000 1.000000 
AD_B
0.000000 0.000000 0.000000 0.000000 0.000000 0.000000 0.000000 0.000000 0.000000 0.000000 0.000000 0.000000 0.000000 0.000000 
AD_Ratio      
1.000000 1.000000

ch03
setPointNum   
0 
setPoint      
0 0 0 0 0 0 0 0 0 0 0 0 0 0 0 
checkPointNum 
0 
checkPoint    
0 0 0 0 0 0 0 0 0 0 0 0 0 0 0 
set_ad        
0 0 0 0 0 0 0 0 0 0 0 0 0 0 0 
set_meter     
0 0 0 0 0 0 0 0 0 0 0 0 0 0 0 
check_ad      
0 0 0 0 0 0 0 0 0 0 0 0 0 0 0 
check_meter   
0 0 0 0 0 0 0 0 0 0 0 0 0 0 0 
DA_A          
1.000000 1.000000 1.000000 1.000000 1.000000 1.000000 1.000000 1.000000 1.000000 1.000000 1.000000 1.000000 1.000000 1.000000 
DA_B          
0.000000 0.000000 0.000000 0.000000 0.000000 0.000000 0.000000 0.000000 0.000000 0.000000 0.000000 0.000000 0.000000 0.000000 
AD_A          
1.000000 1.000000 1.000000 1.000000 1.000000 1.000000 1.000000 1.000000 1.000000 1.000000 1.000000 1.000000 1.000000 1.000000 
AD_B
0.000000 0.000000 0.000000 0.000000 0.000000 0.000000 0.000000 0.000000 0.000000 0.000000 0.000000 0.000000 0.000000 0.000000 
AD_Ratio      
1.000000 1.000000

ch04
setPointNum   
0 
setPoint      
0 0 0 0 0 0 0 0 0 0 0 0 0 0 0 
checkPointNum 
0 
checkPoint    
0 0 0 0 0 0 0 0 0 0 0 0 0 0 0 
set_ad        
0 0 0 0 0 0 0 0 0 0 0 0 0 0 0 
set_meter     
0 0 0 0 0 0 0 0 0 0 0 0 0 0 0 
check_ad      
0 0 0 0 0 0 0 0 0 0 0 0 0 0 0 
check_meter   
0 0 0 0 0 0 0 0 0 0 0 0 0 0 0 
DA_A          
1.000000 1.000000 1.000000 1.000000 1.000000 1.000000 1.000000 1.000000 1.000000 1.000000 1.000000 1.000000 1.000000 1.000000 
DA_B          
0.000000 0.000000 0.000000 0.000000 0.000000 0.000000 0.000000 0.000000 0.000000 0.000000 0.000000 0.000000 0.000000 0.000000 
AD_A          
1.000000 1.000000 1.000000 1.000000 1.000000 1.000000 1.000000 1.000000 1.000000 1.000000 1.000000 1.000000 1.000000 1.000000 
AD_B
0.000000 0.000000 0.000000 0.000000 0.000000 0.000000 0.000000 0.000000 0.000000 0.000000 0.000000 0.000000 0.000000 0.000000 
AD_Ratio      
1.000000 1.000000

ch05
setPointNum   
0 
setPoint      
0 0 0 0 0 0 0 0 0 0 0 0 0 0 0 
checkPointNum 
0 
checkPoint    
0 0 0 0 0 0 0 0 0 0 0 0 0 0 0 
set_ad        
0 0 0 0 0 0 0 0 0 0 0 0 0 0 0 
set_meter     
0 0 0 0 0 0 0 0 0 0 0 0 0 0 0 
check_ad      
0 0 0 0 0 0 0 0 0 0 0 0 0 0 0 
check_meter   
0 0 0 0 0 0 0 0 0 0 0 0 0 0 0 
DA_A          
1.000000 1.000000 1.000000 1.000000 1.000000 1.000000 1.000000 1.000000 1.000000 1.000000 1.000000 1.000000 1.000000 1.000000 
DA_B          
0.000000 0.000000 0.000000 0.000000 0.000000 0.000000 0.000000 0.000000 0.000000 0.000000 0.000000 0.000000 0.000000 0.000000 
AD_A          
1.000000 1.000000 1.000000 1.000000 1.000000 1.000000 1.000000 1.000000 1.000000 1.000000 1.000000 1.000000 1.000000 1.000000 
AD_B
0.000000 0.000000 0.000000 0.000000 0.000000 0.000000 0.000000 0.000000 0.000000 0.000000 0.000000 0.000000 0.000000 0.000000 
AD_Ratio      
1.000000 1.000000

ch06
setPointNum   
0 
setPoint      
0 0 0 0 0 0 0 0 0 0 0 0 0 0 0 
checkPointNum 
0 
checkPoint    
0 0 0 0 0 0 0 0 0 0 0 0 0 0 0 
set_ad        
0 0 0 0 0 0 0 0 0 0 0 0 0 0 0 
set_meter     
0 0 0 0 0 0 0 0 0 0 0 0 0 0 0 
check_ad      
0 0 0 0 0 0 0 0 0 0 0 0 0 0 0 
check_meter   
0 0 0 0 0 0 0 0 0 0 0 0 0 0 0 
DA_A          
1.000000 1.000000 1.000000 1.000000 1.000000 1.000000 1.000000 1.000000 1.000000 1.000000 1.000000 1.000000 1.000000 1.000000 
DA_B          
0.000000 0.000000 0.000000 0.000000 0.000000 0.000000 0.000000 0.000000 0.000000 0.000000 0.000000 0.000000 0.000000 0.000000 
AD_A          
1.000000 1.000000 1.000000 1.000000 1.000000 1.000000 1.000000 1.000000 1.000000 1.000000 1.000000 1.000000 1.000000 1.000000 
AD_B
0.000000 0.000000 0.000000 0.000000 0.000000 0.000000 0.000000 0.000000 0.000000 0.000000 0.000000 0.000000 0.000000 0.000000 
AD_Ratio      
1.000000 1.000000

ch07
setPointNum   
0 
setPoint      
0 0 0 0 0 0 0 0 0 0 0 0 0 0 0 
checkPointNum 
0 
checkPoint    
0 0 0 0 0 0 0 0 0 0 0 0 0 0 0 
set_ad        
0 0 0 0 0 0 0 0 0 0 0 0 0 0 0 
set_meter     
0 0 0 0 0 0 0 0 0 0 0 0 0 0 0 
check_ad      
0 0 0 0 0 0 0 0 0 0 0 0 0 0 0 
check_meter   
0 0 0 0 0 0 0 0 0 0 0 0 0 0 0 
DA_A          
1.000000 1.000000 1.000000 1.000000 1.000000 1.000000 1.000000 1.000000 1.000000 1.000000 1.000000 1.000000 1.000000 1.000000 
DA_B          
0.000000 0.000000 0.000000 0.000000 0.000000 0.000000 0.000000 0.000000 0.000000 0.000000 0.000000 0.000000 0.000000 0.000000 
AD_A          
1.000000 1.000000 1.000000 1.000000 1.000000 1.000000 1.000000 1.000000 1.000000 1.000000 1.000000 1.000000 1.000000 1.000000 
AD_B
0.000000 0.000000 0.000000 0.000000 0.000000 0.000000 0.000000 0.000000 0.000000 0.000000 0.000000 0.000000 0.000000 0.000000 
AD_Ratio      
1.000000 1.000000

ch08
setPointNum   
0 
setPoint      
0 0 0 0 0 0 0 0 0 0 0 0 0 0 0 
checkPointNum 
0 
checkPoint    
0 0 0 0 0 0 0 0 0 0 0 0 0 0 0 
set_ad        
0 0 0 0 0 0 0 0 0 0 0 0 0 0 0 
set_meter     
0 0 0 0 0 0 0 0 0 0 0 0 0 0 0 
check_ad      
0 0 0 0 0 0 0 0 0 0 0 0 0 0 0 
check_meter   
0 0 0 0 0 0 0 0 0 0 0 0 0 0 0 
DA_A          
1.000000 1.000000 1.000000 1.000000 1.000000 1.000000 1.000000 1.000000 1.000000 1.000000 1.000000 1.000000 1.000000 1.000000 
DA_B          
0.000000 0.000000 0.000000 0.000000 0.000000 0.000000 0.000000 0.000000 0.000000 0.000000 0.000000 0.000000 0.000000 0.000000 
AD_A          
1.000000 1.000000 1.000000 1.000000 1.000000 1.000000 1.000000 1.000000 1.000000 1.000000 1.000000 1.000000 1.000000 1.000000 
AD_B
0.000000 0.000000 0.000000 0.000000 0.000000 0.000000 0.000000 0.000000 0.000000 0.000000 0.000000 0.000000 0.000000 0.000000 
AD_Ratio      
1.000000 1.000000

ch09
setPointNum   
0 
setPoint      
0 0 0 0 0 0 0 0 0 0 0 0 0 0 0 
checkPointNum 
0 
checkPoint    
0 0 0 0 0 0 0 0 0 0 0 0 0 0 0 
set_ad        
0 0 0 0 0 0 0 0 0 0 0 0 0 0 0 
set_meter     
0 0 0 0 0 0 0 0 0 0 0 0 0 0 0 
check_ad      
0 0 0 0 0 0 0 0 0 0 0 0 0 0 0 
check_meter   
0 0 0 0 0 0 0 0 0 0 0 0 0 0 0 
DA_A          
1.000000 1.000000 1.000000 1.000000 1.000000 1.000000 1.000000 1.000000 1.000000 1.000000 1.000000 1.000000 1.000000 1.000000 
DA_B          
0.000000 0.000000 0.000000 0.000000 0.000000 0.000000 0.000000 0.000000 0.000000 0.000000 0.000000 0.000000 0.000000 0.000000 
AD_A          
1.000000 1.000000 1.000000 1.000000 1.000000 1.000000 1.000000 1.000000 1.000000 1.000000 1.000000 1.000000 1.000000 1.000000 
AD_B
0.000000 0.000000 0.000000 0.000000 0.000000 0.000000 0.000000 0.000000 0.000000 0.000000 0.000000 0.000000 0.000000 0.000000 
AD_Ratio      
1.000000 1.000000

ch10
setPointNum   
0 
setPoint      
0 0 0 0 0 0 0 0 0 0 0 0 0 0 0 
checkPointNum 
0 
checkPoint    
0 0 0 0 0 0 0 0 0 0 0 0 0 0 0 
set_ad        
0 0 0 0 0 0 0 0 0 0 0 0 0 0 0 
set_meter     
0 0 0 0 0 0 0 0 0 0 0 0 0 0 0 
check_ad      
0 0 0 0 0 0 0 0 0 0 0 0 0 0 0 
check_meter   
0 0 0 0 0 0 0 0 0 0 0 0 0 0 0 
DA_A          
1.000000 1.000000 1.000000 1.000000 1.000000 1.000000 1.000000 1.000000 1.000000 1.000000 1.000000 1.000000 1.000000 1.000000 
DA_B          
0.000000 0.000000 0.000000 0.000000 0.000000 0.000000 0.000000 0.000000 0.000000 0.000000 0.000000 0.000000 0.000000 0.000000 
AD_A          
1.000000 1.000000 1.000000 1.000000 1.000000 1.000000 1.000000 1.000000 1.000000 1.000000 1.000000 1.000000 1.000000 1.000000 
AD_B
0.000000 0.000000 0.000000 0.000000 0.000000 0.000000 0.000000 0.000000 0.000000 0.000000 0.000000 0.000000 0.000000 0.000000 
AD_Ratio      
1.000000 1.000000

ch11
setPointNum   
0 
setPoint      
0 0 0 0 0 0 0 0 0 0 0 0 0 0 0 
checkPointNum 
0 
checkPoint    
0 0 0 0 0 0 0 0 0 0 0 0 0 0 0 
set_ad        
0 0 0 0 0 0 0 0 0 0 0 0 0 0 0 
set_meter     
0 0 0 0 0 0 0 0 0 0 0 0 0 0 0 
check_ad      
0 0 0 0 0 0 0 0 0 0 0 0 0 0 0 
check_meter   
0 0 0 0 0 0 0 0 0 0 0 0 0 0 0 
DA_A          
1.000000 1.000000 1.000000 1.000000 1.000000 1.000000 1.000000 1.000000 1.000000 1.000000 1.000000 1.000000 1.000000 1.000000 
DA_B          
0.000000 0.000000 0.000000 0.000000 0.000000 0.000000 0.000000 0.000000 0.000000 0.000000 0.000000 0.000000 0.000000 0.000000 
AD_A          
1.000000 1.000000 1.000000 1.000000 1.000000 1.000000 1.000000 1.000000 1.000000 1.000000 1.000000 1.000000 1.000000 1.000000 
AD_B
0.000000 0.000000 0.000000 0.000000 0.000000 0.000000 0.000000 0.000000 0.000000 0.000000 0.000000 0.000000 0.000000 0.000000 
AD_Ratio      
1.000000 1.000000

ch12
setPointNum   
0 
setPoint      
0 0 0 0 0 0 0 0 0 0 0 0 0 0 0 
checkPointNum 
0 
checkPoint    
0 0 0 0 0 0 0 0 0 0 0 0 0 0 0 
set_ad        
0 0 0 0 0 0 0 0 0 0 0 0 0 0 0 
set_meter     
0 0 0 0 0 0 0 0 0 0 0 0 0 0 0 
check_ad      
0 0 0 0 0 0 0 0 0 0 0 0 0 0 0 
check_meter   
0 0 0 0 0 0 0 0 0 0 0 0 0 0 0 
DA_A          
1.000000 1.000000 1.000000 1.000000 1.000000 1.000000 1.000000 1.000000 1.000000 1.000000 1.000000 1.000000 1.000000 1.000000 
DA_B          
0.000000 0.000000 0.000000 0.000000 0.000000 0.000000 0.000000 0.000000 0.000000 0.000000 0.000000 0.000000 0.000000 0.000000 
AD_A          
1.000000 1.000000 1.000000 1.000000 1.000000 1.000000 1.000000 1.000000 1.000000 1.000000 1.000000 1.000000 1.000000 1.000000 
AD_B
0.000000 0.000000 0.000000 0.000000 0.000000 0.000000 0.000000 0.000000 0.000000 0.000000 0.000000 0.000000 0.000000 0.000000 
AD_Ratio      
1.000000 1.000000

ch13
setPointNum   
0 
setPoint      
0 0 0 0 0 0 0 0 0 0 0 0 0 0 0 
checkPointNum 
0 
checkPoint    
0 0 0 0 0 0 0 0 0 0 0 0 0 0 0 
set_ad        
0 0 0 0 0 0 0 0 0 0 0 0 0 0 0 
set_meter     
0 0 0 0 0 0 0 0 0 0 0 0 0 0 0 
check_ad      
0 0 0 0 0 0 0 0 0 0 0 0 0 0 0 
check_meter   
0 0 0 0 0 0 0 0 0 0 0 0 0 0 0 
DA_A          
1.000000 1.000000 1.000000 1.000000 1.000000 1.000000 1.000000 1.000000 1.000000 1.000000 1.000000 1.000000 1.000000 1.000000 
DA_B          
0.000000 0.000000 0.000000 0.000000 0.000000 0.000000 0.000000 0.000000 0.000000 0.000000 0.000000 0.000000 0.000000 0.000000 
AD_A          
1.000000 1.000000 1.000000 1.000000 1.000000 1.000000 1.000000 1.000000 1.000000 1.000000 1.000000 1.000000 1.000000 1.000000 
AD_B
0.000000 0.000000 0.000000 0.000000 0.000000 0.000000 0.000000 0.000000 0.000000 0.000000 0.000000 0.000000 0.000000 0.000000 
AD_Ratio      
1.000000 1.000000

ch14
setPointNum   
0 
setPoint      
0 0 0 0 0 0 0 0 0 0 0 0 0 0 0 
checkPointNum 
0 
checkPoint    
0 0 0 0 0 0 0 0 0 0 0 0 0 0 0 
set_ad        
0 0 0 0 0 0 0 0 0 0 0 0 0 0 0 
set_meter     
0 0 0 0 0 0 0 0 0 0 0 0 0 0 0 
check_ad      
0 0 0 0 0 0 0 0 0 0 0 0 0 0 0 
check_meter   
0 0 0 0 0 0 0 0 0 0 0 0 0 0 0 
DA_A          
1.000000 1.000000 1.000000 1.000000 1.000000 1.000000 1.000000 1.000000 1.000000 1.000000 1.000000 1.000000 1.000000 1.000000 
DA_B          
0.000000 0.000000 0.000000 0.000000 0.000000 0.000000 0.000000 0.000000 0.000000 0.000000 0.000000 0.000000 0.000000 0.000000 
AD_A          
1.000000 1.000000 1.000000 1.000000 1.000000 1.000000 1.000000 1.000000 1.000000 1.000000 1.000000 1.000000 1.000000 1.000000 
AD_B
0.000000 0.000000 0.000000 0.000000 0.000000 0.000000 0.000000 0.000000 0.000000 0.000000 0.000000 0.000000 0.000000 0.000000 
AD_Ratio      
1.000000 1.000000

ch15
setPointNum   
0 
setPoint      
0 0 0 0 0 0 0 0 0 0 0 0 0 0 0 
checkPointNum 
0 
checkPoint    
0 0 0 0 0 0 0 0 0 0 0 0 0 0 0 
set_ad        
0 0 0 0 0 0 0 0 0 0 0 0 0 0 0 
set_meter     
0 0 0 0 0 0 0 0 0 0 0 0 0 0 0 
check_ad      
0 0 0 0 0 0 0 0 0 0 0 0 0 0 0 
check_meter   
0 0 0 0 0 0 0 0 0 0 0 0 0 0 0 
DA_A          
1.000000 1.000000 1.000000 1.000000 1.000000 1.000000 1.000000 1.000000 1.000000 1.000000 1.000000 1.000000 1.000000 1.000000 
DA_B          
0.000000 0.000000 0.000000 0.000000 0.000000 0.000000 0.000000 0.000000 0.000000 0.000000 0.000000 0.000000 0.000000 0.000000 
AD_A          
1.000000 1.000000 1.000000 1.000000 1.000000 1.000000 1.000000 1.000000 1.000000 1.000000 1.000000 1.000000 1.000000 1.000000 
AD_B
0.000000 0.000000 0.000000 0.000000 0.000000 0.000000 0.000000 0.000000 0.000000 0.000000 0.000000 0.000000 0.000000 0.000000 
AD_Ratio      
1.000000 1.000000

ch16
setPointNum   
0 
setPoint      
0 0 0 0 0 0 0 0 0 0 0 0 0 0 0 
checkPointNum 
0 
checkPoint    
0 0 0 0 0 0 0 0 0 0 0 0 0 0 0 
set_ad        
0 0 0 0 0 0 0 0 0 0 0 0 0 0 0 
set_meter     
0 0 0 0 0 0 0 0 0 0 0 0 0 0 0 
check_ad      
0 0 0 0 0 0 0 0 0 0 0 0 0 0 0 
check_meter   
0 0 0 0 0 0 0 0 0 0 0 0 0 0 0 
DA_A          
1.000000 1.000000 1.000000 1.000000 1.000000 1.000000 1.000000 1.000000 1.000000 1.000000 1.000000 1.000000 1.000000 1.000000 
DA_B          
0.000000 0.000000 0.000000 0.000000 0.000000 0.000000 0.000000 0.000000 0.000000 0.000000 0.000000 0.000000 0.000000 0.000000 
AD_A          
1.000000 1.000000 1.000000 1.000000 1.000000 1.000000 1.000000 1.000000 1.000000 1.000000 1.000000 1.000000 1.000000 1.000000 
AD_B
0.000000 0.000000 0.000000 0.000000 0.000000 0.000000 0.000000 0.000000 0.000000 0.000000 0.000000 0.000000 0.000000 0.000000 
AD_Ratio      
1.000000 1.000000

range3
ch01
setPointNum   
0 
setPoint      
0 0 0 0 0 0 0 0 0 0 0 0 0 0 0 
checkPointNum 
0 
checkPoint    
0 0 0 0 0 0 0 0 0 0 0 0 0 0 0 
set_ad        
0 0 0 0 0 0 0 0 0 0 0 0 0 0 0 
set_meter     
0 0 0 0 0 0 0 0 0 0 0 0 0 0 0 
check_ad      
0 0 0 0 0 0 0 0 0 0 0 0 0 0 0 
check_meter   
0 0 0 0 0 0 0 0 0 0 0 0 0 0 0 
DA_A          
1.000000 1.000000 1.000000 1.000000 1.000000 1.000000 1.000000 1.000000 1.000000 1.000000 1.000000 1.000000 1.000000 1.000000 
DA_B          
0.000000 0.000000 0.000000 0.000000 0.000000 0.000000 0.000000 0.000000 0.000000 0.000000 0.000000 0.000000 0.000000 0.000000 
AD_A          
1.000000 1.000000 1.000000 1.000000 1.000000 1.000000 1.000000 1.000000 1.000000 1.000000 1.000000 1.000000 1.000000 1.000000 
AD_B
0.000000 0.000000 0.000000 0.000000 0.000000 0.000000 0.000000 0.000000 0.000000 0.000000 0.000000 0.000000 0.000000 0.000000 
AD_Ratio      
1.000000 1.000000

ch02
setPointNum   
0 
setPoint      
0 0 0 0 0 0 0 0 0 0 0 0 0 0 0 
checkPointNum 
0 
checkPoint    
0 0 0 0 0 0 0 0 0 0 0 0 0 0 0 
set_ad        
0 0 0 0 0 0 0 0 0 0 0 0 0 0 0 
set_meter     
0 0 0 0 0 0 0 0 0 0 0 0 0 0 0 
check_ad      
0 0 0 0 0 0 0 0 0 0 0 0 0 0 0 
check_meter   
0 0 0 0 0 0 0 0 0 0 0 0 0 0 0 
DA_A          
1.000000 1.000000 1.000000 1.000000 1.000000 1.000000 1.000000 1.000000 1.000000 1.000000 1.000000 1.000000 1.000000 1.000000 
DA_B          
0.000000 0.000000 0.000000 0.000000 0.000000 0.000000 0.000000 0.000000 0.000000 0.000000 0.000000 0.000000 0.000000 0.000000 
AD_A          
1.000000 1.000000 1.000000 1.000000 1.000000 1.000000 1.000000 1.000000 1.000000 1.000000 1.000000 1.000000 1.000000 1.000000 
AD_B
0.000000 0.000000 0.000000 0.000000 0.000000 0.000000 0.000000 0.000000 0.000000 0.000000 0.000000 0.000000 0.000000 0.000000 
AD_Ratio      
1.000000 1.000000

ch03
setPointNum   
0 
setPoint      
0 0 0 0 0 0 0 0 0 0 0 0 0 0 0 
checkPointNum 
0 
checkPoint    
0 0 0 0 0 0 0 0 0 0 0 0 0 0 0 
set_ad        
0 0 0 0 0 0 0 0 0 0 0 0 0 0 0 
set_meter     
0 0 0 0 0 0 0 0 0 0 0 0 0 0 0 
check_ad      
0 0 0 0 0 0 0 0 0 0 0 0 0 0 0 
check_meter   
0 0 0 0 0 0 0 0 0 0 0 0 0 0 0 
DA_A          
1.000000 1.000000 1.000000 1.000000 1.000000 1.000000 1.000000 1.000000 1.000000 1.000000 1.000000 1.000000 1.000000 1.000000 
DA_B          
0.000000 0.000000 0.000000 0.000000 0.000000 0.000000 0.000000 0.000000 0.000000 0.000000 0.000000 0.000000 0.000000 0.000000 
AD_A          
1.000000 1.000000 1.000000 1.000000 1.000000 1.000000 1.000000 1.000000 1.000000 1.000000 1.000000 1.000000 1.000000 1.000000 
AD_B
0.000000 0.000000 0.000000 0.000000 0.000000 0.000000 0.000000 0.000000 0.000000 0.000000 0.000000 0.000000 0.000000 0.000000 
AD_Ratio      
1.000000 1.000000

ch04
setPointNum   
0 
setPoint      
0 0 0 0 0 0 0 0 0 0 0 0 0 0 0 
checkPointNum 
0 
checkPoint    
0 0 0 0 0 0 0 0 0 0 0 0 0 0 0 
set_ad        
0 0 0 0 0 0 0 0 0 0 0 0 0 0 0 
set_meter     
0 0 0 0 0 0 0 0 0 0 0 0 0 0 0 
check_ad      
0 0 0 0 0 0 0 0 0 0 0 0 0 0 0 
check_meter   
0 0 0 0 0 0 0 0 0 0 0 0 0 0 0 
DA_A          
1.000000 1.000000 1.000000 1.000000 1.000000 1.000000 1.000000 1.000000 1.000000 1.000000 1.000000 1.000000 1.000000 1.000000 
DA_B          
0.000000 0.000000 0.000000 0.000000 0.000000 0.000000 0.000000 0.000000 0.000000 0.000000 0.000000 0.000000 0.000000 0.000000 
AD_A          
1.000000 1.000000 1.000000 1.000000 1.000000 1.000000 1.000000 1.000000 1.000000 1.000000 1.000000 1.000000 1.000000 1.000000 
AD_B
0.000000 0.000000 0.000000 0.000000 0.000000 0.000000 0.000000 0.000000 0.000000 0.000000 0.000000 0.000000 0.000000 0.000000 
AD_Ratio      
1.000000 1.000000

ch05
setPointNum   
0 
setPoint      
0 0 0 0 0 0 0 0 0 0 0 0 0 0 0 
checkPointNum 
0 
checkPoint    
0 0 0 0 0 0 0 0 0 0 0 0 0 0 0 
set_ad        
0 0 0 0 0 0 0 0 0 0 0 0 0 0 0 
set_meter     
0 0 0 0 0 0 0 0 0 0 0 0 0 0 0 
check_ad      
0 0 0 0 0 0 0 0 0 0 0 0 0 0 0 
check_meter   
0 0 0 0 0 0 0 0 0 0 0 0 0 0 0 
DA_A          
1.000000 1.000000 1.000000 1.000000 1.000000 1.000000 1.000000 1.000000 1.000000 1.000000 1.000000 1.000000 1.000000 1.000000 
DA_B          
0.000000 0.000000 0.000000 0.000000 0.000000 0.000000 0.000000 0.000000 0.000000 0.000000 0.000000 0.000000 0.000000 0.000000 
AD_A          
1.000000 1.000000 1.000000 1.000000 1.000000 1.000000 1.000000 1.000000 1.000000 1.000000 1.000000 1.000000 1.000000 1.000000 
AD_B
0.000000 0.000000 0.000000 0.000000 0.000000 0.000000 0.000000 0.000000 0.000000 0.000000 0.000000 0.000000 0.000000 0.000000 
AD_Ratio      
1.000000 1.000000

ch06
setPointNum   
0 
setPoint      
0 0 0 0 0 0 0 0 0 0 0 0 0 0 0 
checkPointNum 
0 
checkPoint    
0 0 0 0 0 0 0 0 0 0 0 0 0 0 0 
set_ad        
0 0 0 0 0 0 0 0 0 0 0 0 0 0 0 
set_meter     
0 0 0 0 0 0 0 0 0 0 0 0 0 0 0 
check_ad      
0 0 0 0 0 0 0 0 0 0 0 0 0 0 0 
check_meter   
0 0 0 0 0 0 0 0 0 0 0 0 0 0 0 
DA_A          
1.000000 1.000000 1.000000 1.000000 1.000000 1.000000 1.000000 1.000000 1.000000 1.000000 1.000000 1.000000 1.000000 1.000000 
DA_B          
0.000000 0.000000 0.000000 0.000000 0.000000 0.000000 0.000000 0.000000 0.000000 0.000000 0.000000 0.000000 0.000000 0.000000 
AD_A          
1.000000 1.000000 1.000000 1.000000 1.000000 1.000000 1.000000 1.000000 1.000000 1.000000 1.000000 1.000000 1.000000 1.000000 
AD_B
0.000000 0.000000 0.000000 0.000000 0.000000 0.000000 0.000000 0.000000 0.000000 0.000000 0.000000 0.000000 0.000000 0.000000 
AD_Ratio      
1.000000 1.000000

ch07
setPointNum   
0 
setPoint      
0 0 0 0 0 0 0 0 0 0 0 0 0 0 0 
checkPointNum 
0 
checkPoint    
0 0 0 0 0 0 0 0 0 0 0 0 0 0 0 
set_ad        
0 0 0 0 0 0 0 0 0 0 0 0 0 0 0 
set_meter     
0 0 0 0 0 0 0 0 0 0 0 0 0 0 0 
check_ad      
0 0 0 0 0 0 0 0 0 0 0 0 0 0 0 
check_meter   
0 0 0 0 0 0 0 0 0 0 0 0 0 0 0 
DA_A          
1.000000 1.000000 1.000000 1.000000 1.000000 1.000000 1.000000 1.000000 1.000000 1.000000 1.000000 1.000000 1.000000 1.000000 
DA_B          
0.000000 0.000000 0.000000 0.000000 0.000000 0.000000 0.000000 0.000000 0.000000 0.000000 0.000000 0.000000 0.000000 0.000000 
AD_A          
1.000000 1.000000 1.000000 1.000000 1.000000 1.000000 1.000000 1.000000 1.000000 1.000000 1.000000 1.000000 1.000000 1.000000 
AD_B
0.000000 0.000000 0.000000 0.000000 0.000000 0.000000 0.000000 0.000000 0.000000 0.000000 0.000000 0.000000 0.000000 0.000000 
AD_Ratio      
1.000000 1.000000

ch08
setPointNum   
0 
setPoint      
0 0 0 0 0 0 0 0 0 0 0 0 0 0 0 
checkPointNum 
0 
checkPoint    
0 0 0 0 0 0 0 0 0 0 0 0 0 0 0 
set_ad        
0 0 0 0 0 0 0 0 0 0 0 0 0 0 0 
set_meter     
0 0 0 0 0 0 0 0 0 0 0 0 0 0 0 
check_ad      
0 0 0 0 0 0 0 0 0 0 0 0 0 0 0 
check_meter   
0 0 0 0 0 0 0 0 0 0 0 0 0 0 0 
DA_A          
1.000000 1.000000 1.000000 1.000000 1.000000 1.000000 1.000000 1.000000 1.000000 1.000000 1.000000 1.000000 1.000000 1.000000 
DA_B          
0.000000 0.000000 0.000000 0.000000 0.000000 0.000000 0.000000 0.000000 0.000000 0.000000 0.000000 0.000000 0.000000 0.000000 
AD_A          
1.000000 1.000000 1.000000 1.000000 1.000000 1.000000 1.000000 1.000000 1.000000 1.000000 1.000000 1.000000 1.000000 1.000000 
AD_B
0.000000 0.000000 0.000000 0.000000 0.000000 0.000000 0.000000 0.000000 0.000000 0.000000 0.000000 0.000000 0.000000 0.000000 
AD_Ratio      
1.000000 1.000000

ch09
setPointNum   
0 
setPoint      
0 0 0 0 0 0 0 0 0 0 0 0 0 0 0 
checkPointNum 
0 
checkPoint    
0 0 0 0 0 0 0 0 0 0 0 0 0 0 0 
set_ad        
0 0 0 0 0 0 0 0 0 0 0 0 0 0 0 
set_meter     
0 0 0 0 0 0 0 0 0 0 0 0 0 0 0 
check_ad      
0 0 0 0 0 0 0 0 0 0 0 0 0 0 0 
check_meter   
0 0 0 0 0 0 0 0 0 0 0 0 0 0 0 
DA_A          
1.000000 1.000000 1.000000 1.000000 1.000000 1.000000 1.000000 1.000000 1.000000 1.000000 1.000000 1.000000 1.000000 1.000000 
DA_B          
0.000000 0.000000 0.000000 0.000000 0.000000 0.000000 0.000000 0.000000 0.000000 0.000000 0.000000 0.000000 0.000000 0.000000 
AD_A          
1.000000 1.000000 1.000000 1.000000 1.000000 1.000000 1.000000 1.000000 1.000000 1.000000 1.000000 1.000000 1.000000 1.000000 
AD_B
0.000000 0.000000 0.000000 0.000000 0.000000 0.000000 0.000000 0.000000 0.000000 0.000000 0.000000 0.000000 0.000000 0.000000 
AD_Ratio      
1.000000 1.000000

ch10
setPointNum   
0 
setPoint      
0 0 0 0 0 0 0 0 0 0 0 0 0 0 0 
checkPointNum 
0 
checkPoint    
0 0 0 0 0 0 0 0 0 0 0 0 0 0 0 
set_ad        
0 0 0 0 0 0 0 0 0 0 0 0 0 0 0 
set_meter     
0 0 0 0 0 0 0 0 0 0 0 0 0 0 0 
check_ad      
0 0 0 0 0 0 0 0 0 0 0 0 0 0 0 
check_meter   
0 0 0 0 0 0 0 0 0 0 0 0 0 0 0 
DA_A          
1.000000 1.000000 1.000000 1.000000 1.000000 1.000000 1.000000 1.000000 1.000000 1.000000 1.000000 1.000000 1.000000 1.000000 
DA_B          
0.000000 0.000000 0.000000 0.000000 0.000000 0.000000 0.000000 0.000000 0.000000 0.000000 0.000000 0.000000 0.000000 0.000000 
AD_A          
1.000000 1.000000 1.000000 1.000000 1.000000 1.000000 1.000000 1.000000 1.000000 1.000000 1.000000 1.000000 1.000000 1.000000 
AD_B
0.000000 0.000000 0.000000 0.000000 0.000000 0.000000 0.000000 0.000000 0.000000 0.000000 0.000000 0.000000 0.000000 0.000000 
AD_Ratio      
1.000000 1.000000

ch11
setPointNum   
0 
setPoint      
0 0 0 0 0 0 0 0 0 0 0 0 0 0 0 
checkPointNum 
0 
checkPoint    
0 0 0 0 0 0 0 0 0 0 0 0 0 0 0 
set_ad        
0 0 0 0 0 0 0 0 0 0 0 0 0 0 0 
set_meter     
0 0 0 0 0 0 0 0 0 0 0 0 0 0 0 
check_ad      
0 0 0 0 0 0 0 0 0 0 0 0 0 0 0 
check_meter   
0 0 0 0 0 0 0 0 0 0 0 0 0 0 0 
DA_A          
1.000000 1.000000 1.000000 1.000000 1.000000 1.000000 1.000000 1.000000 1.000000 1.000000 1.000000 1.000000 1.000000 1.000000 
DA_B          
0.000000 0.000000 0.000000 0.000000 0.000000 0.000000 0.000000 0.000000 0.000000 0.000000 0.000000 0.000000 0.000000 0.000000 
AD_A          
1.000000 1.000000 1.000000 1.000000 1.000000 1.000000 1.000000 1.000000 1.000000 1.000000 1.000000 1.000000 1.000000 1.000000 
AD_B
0.000000 0.000000 0.000000 0.000000 0.000000 0.000000 0.000000 0.000000 0.000000 0.000000 0.000000 0.000000 0.000000 0.000000 
AD_Ratio      
1.000000 1.000000

ch12
setPointNum   
0 
setPoint      
0 0 0 0 0 0 0 0 0 0 0 0 0 0 0 
checkPointNum 
0 
checkPoint    
0 0 0 0 0 0 0 0 0 0 0 0 0 0 0 
set_ad        
0 0 0 0 0 0 0 0 0 0 0 0 0 0 0 
set_meter     
0 0 0 0 0 0 0 0 0 0 0 0 0 0 0 
check_ad      
0 0 0 0 0 0 0 0 0 0 0 0 0 0 0 
check_meter   
0 0 0 0 0 0 0 0 0 0 0 0 0 0 0 
DA_A          
1.000000 1.000000 1.000000 1.000000 1.000000 1.000000 1.000000 1.000000 1.000000 1.000000 1.000000 1.000000 1.000000 1.000000 
DA_B          
0.000000 0.000000 0.000000 0.000000 0.000000 0.000000 0.000000 0.000000 0.000000 0.000000 0.000000 0.000000 0.000000 0.000000 
AD_A          
1.000000 1.000000 1.000000 1.000000 1.000000 1.000000 1.000000 1.000000 1.000000 1.000000 1.000000 1.000000 1.000000 1.000000 
AD_B
0.000000 0.000000 0.000000 0.000000 0.000000 0.000000 0.000000 0.000000 0.000000 0.000000 0.000000 0.000000 0.000000 0.000000 
AD_Ratio      
1.000000 1.000000

ch13
setPointNum   
0 
setPoint      
0 0 0 0 0 0 0 0 0 0 0 0 0 0 0 
checkPointNum 
0 
checkPoint    
0 0 0 0 0 0 0 0 0 0 0 0 0 0 0 
set_ad        
0 0 0 0 0 0 0 0 0 0 0 0 0 0 0 
set_meter     
0 0 0 0 0 0 0 0 0 0 0 0 0 0 0 
check_ad      
0 0 0 0 0 0 0 0 0 0 0 0 0 0 0 
check_meter   
0 0 0 0 0 0 0 0 0 0 0 0 0 0 0 
DA_A          
1.000000 1.000000 1.000000 1.000000 1.000000 1.000000 1.000000 1.000000 1.000000 1.000000 1.000000 1.000000 1.000000 1.000000 
DA_B          
0.000000 0.000000 0.000000 0.000000 0.000000 0.000000 0.000000 0.000000 0.000000 0.000000 0.000000 0.000000 0.000000 0.000000 
AD_A          
1.000000 1.000000 1.000000 1.000000 1.000000 1.000000 1.000000 1.000000 1.000000 1.000000 1.000000 1.000000 1.000000 1.000000 
AD_B
0.000000 0.000000 0.000000 0.000000 0.000000 0.000000 0.000000 0.000000 0.000000 0.000000 0.000000 0.000000 0.000000 0.000000 
AD_Ratio      
1.000000 1.000000

ch14
setPointNum   
0 
setPoint      
0 0 0 0 0 0 0 0 0 0 0 0 0 0 0 
checkPointNum 
0 
checkPoint    
0 0 0 0 0 0 0 0 0 0 0 0 0 0 0 
set_ad        
0 0 0 0 0 0 0 0 0 0 0 0 0 0 0 
set_meter     
0 0 0 0 0 0 0 0 0 0 0 0 0 0 0 
check_ad      
0 0 0 0 0 0 0 0 0 0 0 0 0 0 0 
check_meter   
0 0 0 0 0 0 0 0 0 0 0 0 0 0 0 
DA_A          
1.000000 1.000000 1.000000 1.000000 1.000000 1.000000 1.000000 1.000000 1.000000 1.000000 1.000000 1.000000 1.000000 1.000000 
DA_B          
0.000000 0.000000 0.000000 0.000000 0.000000 0.000000 0.000000 0.000000 0.000000 0.000000 0.000000 0.000000 0.000000 0.000000 
AD_A          
1.000000 1.000000 1.000000 1.000000 1.000000 1.000000 1.000000 1.000000 1.000000 1.000000 1.000000 1.000000 1.000000 1.000000 
AD_B
0.000000 0.000000 0.000000 0.000000 0.000000 0.000000 0.000000 0.000000 0.000000 0.000000 0.000000 0.000000 0.000000 0.000000 
AD_Ratio      
1.000000 1.000000

ch15
setPointNum   
0 
setPoint      
0 0 0 0 0 0 0 0 0 0 0 0 0 0 0 
checkPointNum 
0 
checkPoint    
0 0 0 0 0 0 0 0 0 0 0 0 0 0 0 
set_ad        
0 0 0 0 0 0 0 0 0 0 0 0 0 0 0 
set_meter     
0 0 0 0 0 0 0 0 0 0 0 0 0 0 0 
check_ad      
0 0 0 0 0 0 0 0 0 0 0 0 0 0 0 
check_meter   
0 0 0 0 0 0 0 0 0 0 0 0 0 0 0 
DA_A          
1.000000 1.000000 1.000000 1.000000 1.000000 1.000000 1.000000 1.000000 1.000000 1.000000 1.000000 1.000000 1.000000 1.000000 
DA_B          
0.000000 0.000000 0.000000 0.000000 0.000000 0.000000 0.000000 0.000000 0.000000 0.000000 0.000000 0.000000 0.000000 0.000000 
AD_A          
1.000000 1.000000 1.000000 1.000000 1.000000 1.000000 1.000000 1.000000 1.000000 1.000000 1.000000 1.000000 1.000000 1.000000 
AD_B
0.000000 0.000000 0.000000 0.000000 0.000000 0.000000 0.000000 0.000000 0.000000 0.000000 0.000000 0.000000 0.000000 0.000000 
AD_Ratio      
1.000000 1.000000

ch16
setPointNum   
0 
setPoint      
0 0 0 0 0 0 0 0 0 0 0 0 0 0 0 
checkPointNum 
0 
checkPoint    
0 0 0 0 0 0 0 0 0 0 0 0 0 0 0 
set_ad        
0 0 0 0 0 0 0 0 0 0 0 0 0 0 0 
set_meter     
0 0 0 0 0 0 0 0 0 0 0 0 0 0 0 
check_ad      
0 0 0 0 0 0 0 0 0 0 0 0 0 0 0 
check_meter   
0 0 0 0 0 0 0 0 0 0 0 0 0 0 0 
DA_A          
1.000000 1.000000 1.000000 1.000000 1.000000 1.000000 1.000000 1.000000 1.000000 1.000000 1.000000 1.000000 1.000000 1.000000 
DA_B          
0.000000 0.000000 0.000000 0.000000 0.000000 0.000000 0.000000 0.000000 0.000000 0.000000 0.000000 0.000000 0.000000 0.000000 
AD_A          
1.000000 1.000000 1.000000 1.000000 1.000000 1.000000 1.000000 1.000000 1.000000 1.000000 1.000000 1.000000 1.000000 1.000000 
AD_B
0.000000 0.000000 0.000000 0.000000 0.000000 0.000000 0.000000 0.000000 0.000000 0.000000 0.000000 0.000000 0.000000 0.000000 
AD_Ratio      
1.000000 1.000000

range4
ch01
setPointNum   
0 
setPoint      
0 0 0 0 0 0 0 0 0 0 0 0 0 0 0 
checkPointNum 
0 
checkPoint    
0 0 0 0 0 0 0 0 0 0 0 0 0 0 0 
set_ad        
0 0 0 0 0 0 0 0 0 0 0 0 0 0 0 
set_meter     
0 0 0 0 0 0 0 0 0 0 0 0 0 0 0 
check_ad      
0 0 0 0 0 0 0 0 0 0 0 0 0 0 0 
check_meter   
0 0 0 0 0 0 0 0 0 0 0 0 0 0 0 
DA_A          
1.000000 1.000000 1.000000 1.000000 1.000000 1.000000 1.000000 1.000000 1.000000 1.000000 1.000000 1.000000 1.000000 1.000000 
DA_B          
0.000000 0.000000 0.000000 0.000000 0.000000 0.000000 0.000000 0.000000 0.000000 0.000000 0.000000 0.000000 0.000000 0.000000 
AD_A          
1.000000 1.000000 1.000000 1.000000 1.000000 1.000000 1.000000 1.000000 1.000000 1.000000 1.000000 1.000000 1.000000 1.000000 
AD_B
0.000000 0.000000 0.000000 0.000000 0.000000 0.000000 0.000000 0.000000 0.000000 0.000000 0.000000 0.000000 0.000000 0.000000 
AD_Ratio      
1.000000 1.000000

ch02
setPointNum   
0 
setPoint      
0 0 0 0 0 0 0 0 0 0 0 0 0 0 0 
checkPointNum 
0 
checkPoint    
0 0 0 0 0 0 0 0 0 0 0 0 0 0 0 
set_ad        
0 0 0 0 0 0 0 0 0 0 0 0 0 0 0 
set_meter     
0 0 0 0 0 0 0 0 0 0 0 0 0 0 0 
check_ad      
0 0 0 0 0 0 0 0 0 0 0 0 0 0 0 
check_meter   
0 0 0 0 0 0 0 0 0 0 0 0 0 0 0 
DA_A          
1.000000 1.000000 1.000000 1.000000 1.000000 1.000000 1.000000 1.000000 1.000000 1.000000 1.000000 1.000000 1.000000 1.000000 
DA_B          
0.000000 0.000000 0.000000 0.000000 0.000000 0.000000 0.000000 0.000000 0.000000 0.000000 0.000000 0.000000 0.000000 0.000000 
AD_A          
1.000000 1.000000 1.000000 1.000000 1.000000 1.000000 1.000000 1.000000 1.000000 1.000000 1.000000 1.000000 1.000000 1.000000 
AD_B
0.000000 0.000000 0.000000 0.000000 0.000000 0.000000 0.000000 0.000000 0.000000 0.000000 0.000000 0.000000 0.000000 0.000000 
AD_Ratio      
1.000000 1.000000

ch03
setPointNum   
0 
setPoint      
0 0 0 0 0 0 0 0 0 0 0 0 0 0 0 
checkPointNum 
0 
checkPoint    
0 0 0 0 0 0 0 0 0 0 0 0 0 0 0 
set_ad        
0 0 0 0 0 0 0 0 0 0 0 0 0 0 0 
set_meter     
0 0 0 0 0 0 0 0 0 0 0 0 0 0 0 
check_ad      
0 0 0 0 0 0 0 0 0 0 0 0 0 0 0 
check_meter   
0 0 0 0 0 0 0 0 0 0 0 0 0 0 0 
DA_A          
1.000000 1.000000 1.000000 1.000000 1.000000 1.000000 1.000000 1.000000 1.000000 1.000000 1.000000 1.000000 1.000000 1.000000 
DA_B          
0.000000 0.000000 0.000000 0.000000 0.000000 0.000000 0.000000 0.000000 0.000000 0.000000 0.000000 0.000000 0.000000 0.000000 
AD_A          
1.000000 1.000000 1.000000 1.000000 1.000000 1.000000 1.000000 1.000000 1.000000 1.000000 1.000000 1.000000 1.000000 1.000000 
AD_B
0.000000 0.000000 0.000000 0.000000 0.000000 0.000000 0.000000 0.000000 0.000000 0.000000 0.000000 0.000000 0.000000 0.000000 
AD_Ratio      
1.000000 1.000000

ch04
setPointNum   
0 
setPoint      
0 0 0 0 0 0 0 0 0 0 0 0 0 0 0 
checkPointNum 
0 
checkPoint    
0 0 0 0 0 0 0 0 0 0 0 0 0 0 0 
set_ad        
0 0 0 0 0 0 0 0 0 0 0 0 0 0 0 
set_meter     
0 0 0 0 0 0 0 0 0 0 0 0 0 0 0 
check_ad      
0 0 0 0 0 0 0 0 0 0 0 0 0 0 0 
check_meter   
0 0 0 0 0 0 0 0 0 0 0 0 0 0 0 
DA_A          
1.000000 1.000000 1.000000 1.000000 1.000000 1.000000 1.000000 1.000000 1.000000 1.000000 1.000000 1.000000 1.000000 1.000000 
DA_B          
0.000000 0.000000 0.000000 0.000000 0.000000 0.000000 0.000000 0.000000 0.000000 0.000000 0.000000 0.000000 0.000000 0.000000 
AD_A          
1.000000 1.000000 1.000000 1.000000 1.000000 1.000000 1.000000 1.000000 1.000000 1.000000 1.000000 1.000000 1.000000 1.000000 
AD_B
0.000000 0.000000 0.000000 0.000000 0.000000 0.000000 0.000000 0.000000 0.000000 0.000000 0.000000 0.000000 0.000000 0.000000 
AD_Ratio      
1.000000 1.000000

ch05
setPointNum   
0 
setPoint      
0 0 0 0 0 0 0 0 0 0 0 0 0 0 0 
checkPointNum 
0 
checkPoint    
0 0 0 0 0 0 0 0 0 0 0 0 0 0 0 
set_ad        
0 0 0 0 0 0 0 0 0 0 0 0 0 0 0 
set_meter     
0 0 0 0 0 0 0 0 0 0 0 0 0 0 0 
check_ad      
0 0 0 0 0 0 0 0 0 0 0 0 0 0 0 
check_meter   
0 0 0 0 0 0 0 0 0 0 0 0 0 0 0 
DA_A          
1.000000 1.000000 1.000000 1.000000 1.000000 1.000000 1.000000 1.000000 1.000000 1.000000 1.000000 1.000000 1.000000 1.000000 
DA_B          
0.000000 0.000000 0.000000 0.000000 0.000000 0.000000 0.000000 0.000000 0.000000 0.000000 0.000000 0.000000 0.000000 0.000000 
AD_A          
1.000000 1.000000 1.000000 1.000000 1.000000 1.000000 1.000000 1.000000 1.000000 1.000000 1.000000 1.000000 1.000000 1.000000 
AD_B
0.000000 0.000000 0.000000 0.000000 0.000000 0.000000 0.000000 0.000000 0.000000 0.000000 0.000000 0.000000 0.000000 0.000000 
AD_Ratio      
1.000000 1.000000

ch06
setPointNum   
0 
setPoint      
0 0 0 0 0 0 0 0 0 0 0 0 0 0 0 
checkPointNum 
0 
checkPoint    
0 0 0 0 0 0 0 0 0 0 0 0 0 0 0 
set_ad        
0 0 0 0 0 0 0 0 0 0 0 0 0 0 0 
set_meter     
0 0 0 0 0 0 0 0 0 0 0 0 0 0 0 
check_ad      
0 0 0 0 0 0 0 0 0 0 0 0 0 0 0 
check_meter   
0 0 0 0 0 0 0 0 0 0 0 0 0 0 0 
DA_A          
1.000000 1.000000 1.000000 1.000000 1.000000 1.000000 1.000000 1.000000 1.000000 1.000000 1.000000 1.000000 1.000000 1.000000 
DA_B          
0.000000 0.000000 0.000000 0.000000 0.000000 0.000000 0.000000 0.000000 0.000000 0.000000 0.000000 0.000000 0.000000 0.000000 
AD_A          
1.000000 1.000000 1.000000 1.000000 1.000000 1.000000 1.000000 1.000000 1.000000 1.000000 1.000000 1.000000 1.000000 1.000000 
AD_B
0.000000 0.000000 0.000000 0.000000 0.000000 0.000000 0.000000 0.000000 0.000000 0.000000 0.000000 0.000000 0.000000 0.000000 
AD_Ratio      
1.000000 1.000000

ch07
setPointNum   
0 
setPoint      
0 0 0 0 0 0 0 0 0 0 0 0 0 0 0 
checkPointNum 
0 
checkPoint    
0 0 0 0 0 0 0 0 0 0 0 0 0 0 0 
set_ad        
0 0 0 0 0 0 0 0 0 0 0 0 0 0 0 
set_meter     
0 0 0 0 0 0 0 0 0 0 0 0 0 0 0 
check_ad      
0 0 0 0 0 0 0 0 0 0 0 0 0 0 0 
check_meter   
0 0 0 0 0 0 0 0 0 0 0 0 0 0 0 
DA_A          
1.000000 1.000000 1.000000 1.000000 1.000000 1.000000 1.000000 1.000000 1.000000 1.000000 1.000000 1.000000 1.000000 1.000000 
DA_B          
0.000000 0.000000 0.000000 0.000000 0.000000 0.000000 0.000000 0.000000 0.000000 0.000000 0.000000 0.000000 0.000000 0.000000 
AD_A          
1.000000 1.000000 1.000000 1.000000 1.000000 1.000000 1.000000 1.000000 1.000000 1.000000 1.000000 1.000000 1.000000 1.000000 
AD_B
0.000000 0.000000 0.000000 0.000000 0.000000 0.000000 0.000000 0.000000 0.000000 0.000000 0.000000 0.000000 0.000000 0.000000 
AD_Ratio      
1.000000 1.000000

ch08
setPointNum   
0 
setPoint      
0 0 0 0 0 0 0 0 0 0 0 0 0 0 0 
checkPointNum 
0 
checkPoint    
0 0 0 0 0 0 0 0 0 0 0 0 0 0 0 
set_ad        
0 0 0 0 0 0 0 0 0 0 0 0 0 0 0 
set_meter     
0 0 0 0 0 0 0 0 0 0 0 0 0 0 0 
check_ad      
0 0 0 0 0 0 0 0 0 0 0 0 0 0 0 
check_meter   
0 0 0 0 0 0 0 0 0 0 0 0 0 0 0 
DA_A          
1.000000 1.000000 1.000000 1.000000 1.000000 1.000000 1.000000 1.000000 1.000000 1.000000 1.000000 1.000000 1.000000 1.000000 
DA_B          
0.000000 0.000000 0.000000 0.000000 0.000000 0.000000 0.000000 0.000000 0.000000 0.000000 0.000000 0.000000 0.000000 0.000000 
AD_A          
1.000000 1.000000 1.000000 1.000000 1.000000 1.000000 1.000000 1.000000 1.000000 1.000000 1.000000 1.000000 1.000000 1.000000 
AD_B
0.000000 0.000000 0.000000 0.000000 0.000000 0.000000 0.000000 0.000000 0.000000 0.000000 0.000000 0.000000 0.000000 0.000000 
AD_Ratio      
1.000000 1.000000

ch09
setPointNum   
0 
setPoint      
0 0 0 0 0 0 0 0 0 0 0 0 0 0 0 
checkPointNum 
0 
checkPoint    
0 0 0 0 0 0 0 0 0 0 0 0 0 0 0 
set_ad        
0 0 0 0 0 0 0 0 0 0 0 0 0 0 0 
set_meter     
0 0 0 0 0 0 0 0 0 0 0 0 0 0 0 
check_ad      
0 0 0 0 0 0 0 0 0 0 0 0 0 0 0 
check_meter   
0 0 0 0 0 0 0 0 0 0 0 0 0 0 0 
DA_A          
1.000000 1.000000 1.000000 1.000000 1.000000 1.000000 1.000000 1.000000 1.000000 1.000000 1.000000 1.000000 1.000000 1.000000 
DA_B          
0.000000 0.000000 0.000000 0.000000 0.000000 0.000000 0.000000 0.000000 0.000000 0.000000 0.000000 0.000000 0.000000 0.000000 
AD_A          
1.000000 1.000000 1.000000 1.000000 1.000000 1.000000 1.000000 1.000000 1.000000 1.000000 1.000000 1.000000 1.000000 1.000000 
AD_B
0.000000 0.000000 0.000000 0.000000 0.000000 0.000000 0.000000 0.000000 0.000000 0.000000 0.000000 0.000000 0.000000 0.000000 
AD_Ratio      
1.000000 1.000000

ch10
setPointNum   
0 
setPoint      
0 0 0 0 0 0 0 0 0 0 0 0 0 0 0 
checkPointNum 
0 
checkPoint    
0 0 0 0 0 0 0 0 0 0 0 0 0 0 0 
set_ad        
0 0 0 0 0 0 0 0 0 0 0 0 0 0 0 
set_meter     
0 0 0 0 0 0 0 0 0 0 0 0 0 0 0 
check_ad      
0 0 0 0 0 0 0 0 0 0 0 0 0 0 0 
check_meter   
0 0 0 0 0 0 0 0 0 0 0 0 0 0 0 
DA_A          
1.000000 1.000000 1.000000 1.000000 1.000000 1.000000 1.000000 1.000000 1.000000 1.000000 1.000000 1.000000 1.000000 1.000000 
DA_B          
0.000000 0.000000 0.000000 0.000000 0.000000 0.000000 0.000000 0.000000 0.000000 0.000000 0.000000 0.000000 0.000000 0.000000 
AD_A          
1.000000 1.000000 1.000000 1.000000 1.000000 1.000000 1.000000 1.000000 1.000000 1.000000 1.000000 1.000000 1.000000 1.000000 
AD_B
0.000000 0.000000 0.000000 0.000000 0.000000 0.000000 0.000000 0.000000 0.000000 0.000000 0.000000 0.000000 0.000000 0.000000 
AD_Ratio      
1.000000 1.000000

ch11
setPointNum   
0 
setPoint      
0 0 0 0 0 0 0 0 0 0 0 0 0 0 0 
checkPointNum 
0 
checkPoint    
0 0 0 0 0 0 0 0 0 0 0 0 0 0 0 
set_ad        
0 0 0 0 0 0 0 0 0 0 0 0 0 0 0 
set_meter     
0 0 0 0 0 0 0 0 0 0 0 0 0 0 0 
check_ad      
0 0 0 0 0 0 0 0 0 0 0 0 0 0 0 
check_meter   
0 0 0 0 0 0 0 0 0 0 0 0 0 0 0 
DA_A          
1.000000 1.000000 1.000000 1.000000 1.000000 1.000000 1.000000 1.000000 1.000000 1.000000 1.000000 1.000000 1.000000 1.000000 
DA_B          
0.000000 0.000000 0.000000 0.000000 0.000000 0.000000 0.000000 0.000000 0.000000 0.000000 0.000000 0.000000 0.000000 0.000000 
AD_A          
1.000000 1.000000 1.000000 1.000000 1.000000 1.000000 1.000000 1.000000 1.000000 1.000000 1.000000 1.000000 1.000000 1.000000 
AD_B
0.000000 0.000000 0.000000 0.000000 0.000000 0.000000 0.000000 0.000000 0.000000 0.000000 0.000000 0.000000 0.000000 0.000000 
AD_Ratio      
1.000000 1.000000

ch12
setPointNum   
0 
setPoint      
0 0 0 0 0 0 0 0 0 0 0 0 0 0 0 
checkPointNum 
0 
checkPoint    
0 0 0 0 0 0 0 0 0 0 0 0 0 0 0 
set_ad        
0 0 0 0 0 0 0 0 0 0 0 0 0 0 0 
set_meter     
0 0 0 0 0 0 0 0 0 0 0 0 0 0 0 
check_ad      
0 0 0 0 0 0 0 0 0 0 0 0 0 0 0 
check_meter   
0 0 0 0 0 0 0 0 0 0 0 0 0 0 0 
DA_A          
1.000000 1.000000 1.000000 1.000000 1.000000 1.000000 1.000000 1.000000 1.000000 1.000000 1.000000 1.000000 1.000000 1.000000 
DA_B          
0.000000 0.000000 0.000000 0.000000 0.000000 0.000000 0.000000 0.000000 0.000000 0.000000 0.000000 0.000000 0.000000 0.000000 
AD_A          
1.000000 1.000000 1.000000 1.000000 1.000000 1.000000 1.000000 1.000000 1.000000 1.000000 1.000000 1.000000 1.000000 1.000000 
AD_B
0.000000 0.000000 0.000000 0.000000 0.000000 0.000000 0.000000 0.000000 0.000000 0.000000 0.000000 0.000000 0.000000 0.000000 
AD_Ratio      
1.000000 1.000000

ch13
setPointNum   
0 
setPoint      
0 0 0 0 0 0 0 0 0 0 0 0 0 0 0 
checkPointNum 
0 
checkPoint    
0 0 0 0 0 0 0 0 0 0 0 0 0 0 0 
set_ad        
0 0 0 0 0 0 0 0 0 0 0 0 0 0 0 
set_meter     
0 0 0 0 0 0 0 0 0 0 0 0 0 0 0 
check_ad      
0 0 0 0 0 0 0 0 0 0 0 0 0 0 0 
check_meter   
0 0 0 0 0 0 0 0 0 0 0 0 0 0 0 
DA_A          
1.000000 1.000000 1.000000 1.000000 1.000000 1.000000 1.000000 1.000000 1.000000 1.000000 1.000000 1.000000 1.000000 1.000000 
DA_B          
0.000000 0.000000 0.000000 0.000000 0.000000 0.000000 0.000000 0.000000 0.000000 0.000000 0.000000 0.000000 0.000000 0.000000 
AD_A          
1.000000 1.000000 1.000000 1.000000 1.000000 1.000000 1.000000 1.000000 1.000000 1.000000 1.000000 1.000000 1.000000 1.000000 
AD_B
0.000000 0.000000 0.000000 0.000000 0.000000 0.000000 0.000000 0.000000 0.000000 0.000000 0.000000 0.000000 0.000000 0.000000 
AD_Ratio      
1.000000 1.000000

ch14
setPointNum   
0 
setPoint      
0 0 0 0 0 0 0 0 0 0 0 0 0 0 0 
checkPointNum 
0 
checkPoint    
0 0 0 0 0 0 0 0 0 0 0 0 0 0 0 
set_ad        
0 0 0 0 0 0 0 0 0 0 0 0 0 0 0 
set_meter     
0 0 0 0 0 0 0 0 0 0 0 0 0 0 0 
check_ad      
0 0 0 0 0 0 0 0 0 0 0 0 0 0 0 
check_meter   
0 0 0 0 0 0 0 0 0 0 0 0 0 0 0 
DA_A          
1.000000 1.000000 1.000000 1.000000 1.000000 1.000000 1.000000 1.000000 1.000000 1.000000 1.000000 1.000000 1.000000 1.000000 
DA_B          
0.000000 0.000000 0.000000 0.000000 0.000000 0.000000 0.000000 0.000000 0.000000 0.000000 0.000000 0.000000 0.000000 0.000000 
AD_A          
1.000000 1.000000 1.000000 1.000000 1.000000 1.000000 1.000000 1.000000 1.000000 1.000000 1.000000 1.000000 1.000000 1.000000 
AD_B
0.000000 0.000000 0.000000 0.000000 0.000000 0.000000 0.000000 0.000000 0.000000 0.000000 0.000000 0.000000 0.000000 0.000000 
AD_Ratio      
1.000000 1.000000

ch15
setPointNum   
0 
setPoint      
0 0 0 0 0 0 0 0 0 0 0 0 0 0 0 
checkPointNum 
0 
checkPoint    
0 0 0 0 0 0 0 0 0 0 0 0 0 0 0 
set_ad        
0 0 0 0 0 0 0 0 0 0 0 0 0 0 0 
set_meter     
0 0 0 0 0 0 0 0 0 0 0 0 0 0 0 
check_ad      
0 0 0 0 0 0 0 0 0 0 0 0 0 0 0 
check_meter   
0 0 0 0 0 0 0 0 0 0 0 0 0 0 0 
DA_A          
1.000000 1.000000 1.000000 1.000000 1.000000 1.000000 1.000000 1.000000 1.000000 1.000000 1.000000 1.000000 1.000000 1.000000 
DA_B          
0.000000 0.000000 0.000000 0.000000 0.000000 0.000000 0.000000 0.000000 0.000000 0.000000 0.000000 0.000000 0.000000 0.000000 
AD_A          
1.000000 1.000000 1.000000 1.000000 1.000000 1.000000 1.000000 1.000000 1.000000 1.000000 1.000000 1.000000 1.000000 1.000000 
AD_B
0.000000 0.000000 0.000000 0.000000 0.000000 0.000000 0.000000 0.000000 0.000000 0.000000 0.000000 0.000000 0.000000 0.000000 
AD_Ratio      
1.000000 1.000000

ch16
setPointNum   
0 
setPoint      
0 0 0 0 0 0 0 0 0 0 0 0 0 0 0 
checkPointNum 
0 
checkPoint    
0 0 0 0 0 0 0 0 0 0 0 0 0 0 0 
set_ad        
0 0 0 0 0 0 0 0 0 0 0 0 0 0 0 
set_meter     
0 0 0 0 0 0 0 0 0 0 0 0 0 0 0 
check_ad      
0 0 0 0 0 0 0 0 0 0 0 0 0 0 0 
check_meter   
0 0 0 0 0 0 0 0 0 0 0 0 0 0 0 
DA_A          
1.000000 1.000000 1.000000 1.000000 1.000000 1.000000 1.000000 1.000000 1.000000 1.000000 1.000000 1.000000 1.000000 1.000000 
DA_B          
0.000000 0.000000 0.000000 0.000000 0.000000 0.000000 0.000000 0.000000 0.000000 0.000000 0.000000 0.000000 0.000000 0.000000 
AD_A          
1.000000 1.000000 1.000000 1.000000 1.000000 1.000000 1.000000 1.000000 1.000000 1.000000 1.000000 1.000000 1.000000 1.000000 
AD_B
0.000000 0.000000 0.000000 0.000000 0.000000 0.000000 0.000000 0.000000 0.000000 0.000000 0.000000 0.000000 0.000000 0.000000 
AD_Ratio      
1.000000 1.000000

current
range1
ch01
setPointNum   
11 
setPoint      
-10000000 -8000000 -6000000 -4000000 -2000000 0 2000000 4000000 6000000 8000000 10000000 0 0 0 0 
checkPointNum 
11 
checkPoint    
-10000000 -8000000 -6000000 -4000000 -2000000 0 2000000 4000000 6000000 8000000 10000000 0 0 0 0 
set_ad        
-10043652 -8037704 -6032406 -4027138 -2020322 394 1990684 3997109 6003360 8009368 10016467 0 0 0 0 
set_meter     
-10021510 -8019920 -6018510 -4017300 -2016000 0 1986140 3987640 5989220 7990740 9992480 0 0 0 0 
check_ad      
-9999815 -8000393 -6000088 -3999038 -2000105 148 1999833 3999903 5999820 8000081 9999137 0 0 0 0 
check_meter   
-10000300 -8000170 -6000220 -3999960 -2000390 -10 1999800 4000190 5999890 8000040 9999700 0 0 0 0 
DA_A          
0.999206 0.999295 0.999395 0.999350 0.992063 1.006978 0.999251 0.999211 0.999241 0.999131 0.000000 0.000000 0.000000 0.000000 
DA_B          
13549.228516 14269.939453 14871.002930 14690.451172 0.000000 0.000000 15348.488281 15507.749023 15328.350586 16205.900391 0.000000 0.000000 0.000000 0.000000 
AD_A          
0.997827 0.998061 0.997976 0.997251 0.997666 0.997915 0.997545 0.997672 0.997763 0.997330 0.000000 0.000000 0.000000 0.000000 
AD_B
321.775635 2199.985596 1688.403076 -1231.123047 -393.080475 -393.178467 342.361908 -162.838333 -708.807434 2757.194824 0.000000 0.000000 0.000000 0.000000 
AD_Ratio      
1.000000 1.000000

ch02
setPointNum   
11 
setPoint      
-10000000 -8000000 -6000000 -4000000 -2000000 0 2000000 4000000 6000000 8000000 10000000 0 0 0 0 
checkPointNum 
11 
checkPoint    
-10000000 -8000000 -6000000 -4000000 -2000000 0 2000000 4000000 6000000 8000000 10000000 0 0 0 0 
set_ad        
-10040554 -8037871 -6034152 -4031704 -2027396 -1328 1979105 3983027 5987044 7990364 9994451 0 0 0 0 
set_meter     
-10014300 -8015810 -6017060 -4018960 -2020400 0 1975450 3974030 5972180 7970800 9969310 0 0 0 0 
check_ad      
-10000508 -7999740 -6000306 -3998837 -2000382 159 2000554 4000228 6000097 8000424 9999948 0 0 0 0 
check_meter   
-10000030 -8000070 -6000330 -3999670 -2000290 -40 2000180 3999980 6000280 8000240 10000090 0 0 0 0 
DA_A          
1.000756 1.000625 1.000951 1.000721 0.989903 1.012428 1.000710 1.000926 1.000690 1.000746 0.000000 0.000000 0.000000 0.000000 
DA_B          
21866.509766 20823.013672 22781.642578 21855.736328 0.000000 0.000000 23146.433594 22290.619141 23696.349609 23257.326172 0.000000 0.000000 0.000000 0.000000 
AD_A          
0.997906 0.997520 0.997829 0.997132 0.997202 0.997484 0.997334 0.997072 0.997654 0.997217 0.000000 0.000000 0.000000 0.000000 
AD_B
5232.179199 2127.974854 3989.790771 1181.787720 1324.284912 1324.658569 1620.843506 2663.789062 -817.763367 2671.691406 0.000000 0.000000 0.000000 0.000000 
AD_Ratio      
1.000000 1.000000

ch03
setPointNum   
11 
setPoint      
-10000000 -8000000 -6000000 -4000000 -2000000 0 2000000 4000000 6000000 8000000 10000000 0 0 0 0 
checkPointNum 
11 
checkPoint    
-10000000 -8000000 -6000000 -4000000 -2000000 0 2000000 4000000 6000000 8000000 10000000 0 0 0 0 
set_ad        
-10048883 -8042869 -6037372 -4032032 -2026164 72 1985197 3990738 5996839 8003387 10009155 0 0 0 0 
set_meter     
-10020740 -8020450 -6020210 -4020200 -2019980 -20 1979680 3980130 5980170 7980340 9980890 0 0 0 0 
check_ad      
-9999800 -8000797 -6000642 -4000677 -2000078 130 1999398 3999804 6000360 7999579 10000438 0 0 0 0 
check_meter   
-10000380 -8000160 -6000360 -4000410 -2000420 0 1999870 3999660 5999740 7999990 9999760 0 0 0 0 
DA_A          
0.999855 0.999880 0.999995 0.999890 0.990119 1.010254 0.999775 0.999980 0.999915 0.999725 0.000000 0.000000 0.000000 0.000000 
DA_B          
19287.203125 19487.662109 20179.898438 19757.826172 19.802372 20.205082 20765.328125 19949.601562 20338.271484 21853.990234 0.000000 0.000000 0.000000 0.000000 
AD_A          
0.997147 0.997379 0.997342 0.997184 0.996903 0.997267 0.997462 0.996979 0.996821 0.997398 0.000000 0.000000 0.000000 0.000000 
AD_B
-530.681396 1336.264771 1115.248413 478.851776 -91.776993 -91.803238 -477.642578 1449.151123 2392.512207 -2226.210449 0.000000 0.000000 0.000000 0.000000 
AD_Ratio      
1.000000 1.000000

ch04
setPointNum   
11 
setPoint      
-10000000 -8000000 -6000000 -4000000 -2000000 0 2000000 4000000 6000000 8000000 10000000 0 0 0 0 
checkPointNum 
11 
checkPoint    
-10000000 -8000000 -6000000 -4000000 -2000000 0 2000000 4000000 6000000 8000000 10000000 0 0 0 0 
set_ad        
-10006448 -8009646 -6013430 -4015426 -2019036 -808 1973900 3972348 5969848 7966842 9963853 0 0 0 0 
set_meter     
-9980650 -7988420 -5996450 -4004240 -2012180 -20 1971260 3963280 5955630 7947580 9939930 0 0 0 0 
check_ad      
-9999556 -7999680 -5999827 -4000407 -1999687 -44 2001188 3999956 5999992 7999455 10000839 0 0 0 0 
check_meter   
-10000190 -8000210 -6000170 -3999920 -2000220 -10 1999770 3999800 5999920 7999910 9999440 0 0 0 0 
DA_A          
1.003900 1.004031 1.003910 1.003986 0.993957 1.014569 1.004006 1.003840 1.004041 1.003840 0.000000 0.000000 0.000000 0.000000 
DA_B          
19576.052734 20622.800781 19897.500000 20200.195312 19.879135 20.291384 20843.164062 21502.246094 20301.714844 21903.781250 0.000000 0.000000 0.000000 0.000000 
AD_A          
0.997710 0.997873 0.997100 0.997831 0.996993 0.998264 0.996783 0.997422 0.997474 0.997666 0.000000 0.000000 0.000000 0.000000 
AD_B
2886.624512 4189.288086 -458.310150 2476.882812 785.570679 786.597351 3709.041504 1173.598145 860.619812 -667.485229 0.000000 0.000000 0.000000 0.000000 
AD_Ratio      
1.000000 1.000000

ch05
setPointNum   
11 
setPoint      
-10000000 -8000000 -6000000 -4000000 -2000000 0 2000000 4000000 6000000 8000000 10000000 0 0 0 0 
checkPointNum 
11 
checkPoint    
-10000000 -8000000 -6000000 -4000000 -2000000 0 2000000 4000000 6000000 8000000 10000000 0 0 0 0 
set_ad        
-10057577 -8052289 -6046317 -4041716 -2036081 277 1974009 3981546 5986800 7993009 9999630 0 0 0 0 
set_meter     
-10033390 -8032520 -6031890 -4031340 -2030620 -50 1969840 3970800 5971440 7972100 9973110 0 0 0 0 
check_ad      
-9999993 -8000390 -6000568 -3999765 -1999988 117 2000928 4000087 6000995 8000615 10000349 0 0 0 0 
check_meter   
-10000110 -8000130 -6000210 -3999920 -2000540 20 2000090 4000020 5999890 8000040 10000280 0 0 0 0 
DA_A          
0.999565 0.999685 0.999725 0.999640 0.984945 1.015285 0.999520 0.999680 0.999670 0.999495 0.000000 0.000000 0.000000 0.000000 
DA_B          
29027.373047 29990.552734 30231.685547 29889.240234 49.247257 50.764256 31105.070312 30470.250000 30529.925781 31923.878906 0.000000 0.000000 0.000000 0.000000 
AD_A          
0.997797 0.997337 0.997979 0.997549 0.997158 0.998053 0.996724 0.997699 0.997234 0.997204 0.000000 0.000000 0.000000 0.000000 
AD_B
2028.399780 -1674.633179 2208.293945 471.389160 -326.212677 -326.460815 2298.157227 -1584.640259 1198.969238 1441.395752 0.000000 0.000000 0.000000 0.000000 
AD_Ratio      
1.000000 1.000000

ch06
setPointNum   
11 
setPoint      
-10000000 -8000000 -6000000 -4000000 -2000000 0 2000000 4000000 6000000 8000000 10000000 0 0 0 0 
checkPointNum 
11 
checkPoint    
-10000000 -8000000 -6000000 -4000000 -2000000 0 2000000 4000000 6000000 8000000 10000000 0 0 0 0 
set_ad        
-10012981 -8018419 -6024364 -4029958 -2034270 -429 1955072 3950294 5945260 7940811 9936537 0 0 0 0 
set_meter     
-9987780 -7997910 -6007820 -4018240 -2028320 -40 1950650 3940510 5930320 7920370 9910170 0 0 0 0 
check_ad      
-9999550 -7999694 -5999202 -3999258 -2000908 124 2000370 3999594 6000362 8000518 9999820 0 0 0 0 
check_meter   
-9999860 -7999850 -6000300 -3999870 -2000710 -10 2000110 3999930 6000030 7999790 10000090 0 0 0 0 
DA_A          
1.005091 1.004980 1.005237 1.005066 0.986057 1.025278 1.005096 1.005121 1.005000 1.005126 0.000000 0.000000 0.000000 0.000000 
DA_B          
38625.640625 37736.988281 39284.671875 38594.515625 39.442287 41.011131 39409.808594 39310.285156 40029.144531 39029.046875 0.000000 0.000000 0.000000 0.000000 
AD_A          
0.997648 0.998012 0.997580 0.997110 0.997266 0.997540 0.997313 0.997415 0.997243 0.997031 0.000000 0.000000 0.000000 0.000000 
AD_B
1646.501953 4565.090820 1966.436279 70.489098 387.827026 387.944550 832.100098 425.555389 1448.894775 3138.011230 0.000000 0.000000 0.000000 0.000000 
AD_Ratio      
1.000000 1.000000

ch07
setPointNum   
11 
setPoint      
-10000000 -8000000 -6000000 -4000000 -2000000 0 2000000 4000000 6000000 8000000 10000000 0 0 0 0 
checkPointNum 
11 
checkPoint    
-10000000 -8000000 -6000000 -4000000 -2000000 0 2000000 4000000 6000000 8000000 10000000 0 0 0 0 
set_ad        
-10101552 -8094285 -6086333 -4078896 -2070517 770 1944795 3953315 5960885 7969992 9977547 0 0 0 0 
set_meter     
-10080310 -8076910 -6073190 -4070110 -2066620 -10 1939430 3943160 5946200 7949690 9953500 0 0 0 0 
check_ad      
-9999349 -8000137 -6000433 -3999495 -2002545 177 1999941 4000092 6000706 8000499 10000730 0 0 0 0 
check_meter   
-9999980 -7999790 -6000390 -3999780 -2002060 10 1999910 3999760 6000220 8000430 10000110 0 0 0 0 
DA_A          
0.998303 0.998143 0.998462 0.998258 0.967768 1.031226 0.998138 0.998482 0.998258 0.998099 0.000000 0.000000 0.000000 0.000000 
DA_B          
63202.554688 61914.839844 63851.667969 63020.031250 9.677685 10.312255 64180.304688 62824.507812 64158.042969 65425.363281 0.000000 0.000000 0.000000 0.000000 
AD_A          
0.998074 0.997892 0.997830 0.997566 0.997742 0.997642 0.997615 0.997744 0.997204 0.998135 0.000000 0.000000 0.000000 0.000000 
AD_B
1781.359497 315.322205 -66.955223 -1143.262573 -778.261353 -778.183960 -726.973938 -1234.505615 1980.260254 -5434.352539 0.000000 0.000000 0.000000 0.000000 
AD_Ratio      
1.000000 1.000000

ch08
setPointNum   
11 
setPoint      
-10000000 -8000000 -6000000 -4000000 -2000000 0 2000000 4000000 6000000 8000000 10000000 0 0 0 0 
checkPointNum 
11 
checkPoint    
-10000000 -8000000 -6000000 -4000000 -2000000 0 2000000 4000000 6000000 8000000 10000000 0 0 0 0 
set_ad        
-10046868 -8044720 -6041545 -4039731 -2036293 -11 1968358 3971316 5974455 7978182 9981300 0 0 0 0 
set_meter     
-10016040 -8019400 -6022840 -4026670 -2030240 -60 1962030 3958710 5955120 7951680 9948330 0 0 0 0 
check_ad      
-10000173 -7999893 -6000356 -3999354 -2000716 116 1999833 4000401 6000448 7999812 10000032 0 0 0 0 
check_meter   
-9999920 -8000020 -5999890 -3999800 -2000310 -50 2000000 3999960 5999960 8000040 10000070 0 0 0 0 
DA_A          
1.001683 1.001723 1.001919 1.001788 0.985134 1.019321 1.001663 1.001798 1.001723 1.001678 0.000000 0.000000 0.000000 0.000000 
DA_B          
32895.265625 33217.132812 34395.867188 33870.457031 59.108059 61.159275 34707.613281 34171.335938 34619.546875 34978.589844 0.000000 0.000000 0.000000 0.000000 
AD_A          
0.997249 0.996698 0.997181 0.996502 0.997003 0.996810 0.996866 0.996641 0.996423 0.996771 0.000000 0.000000 0.000000 0.000000 
AD_B
3188.610352 -1245.738281 1671.209717 -1069.926392 -49.032963 -49.035088 -158.449005 734.554688 2034.637207 -740.721252 0.000000 0.000000 0.000000 0.000000 
AD_Ratio      
1.000000 1.000000

ch09
setPointNum   
11 
setPoint      
-10000000 -8000000 -6000000 -4000000 -2000000 0 2000000 4000000 6000000 8000000 10000000 0 0 0 0 
checkPointNum 
11 
checkPoint    
-10000000 -8000000 -6000000 -4000000 -2000000 0 2000000 4000000 6000000 8000000 10000000 0 0 0 0 
set_ad        
-10063620 -8055220 -6046759 -4038712 -2030233 -241 1987019 3996304 6005154 8014431 10022913 0 0 0 0 
set_meter     
-10041230 -8037140 -6033000 -4029130 -2025110 30 1982310 3986340 5990290 7994440 9998710 0 0 0 0 
check_ad      
-10000014 -8000186 -6000790 -4000249 -2000146 202 1999953 3999910 6000488 8000151 10000792 0 0 0 0 
check_meter   
-9999960 -8000010 -6000150 -4000080 -2000390 0 1999890 3999840 6000090 8000110 10000040 0 0 0 0 
DA_A          
0.997959 0.997934 0.998069 0.997994 0.987586 1.008939 0.997989 0.998029 0.997929 0.997870 0.000000 0.000000 0.000000 0.000000 
DA_B          
20737.591797 20537.488281 21348.689453 21047.693359 -29.627581 -30.268175 21676.322266 21517.503906 22114.113281 22591.765625 0.000000 0.000000 0.000000 0.000000 
AD_A          
0.997854 0.997849 0.997920 0.997780 0.997610 0.997494 0.997385 0.997561 0.997448 0.997903 0.000000 0.000000 0.000000 0.000000 
AD_B
793.603760 750.011719 1180.951660 615.704224 270.423981 270.396057 487.766449 -216.189270 459.135925 -3183.887207 0.000000 0.000000 0.000000 0.000000 
AD_Ratio      
1.000000 1.000000

ch10
setPointNum   
11 
setPoint      
-10000000 -8000000 -6000000 -4000000 -2000000 0 2000000 4000000 6000000 8000000 10000000 0 0 0 0 
checkPointNum 
11 
checkPoint    
-10000000 -8000000 -6000000 -4000000 -2000000 0 2000000 4000000 6000000 8000000 10000000 0 0 0 0 
set_ad        
-10003037 -8005039 -6007013 -4009365 -2011118 -843 1984535 3983940 5982214 7980850 9979543 0 0 0 0 
set_meter     
-9980110 -7986320 -5992530 -3999030 -2005350 0 1981050 3974930 5968450 7962090 9956100 0 0 0 0 
check_ad      
-10000163 -7999560 -5999998 -3999430 -2000048 108 2000161 3999995 6000078 8000438 10000000 0 0 0 0 
check_meter   
-10000140 -8000170 -6000340 -4000120 -1999970 0 2000300 4000210 6000150 8000070 10000130 0 0 0 0 
DA_A          
1.003115 1.003115 1.003261 1.003170 0.997332 1.009566 1.003069 1.003250 1.003190 1.003004 0.000000 0.000000 0.000000 0.000000 
DA_B          
11194.759766 11194.759766 12069.224609 11706.994141 0.000000 0.000000 12869.379883 12149.364258 12509.781250 13991.905273 0.000000 0.000000 0.000000 0.000000 
AD_A          
0.997894 0.997880 0.997924 0.997715 0.997550 0.997820 0.997237 0.997621 0.997500 0.997657 0.000000 0.000000 0.000000 0.000000 
AD_B
1859.521606 1747.576660 2009.786499 1171.583252 840.934692 841.162292 1998.909424 468.004913 1189.769043 -60.619678 0.000000 0.000000 0.000000 0.000000 
AD_Ratio      
1.000000 1.000000

ch11
setPointNum   
11 
setPoint      
-10000000 -8000000 -6000000 -4000000 -2000000 0 2000000 4000000 6000000 8000000 10000000 0 0 0 0 
checkPointNum 
11 
checkPoint    
-10000000 -8000000 -6000000 -4000000 -2000000 0 2000000 4000000 6000000 8000000 10000000 0 0 0 0 
set_ad        
-10055981 -8051916 -6048362 -4044796 -2041745 303 1964944 3969292 5973566 7976857 9981457 0 0 0 0 
set_meter     
-10031380 -8032370 -6033720 -4035030 -2036410 40 1960160 3958970 5957800 7956520 9955660 0 0 0 0 
check_ad      
-9998656 -8000325 -6000302 -4000262 -2000654 -39 2000206 3999472 6000122 8000758 10000608 0 0 0 0 
check_meter   
-10000150 -8000530 -6000090 -3999910 -2000980 -50 2000380 4000160 6000240 8000330 9999970 0 0 0 0 
DA_A          
1.000495 1.000675 1.000655 1.000690 0.982101 1.020346 1.000595 1.000585 1.000640 1.000430 0.000000 0.000000 0.000000 0.000000 
DA_B          
36347.992188 37795.511719 37674.675781 37816.093750 -39.284050 -40.813828 38673.011719 38712.648438 38384.566406 40057.222656 0.000000 0.000000 0.000000 0.000000 
AD_A          
0.997478 0.997552 0.997566 0.997788 0.997259 0.997699 0.997237 0.997284 0.997718 0.997276 0.000000 0.000000 0.000000 0.000000 
AD_B
-763.937744 -162.276428 -77.661400 818.403992 -262.169373 -262.302734 645.127014 459.373016 -2135.843262 1389.847900 0.000000 0.000000 0.000000 0.000000 
AD_Ratio      
1.000000 1.000000

ch12
setPointNum   
11 
setPoint      
-10000000 -8000000 -6000000 -4000000 -2000000 0 2000000 4000000 6000000 8000000 10000000 0 0 0 0 
checkPointNum 
11 
checkPoint    
-10000000 -8000000 -6000000 -4000000 -2000000 0 2000000 4000000 6000000 8000000 10000000 0 0 0 0 
set_ad        
-10028187 -8031213 -6034240 -4038213 -2040721 -557 1951868 3949636 5946364 7941813 9941032 0 0 0 0 
set_meter     
-10004090 -8011830 -6019510 -4027630 -2035390 -20 1948080 3940340 5932330 7924740 9917160 0 0 0 0 
check_ad      
-9999798 -8000403 -6000250 -3999530 -2001254 -36 2000593 3998737 6000922 8002372 9999971 0 0 0 0 
check_meter   
-9999890 -8000150 -6000190 -3999810 -2000880 -10 2000030 4000030 6000380 8000110 10000080 0 0 0 0 
DA_A          
1.003885 1.003855 1.004077 1.003895 0.982622 1.026641 1.003885 1.004021 1.003809 1.003804 0.000000 0.000000 0.000000 0.000000 
DA_B          
42956.242188 42714.023438 44048.839844 43318.074219 19.652447 20.532827 44351.640625 43815.480469 45071.042969 45110.968750 0.000000 0.000000 0.000000 0.000000 
AD_A          
0.997639 0.997670 0.997922 0.997371 0.997650 0.997785 0.997243 0.997627 0.998477 0.996599 0.000000 0.000000 0.000000 0.000000 
AD_B
424.747131 670.060913 2193.098877 -34.661884 535.691162 535.766113 1593.450195 76.020309 -4977.892578 9935.740234 0.000000 0.000000 0.000000 0.000000 
AD_Ratio      
1.000000 1.000000

ch13
setPointNum   
11 
setPoint      
-10000000 -8000000 -6000000 -4000000 -2000000 0 2000000 4000000 6000000 8000000 10000000 0 0 0 0 
checkPointNum 
11 
checkPoint    
-10000000 -8000000 -6000000 -4000000 -2000000 0 2000000 4000000 6000000 8000000 10000000 0 0 0 0 
set_ad        
-10045889 -8044247 -6041735 -4040426 -2038015 506 1965826 3968885 5971184 7974249 9975355 0 0 0 0 
set_meter     
-10015670 -8019600 -6023480 -4027660 -2031690 -40 1959430 3955490 5951450 7947540 9943770 0 0 0 0 
check_ad      
-9999671 -8000201 -6000057 -3999130 -2000078 275 1999912 4000168 6000969 8000598 10001592 0 0 0 0 
check_meter   
-10000070 -8000070 -6000210 -3999890 -2000560 0 2000130 3999970 6000080 8000110 9999750 0 0 0 0 
DA_A          
1.001969 1.001944 1.002094 1.002019 0.984422 1.020684 1.001974 1.002024 1.001959 1.001889 0.000000 0.000000 0.000000 0.000000 
DA_B          
35389.539062 35188.265625 36095.441406 35792.121094 39.376862 40.827366 36702.304688 36503.738281 36892.125000 37450.593750 0.000000 0.000000 0.000000 0.000000 
AD_A          
0.997216 0.996808 0.997257 0.996783 0.996629 0.997023 0.996506 0.996834 0.996518 0.997563 0.000000 0.000000 0.000000 0.000000 
AD_B
2254.112305 -1030.162842 1684.303833 -230.524628 -544.294495 -544.493835 472.902100 -830.062378 1058.639526 -7278.525879 0.000000 0.000000 0.000000 0.000000 
AD_Ratio      
1.000000 1.000000

ch14
setPointNum   
11 
setPoint      
-10000000 -8000000 -6000000 -4000000 -2000000 0 2000000 4000000 6000000 8000000 10000000 0 0 0 0 
checkPointNum 
11 
checkPoint    
-10000000 -8000000 -6000000 -4000000 -2000000 0 2000000 4000000 6000000 8000000 10000000 0 0 0 0 
set_ad        
-10028816 -8029559 -6029449 -4030452 -2031022 -610 1967944 3968959 5968785 7968539 9968633 0 0 0 0 
set_meter     
-10004540 -8009610 -6014680 -4020110 -2025140 10 1964140 3959090 5953740 7948860 9943850 0 0 0 0 
check_ad      
-10000101 -7999655 -6000809 -4000203 -2000131 223 1999878 3999620 5999232 8000318 9999907 0 0 0 0 
check_meter   
-10000160 -8000070 -6000420 -3999910 -2000300 0 1999700 3999840 6000200 8000100 9999830 0 0 0 0 
DA_A          
1.002541 1.002541 1.002722 1.002521 0.987581 1.018263 1.002531 1.002682 1.002446 1.002511 0.000000 0.000000 0.000000 0.000000 
DA_B          
29965.962891 29965.962891 31054.312500 30246.068359 -9.875812 -10.182626 30887.992188 30291.029297 31697.341797 31178.101562 0.000000 0.000000 0.000000 0.000000 
AD_A          
0.997836 0.997410 0.997785 0.997769 0.997408 0.997753 0.996969 0.997412 0.997683 0.997448 0.000000 0.000000 0.000000 0.000000 
AD_B
2570.593018 -846.414062 1416.118164 1351.529785 618.419128 618.629150 2160.763184 403.559601 -1213.623901 655.755798 0.000000 0.000000 0.000000 0.000000 
AD_Ratio      
1.000000 1.000000

ch15
setPointNum   
11 
setPoint      
-10000000 -8000000 -6000000 -4000000 -2000000 0 2000000 4000000 6000000 8000000 10000000 0 0 0 0 
checkPointNum 
11 
checkPoint    
-10000000 -8000000 -6000000 -4000000 -2000000 0 2000000 4000000 6000000 8000000 10000000 0 0 0 0 
set_ad        
-10030994 -8024581 -6017057 -4011067 -2003617 593 2009694 4017067 6024455 8031927 10038977 0 0 0 0 
set_meter     
-10003870 -8002370 -6000930 -3999700 -1998320 -40 2003620 4005360 6006630 8008070 10009640 0 0 0 0 
check_ad      
-9999659 -7999514 -6000605 -3999534 -2000030 110 2000024 4000428 6000263 8000016 10000556 0 0 0 0 
check_meter   
-10000000 -7999950 -6000350 -4000160 -2000140 0 1999780 3999720 5999930 7999860 9999900 0 0 0 0 
DA_A          
0.999251 0.999281 0.999385 0.999310 1.000861 0.998173 0.999131 0.999365 0.999281 0.999216 0.000000 0.000000 0.000000 0.000000 
DA_B          
-3627.279541 -3387.561035 -2758.303711 -3057.890137 40.034431 39.926933 -1878.365845 -2818.210449 -2308.337891 -1788.595947 0.000000 0.000000 0.000000 0.000000 
AD_A          
0.997551 0.996969 0.997627 0.996976 0.997041 0.997292 0.997194 0.996952 0.996995 0.997270 0.000000 0.000000 0.000000 0.000000 
AD_B
2561.622559 -2108.286133 1849.166504 -761.410034 -631.245422 -631.394043 -434.486908 535.982361 277.126740 -1926.823853 0.000000 0.000000 0.000000 0.000000 
AD_Ratio      
1.000000 1.000000

ch16
setPointNum   
11 
setPoint      
-10000000 -8000000 -6000000 -4000000 -2000000 0 2000000 4000000 6000000 8000000 10000000 0 0 0 0 
checkPointNum 
11 
checkPoint    
-10000000 -8000000 -6000000 -4000000 -2000000 0 2000000 4000000 6000000 8000000 10000000 0 0 0 0 
set_ad        
-10031346 -8026124 -6019463 -4013738 -2007595 422 2004226 4011282 6017487 8024533 10031297 0 0 0 0 
set_meter     
-10009980 -8008130 -6006450 -4004940 -2003250 0 1999150 4001140 6002720 8004490 10006640 0 0 0 0 
check_ad      
-10000398 -7999424 -5999458 -3999981 -1999813 538 2000092 3999242 6000605 8000049 9999550 0 0 0 0 
check_meter   
-10000330 -8000420 -6000240 -4000020 -2000160 -20 1999910 3999430 5999830 7999980 9999510 0 0 0 0 
DA_A          
0.999076 0.999161 0.999246 0.999156 0.998378 1.000425 0.999006 0.999211 0.999116 0.998926 0.000000 0.000000 0.000000 0.000000 
DA_B          
729.325378 1408.816650 1918.551514 1558.682861 0.000000 0.000000 2837.177002 2018.405518 2587.709961 4105.586426 0.000000 0.000000 0.000000 0.000000 
AD_A          
0.998318 0.997518 0.997899 0.997780 0.997626 0.997677 0.997476 0.997695 0.997371 0.997701 0.000000 0.000000 0.000000 0.000000 
AD_B
4497.195312 -1928.709229 363.191803 -111.222977 -420.998169 -421.019867 -17.143188 -894.600403 1051.402466 -1592.800903 0.000000 0.000000 0.000000 0.000000 
AD_Ratio      
1.000000 1.000000

range2
ch01
setPointNum   
11 
setPoint      
-1000000 -800000 -600000 -400000 -200000 0 200000 400000 600000 800000 1000000 0 0 0 0 
checkPointNum 
11 
checkPoint    
-1000000 -800000 -600000 -400000 -200000 0 200000 400000 600000 800000 1000000 0 0 0 0 
set_ad        
-998105 -797546 -596931 -396429 -195806 6241 205382 405990 606555 807165 1007890 0 0 0 0 
set_meter     
-1001460 -801400 -601340 -401420 -201320 -40 198540 398580 598540 798500 998580 0 0 0 0 
check_ad      
-1000014 -800128 -600090 -400033 -200124 -74 200009 400045 600141 800074 999944 0 0 0 0 
check_meter   
-999940 -799970 -600120 -399930 -200080 30 200020 399970 599960 800010 999910 0 0 0 0 
DA_A          
0.999700 0.999700 1.000400 0.999500 0.993641 1.007151 0.999800 1.000200 1.000200 0.999600 0.000000 0.000000 0.000000 0.000000 
DA_B          
1159.652100 1159.652100 1580.632202 1219.390259 39.745628 40.286030 1499.700073 1340.268066 1340.268066 1819.272339 0.000000 0.000000 0.000000 0.000000 
AD_A          
0.997512 0.997234 0.997097 0.997393 0.996204 0.997183 0.997169 0.996984 0.996760 0.996787 0.000000 0.000000 0.000000 0.000000 
AD_B
-5838.331055 -6060.405273 -6141.720215 -6024.442871 -6257.308105 -6263.418457 -6260.482910 -6185.339844 -6049.690430 -6071.294922 0.000000 0.000000 0.000000 0.000000 
AD_Ratio      
1.000000 1.000000

ch02
setPointNum   
11 
setPoint      
-1000000 -800000 -600000 -400000 -200000 0 200000 400000 600000 800000 1000000 0 0 0 0 
checkPointNum 
11 
checkPoint    
-1000000 -800000 -600000 -400000 -200000 0 200000 400000 600000 800000 1000000 0 0 0 0 
set_ad        
-997775 -797412 -597026 -396758 -196386 6309 204381 404810 605154 805541 1005976 0 0 0 0 
set_meter     
-1000830 -801180 -601440 -401720 -202030 0 197320 397080 596810 796530 996240 0 0 0 0 
check_ad      
-999916 -800040 -600034 -399940 -200047 47 200115 400003 599962 800043 999960 0 0 0 0 
check_meter   
-1000080 -799980 -599950 -399980 -199960 20 200040 400000 599990 799980 1000030 0 0 0 0 
DA_A          
1.001753 1.001302 1.001402 1.001552 0.989952 1.013582 1.001201 1.001352 1.001402 1.001452 0.000000 0.000000 0.000000 0.000000 
DA_B          
2584.522949 2222.889648 2283.196533 2343.632568 0.000000 0.000000 2442.931396 2383.217285 2353.294678 2313.354248 0.000000 0.000000 0.000000 0.000000 
AD_A          
0.996441 0.996776 0.997264 0.996596 0.996719 0.996203 0.996662 0.996935 0.996671 0.996383 0.000000 0.000000 0.000000 0.000000 
AD_B
-6605.623535 -6338.679199 -6047.662109 -6312.433105 -6288.301270 -6285.047363 -6378.809082 -6489.367188 -6329.708984 -6097.251465 0.000000 0.000000 0.000000 0.000000 
AD_Ratio      
1.000000 1.000000

ch03
setPointNum   
11 
setPoint      
-1000000 -800000 -600000 -400000 -200000 0 200000 400000 600000 800000 1000000 0 0 0 0 
checkPointNum 
11 
checkPoint    
-1000000 -800000 -600000 -400000 -200000 0 200000 400000 600000 800000 1000000 0 0 0 0 
set_ad        
-998550 -798081 -597406 -396849 -196396 6417 204954 405493 606189 806736 1007426 0 0 0 0 
set_meter     
-1001540 -801640 -601710 -401770 -201790 -60 197950 397910 597830 797790 997820 0 0 0 0 
check_ad      
-1000008 -799890 -599917 -400029 -199833 -147 199956 399977 599943 800005 999987 0 0 0 0 
check_meter   
-1000060 -799980 -599950 -400000 -200020 0 200070 399990 600030 800030 999940 0 0 0 0 
DA_A          
1.000500 1.000350 1.000300 1.000100 0.991424 1.010050 1.000200 1.000400 1.000200 0.999850 0.000000 0.000000 0.000000 0.000000 
DA_B          
2041.020508 1920.672241 1890.567139 1810.181030 59.485451 60.603001 2010.402100 1930.772339 2050.410156 2329.650635 0.000000 0.000000 0.000000 0.000000 
AD_A          
0.997162 0.996288 0.996924 0.997640 0.994660 0.997346 0.997113 0.996133 0.997073 0.996711 0.000000 0.000000 0.000000 0.000000 
AD_B
-5824.228516 -6521.852051 -6141.878906 -5857.426758 -6442.733887 -6459.966797 -6412.252930 -6015.143066 -6584.687988 -6292.924316 0.000000 0.000000 0.000000 0.000000 
AD_Ratio      
1.000000 1.000000

ch04
setPointNum   
11 
setPoint      
-1000000 -800000 -600000 -400000 -200000 0 200000 400000 600000 800000 1000000 0 0 0 0 
checkPointNum 
11 
checkPoint    
-1000000 -800000 -600000 -400000 -200000 0 200000 400000 600000 800000 1000000 0 0 0 0 
set_ad        
-994278 -794601 -594968 -395154 -195502 6332 204070 403606 603436 803265 1002995 0 0 0 0 
set_meter     
-997340 -798280 -599190 -400110 -201030 -60 196990 396090 595080 794180 993250 0 0 0 0 
check_ad      
-999982 -800040 -599973 -400019 -199927 -84 199921 400143 600058 799962 999880 0 0 0 0 
check_meter   
-999980 -799970 -600010 -400020 -200020 50 200040 399970 600100 800010 1000010 0 0 0 0 
DA_A          
1.004722 1.004571 1.004621 1.004621 0.995173 1.014971 1.004520 1.005076 1.004520 1.004672 0.000000 0.000000 0.000000 0.000000 
DA_B          
2049.633301 1928.775879 1959.011475 1959.011475 59.710403 60.898251 2119.537842 1899.592896 2230.035156 2109.810547 0.000000 0.000000 0.000000 0.000000 
AD_A          
0.996910 0.997280 0.996327 0.997135 0.995719 0.996521 0.997815 0.995796 0.996352 0.996696 0.000000 0.000000 0.000000 0.000000 
AD_B
-6134.309570 -5840.307617 -6407.564941 -6088.110352 -6364.894531 -6369.968750 -6634.092773 -5819.412598 -6154.593750 -6430.642090 0.000000 0.000000 0.000000 0.000000 
AD_Ratio      
1.000000 1.000000

ch05
setPointNum   
11 
setPoint      
-1000000 -800000 -600000 -400000 -200000 0 200000 400000 600000 800000 1000000 0 0 0 0 
checkPointNum 
11 
checkPoint    
-1000000 -800000 -600000 -400000 -200000 0 200000 400000 600000 800000 1000000 0 0 0 0 
set_ad        
-999269 -798776 -598147 -397712 -197139 6463 203985 404762 605283 805959 1006526 0 0 0 0 
set_meter     
-1003050 -802970 -602900 -403010 -202930 0 196980 396970 596980 797020 996990 0 0 0 0 
check_ad      
-1000013 -800070 -600106 -400055 -199922 -100 200104 399909 600006 799869 999878 0 0 0 0 
check_meter   
-999900 -799970 -600030 -399870 -200030 10 200070 400010 600040 799990 1000000 0 0 0 0 
DA_A          
0.999600 0.999650 1.000550 0.999600 0.985562 1.015332 1.000050 0.999950 0.999800 1.000150 0.000000 0.000000 0.000000 0.000000 
DA_B          
2648.940430 2689.058838 3231.777588 2848.860352 0.000000 0.000000 3010.150391 3049.847412 3139.372070 2860.428955 0.000000 0.000000 0.000000 0.000000 
AD_A          
0.997940 0.997214 0.997281 0.997542 0.996699 0.997256 0.996080 0.997452 0.996831 0.997023 0.000000 0.000000 0.000000 0.000000 
AD_B
-5839.416504 -6419.579590 -6379.413086 -6275.559570 -6441.668457 -6445.265625 -6205.425293 -6760.520020 -6384.684082 -6540.013672 0.000000 0.000000 0.000000 0.000000 
AD_Ratio      
1.000000 1.000000

ch06
setPointNum   
11 
setPoint      
-1000000 -800000 -600000 -400000 -200000 0 200000 400000 600000 800000 1000000 0 0 0 0 
checkPointNum 
11 
checkPoint    
-1000000 -800000 -600000 -400000 -200000 0 200000 400000 600000 800000 1000000 0 0 0 0 
set_ad        
-994850 -795420 -595985 -396487 -196949 6437 202134 401561 601071 800563 1000169 0 0 0 0 
set_meter     
-998440 -799450 -600620 -401680 -202810 -60 194940 393850 592680 791630 990540 0 0 0 0 
check_ad      
-999952 -800045 -599941 -400009 -200193 80 199909 399955 600091 800014 999954 0 0 0 0 
check_meter   
-999940 -800090 -599920 -399970 -200080 -30 199920 399980 600080 799980 999910 0 0 0 0 
DA_A          
1.005076 1.005884 1.005328 1.005682 0.986436 1.025641 1.005480 1.005884 1.005278 1.005480 0.000000 0.000000 0.000000 0.000000 
DA_B          
3507.713867 4154.302734 3820.247314 3962.387451 59.186192 61.538460 3991.755127 3832.419678 4192.007812 4031.974365 0.000000 0.000000 0.000000 0.000000 
AD_A          
0.997794 0.996966 0.997203 0.996652 0.996873 0.996438 0.997408 0.996592 0.997283 0.996513 0.000000 0.000000 0.000000 0.000000 
AD_B
-5784.925781 -6442.961914 -6301.982422 -6520.332520 -6476.871094 -6474.073730 -6669.982422 -6342.339355 -6757.949707 -6141.541504 0.000000 0.000000 0.000000 0.000000 
AD_Ratio      
1.000000 1.000000

ch07
setPointNum   
11 
setPoint      
-1000000 -800000 -600000 -400000 -200000 0 200000 400000 600000 800000 1000000 0 0 0 0 
checkPointNum 
11 
checkPoint    
-1000000 -800000 -600000 -400000 -200000 0 200000 400000 600000 800000 1000000 0 0 0 0 
set_ad        
-1003639 -802853 -602010 -401197 -200425 6547 201179 401901 602702 803641 1004440 0 0 0 0 
set_meter     
-1007020 -806820 -606690 -406510 -206360 -10 193930 394110 594260 794450 994610 0 0 0 0 
check_ad      
-1000054 -800013 -600074 -400168 -200323 -77 199855 399971 599984 799973 1000035 0 0 0 0 
check_meter   
-1000010 -800060 -600000 -399970 -200210 0 200060 399970 600000 799970 1000090 0 0 0 0 
DA_A          
0.999001 0.999350 0.999101 0.999251 0.969227 1.031247 0.999101 0.999251 0.999051 0.999201 0.000000 0.000000 0.000000 0.000000 
DA_B          
6013.985840 6295.907715 6144.470215 6205.346191 9.692270 10.312468 6244.379883 6185.360840 6304.011230 6185.051758 0.000000 0.000000 0.000000 0.000000 
AD_A          
0.997081 0.996450 0.996848 0.996902 0.996995 0.996445 0.997300 0.996758 0.996273 0.996818 0.000000 0.000000 0.000000 0.000000 
AD_B
-6310.150879 -6817.157715 -6577.647949 -6555.924805 -6537.324707 -6533.722656 -6705.766113 -6488.030762 -6195.428711 -6633.583984 0.000000 0.000000 0.000000 0.000000 
AD_Ratio      
1.000000 1.000000

ch08
setPointNum   
11 
setPoint      
-1000000 -800000 -600000 -400000 -200000 0 200000 400000 600000 800000 1000000 0 0 0 0 
checkPointNum 
11 
checkPoint    
-1000000 -800000 -600000 -400000 -200000 0 200000 400000 600000 800000 1000000 0 0 0 0 
set_ad        
-998229 -798020 -597725 -397395 -197216 6538 203435 403679 603940 804371 1004645 0 0 0 0 
set_meter     
-1001660 -802020 -602330 -402770 -203040 -50 196160 395830 595500 795180 994800 0 0 0 0 
check_ad      
-999987 -799965 -599958 -399964 -199943 -98 199845 400030 600157 799988 1000047 0 0 0 0 
check_meter   
-1000020 -799970 -600050 -399880 -200020 -10 200050 400040 600070 800070 1000070 0 0 0 0 
DA_A          
1.001803 1.001552 1.002205 1.001352 0.985270 1.019316 1.001653 1.001653 1.001603 1.001904 0.000000 0.000000 0.000000 0.000000 
DA_B          
3466.239258 3265.060791 3658.047607 3314.474609 49.263512 50.965801 3515.801025 3515.801025 3545.673096 3306.281982 0.000000 0.000000 0.000000 0.000000 
AD_A          
0.997158 0.996979 0.996156 0.997757 0.996250 0.996511 0.997133 0.997049 0.996253 0.996734 0.000000 0.000000 0.000000 0.000000 
AD_B
-6267.997070 -6410.455078 -6902.450684 -6266.354004 -6563.484863 -6565.187988 -6691.853027 -6657.683105 -6177.082031 -6564.305176 0.000000 0.000000 0.000000 0.000000 
AD_Ratio      
1.000000 1.000000

ch09
setPointNum   
11 
setPoint      
-1000000 -800000 -600000 -400000 -200000 0 200000 400000 600000 800000 1000000 0 0 0 0 
checkPointNum 
11 
checkPoint    
-1000000 -800000 -600000 -400000 -200000 0 200000 400000 600000 800000 1000000 0 0 0 0 
set_ad        
-999824 -799044 -598119 -397400 -196354 6634 205286 406169 607100 807964 1009020 0 0 0 0 
set_meter     
-1003470 -803170 -602870 -402600 -202330 40 198090 398390 598710 798940 999250 0 0 0 0 
check_ad      
-999987 -800040 -600079 -399958 -200153 -92 199893 399998 599960 800063 999832 0 0 0 0 
check_meter   
-999920 -799890 -599990 -399970 -200070 -20 200030 400020 599930 799960 999920 0 0 0 0 
DA_A          
0.998502 0.998502 0.998652 0.998652 0.988289 1.009846 0.998502 0.998403 0.998851 0.998452 0.000000 0.000000 0.000000 0.000000 
DA_B          
1967.049438 1967.049438 2057.222656 2057.222656 -39.531551 -40.393841 2206.689941 2246.405762 1977.725586 2296.440430 0.000000 0.000000 0.000000 0.000000 
AD_A          
0.997609 0.996889 0.997763 0.996140 0.996956 0.996970 0.997098 0.996959 0.996844 0.996290 0.000000 0.000000 0.000000 0.000000 
AD_B
-6036.255371 -6611.517090 -6088.967285 -6733.889648 -6573.802734 -6573.895996 -6600.221680 -6543.903320 -6473.770996 -6026.123047 0.000000 0.000000 0.000000 0.000000 
AD_Ratio      
1.000000 1.000000

ch10
setPointNum   
11 
setPoint      
-1000000 -800000 -600000 -400000 -200000 0 200000 400000 600000 800000 1000000 0 0 0 0 
checkPointNum 
11 
checkPoint    
-1000000 -800000 -600000 -400000 -200000 0 200000 400000 600000 800000 1000000 0 0 0 0 
set_ad        
-993714 -793909 -594173 -394329 -194555 6541 205081 404948 604906 804678 1004603 0 0 0 0 
set_meter     
-997360 -798080 -598810 -399670 -200400 30 197860 397100 596340 795570 994800 0 0 0 0 
check_ad      
-1000080 -800077 -599989 -399993 -200067 120 199959 399961 599890 800096 999897 0 0 0 0 
check_meter   
-999950 -799930 -600040 -399980 -200030 30 200050 399990 600060 799980 999940 0 0 0 0 
DA_A          
1.003613 1.003663 1.004319 1.003663 0.997855 1.010969 1.003814 1.003814 1.003865 1.003865 0.000000 0.000000 0.000000 0.000000 
DA_B          
963.468506 1003.663391 1396.002808 1134.139648 -29.935638 -30.329071 1385.264038 1385.264038 1355.217529 1355.217529 0.000000 0.000000 0.000000 0.000000 
AD_A          
0.997372 0.997667 0.996477 0.997477 0.996688 0.996424 0.996863 0.996409 0.997287 0.996524 0.000000 0.000000 0.000000 0.000000 
AD_B
-6257.044922 -6023.252930 -6730.121582 -6335.833008 -6489.337402 -6487.608887 -6577.643066 -6393.931152 -6924.833984 -6310.694824 0.000000 0.000000 0.000000 0.000000 
AD_Ratio      
1.000000 1.000000

ch11
setPointNum   
11 
setPoint      
-1000000 -800000 -600000 -400000 -200000 0 200000 400000 600000 800000 1000000 0 0 0 0 
checkPointNum 
11 
checkPoint    
-1000000 -800000 -600000 -400000 -200000 0 200000 400000 600000 800000 1000000 0 0 0 0 
set_ad        
-998891 -798503 -598142 -397817 -197566 6517 203234 403715 604001 804409 1004876 0 0 0 0 
set_meter     
-1002670 -802830 -603040 -403320 -203490 0 196010 395800 595600 795410 995230 0 0 0 0 
check_ad      
-999942 -800060 -599968 -399981 -199985 68 199932 399935 600032 800014 999969 0 0 0 0 
check_meter   
-1000020 -800070 -600020 -399830 -200030 -10 200060 400090 600050 800030 1000000 0 0 0 0 
DA_A          
1.000801 1.001051 1.001402 1.000851 0.982849 1.020356 1.001051 1.001001 1.000951 1.000901 0.000000 0.000000 0.000000 0.000000 
DA_B          
3472.778320 3673.857666 3885.439697 3663.113525 0.000000 0.000000 3783.973145 3803.803711 3833.641846 3873.486084 0.000000 0.000000 0.000000 0.000000 
AD_A          
0.997265 0.997150 0.996980 0.997898 0.997094 0.996406 0.996553 0.997573 0.997016 0.996773 0.000000 0.000000 0.000000 0.000000 
AD_B
-6510.662109 -6602.618652 -6704.443848 -6339.354980 -6498.063477 -6493.578125 -6523.511230 -6935.373535 -6598.713867 -6402.798828 0.000000 0.000000 0.000000 0.000000 
AD_Ratio      
1.000000 1.000000

ch12
setPointNum   
11 
setPoint      
-1000000 -800000 -600000 -400000 -200000 0 200000 400000 600000 800000 1000000 0 0 0 0 
checkPointNum 
11 
checkPoint    
-1000000 -800000 -600000 -400000 -200000 0 200000 400000 600000 800000 1000000 0 0 0 0 
set_ad        
-996151 -796512 -596792 -397102 -197463 6591 201841 401669 601297 800990 1000760 0 0 0 0 
set_meter     
-999990 -800860 -601670 -402540 -203450 -30 194630 393870 592930 792040 991120 0 0 0 0 
check_ad      
-1000041 -799992 -600036 -399991 -200077 -102 199953 399875 600139 800051 999993 0 0 0 0 
check_meter   
-999960 -799950 -599990 -400070 -200050 10 200080 399960 600000 800020 1000110 0 0 0 0 
DA_A          
1.004369 1.004066 1.004369 1.004571 0.983187 1.027432 1.003814 1.004722 1.004470 1.004621 0.000000 0.000000 0.000000 0.000000 
DA_B          
4358.961426 4116.672363 4298.699219 4379.928711 29.495625 30.822973 4627.584961 4270.069336 4419.667480 4299.778809 0.000000 0.000000 0.000000 0.000000 
AD_A          
0.997450 0.997346 0.997196 0.997250 0.996893 0.996978 0.997057 0.997155 0.997081 0.996546 0.000000 0.000000 0.000000 0.000000 
AD_B
-6378.788574 -6461.715820 -6551.611816 -6530.016113 -6600.521484 -6601.083496 -6617.076660 -6656.134277 -6611.524414 -6183.402832 0.000000 0.000000 0.000000 0.000000 
AD_Ratio      
1.000000 1.000000

ch13
setPointNum   
11 
setPoint      
-1000000 -800000 -600000 -400000 -200000 0 200000 400000 600000 800000 1000000 0 0 0 0 
checkPointNum 
11 
checkPoint    
-1000000 -800000 -600000 -400000 -200000 0 200000 400000 600000 800000 1000000 0 0 0 0 
set_ad        
-998052 -797800 -597473 -397413 -197085 6580 203314 403585 603773 804034 1004358 0 0 0 0 
set_meter     
-1001300 -801710 -602220 -402590 -202990 -60 196010 395610 595170 794750 994340 0 0 0 0 
check_ad      
-999937 -800033 -600074 -399915 -200201 -74 199930 400031 600024 800098 1000024 0 0 0 0 
check_meter   
-999990 -800010 -599900 -400000 -200060 20 200070 400090 600080 800040 1000040 0 0 0 0 
DA_A          
1.002054 1.002557 1.001853 1.002004 0.985562 1.020044 1.002004 1.002205 1.002104 1.002054 0.000000 0.000000 0.000000 0.000000 
DA_B          
3356.881592 3759.586914 3336.171875 3396.793701 59.133690 61.202633 3597.194336 3517.739014 3577.512695 3617.415771 0.000000 0.000000 0.000000 0.000000 
AD_A          
0.996694 0.995822 0.997851 0.996366 0.996391 0.996625 0.996650 0.996863 0.996599 0.996336 0.000000 0.000000 0.000000 0.000000 
AD_B
-6547.395020 -7243.342773 -6031.181641 -6621.214844 -6616.253418 -6617.791504 -6622.804688 -6708.933105 -6549.832520 -6337.967773 0.000000 0.000000 0.000000 0.000000 
AD_Ratio      
1.000000 1.000000

ch14
setPointNum   
11 
setPoint      
-1000000 -800000 -600000 -400000 -200000 0 200000 400000 600000 800000 1000000 0 0 0 0 
checkPointNum 
11 
checkPoint    
-1000000 -800000 -600000 -400000 -200000 0 200000 400000 600000 800000 1000000 0 0 0 0 
set_ad        
-996405 -796445 -596443 -396489 -196590 6513 203315 403391 603438 803477 1003477 0 0 0 0 
set_meter     
-999730 -800390 -601000 -401740 -202400 30 196210 395550 594830 794190 993510 0 0 0 0 
check_ad      
-999929 -799912 -600007 -400007 -200041 -83 200108 400022 599973 800050 1000005 0 0 0 0 
check_meter   
-1000050 -800010 -600040 -399960 -200030 -40 199990 400010 600060 800070 1000070 0 0 0 0 
DA_A          
1.003311 1.003059 1.003714 1.003311 0.987996 1.019472 1.003311 1.003613 1.003210 1.003412 0.000000 0.000000 0.000000 0.000000 
DA_B          
3040.032227 2838.657959 3231.958252 3070.131348 -29.639875 -30.584158 3140.363281 3020.875244 3260.433350 3100.541748 0.000000 0.000000 0.000000 0.000000 
AD_A          
0.996899 0.996940 0.996529 0.997204 0.996686 0.996839 0.996321 0.996166 0.996606 0.996600 0.000000 0.000000 0.000000 0.000000 
AD_B
-6414.473633 -6382.097168 -6627.133301 -6359.746582 -6461.418457 -6462.415527 -6357.084961 -6294.358887 -6559.727539 -6555.178223 0.000000 0.000000 0.000000 0.000000 
AD_Ratio      
1.000000 1.000000

ch15
setPointNum   
11 
setPoint      
-1000000 -800000 -600000 -400000 -200000 0 200000 400000 600000 800000 1000000 0 0 0 0 
checkPointNum 
11 
checkPoint    
-1000000 -800000 -600000 -400000 -200000 0 200000 400000 600000 800000 1000000 0 0 0 0 
set_ad        
-996565 -795852 -595202 -394478 -193740 6540 207588 408290 609078 809823 1010466 0 0 0 0 
set_meter     
-999950 -799910 -599800 -399700 -199660 -10 200420 400510 600600 800690 1000780 0 0 0 0 
check_ad      
-999882 -799903 -599968 -399925 -199968 -103 200091 400034 600011 800091 1000094 0 0 0 0 
check_meter   
-1000020 -799960 -599990 -400000 -199920 -40 200040 400000 599990 799950 1000010 0 0 0 0 
DA_A          
0.999800 0.999450 0.999500 0.999800 1.001753 0.997855 0.999550 0.999550 0.999550 0.999550 0.000000 0.000000 0.000000 0.000000 
DA_B          
-249.950012 -529.708679 -499.750122 -379.924011 10.017530 9.978546 -329.851562 -329.851562 -329.851562 -329.851562 0.000000 0.000000 0.000000 0.000000 
AD_A          
0.996647 0.997309 0.996891 0.996523 0.996854 0.996926 0.996951 0.996524 0.996737 0.997244 0.000000 0.000000 0.000000 0.000000 
AD_B
-6726.528809 -6199.839355 -6448.332031 -6593.666992 -6529.427734 -6529.896973 -6535.002441 -6360.660156 -6490.672363 -6901.015137 0.000000 0.000000 0.000000 0.000000 
AD_Ratio      
1.000000 1.000000

ch16
setPointNum   
11 
setPoint      
-1000000 -800000 -600000 -400000 -200000 0 200000 400000 600000 800000 1000000 0 0 0 0 
checkPointNum 
11 
checkPoint    
-1000000 -800000 -600000 -400000 -200000 0 200000 400000 600000 800000 1000000 0 0 0 0 
set_ad        
-996589 -796115 -595423 -394853 -194246 6454 206982 407636 608329 809031 1009701 0 0 0 0 
set_meter     
-1000230 -800210 -600120 -400140 -200120 0 199840 399850 599890 799840 999950 0 0 0 0 
check_ad      
-999944 -799937 -600120 -400063 -200009 71 199965 399983 600031 799999 1000021 0 0 0 0 
check_meter   
-999970 -799980 -600060 -399990 -200020 10 199980 399950 600010 800020 999920 0 0 0 0 
DA_A          
0.999900 0.999550 1.000100 0.999900 0.999400 1.000801 0.999950 0.999800 1.000250 0.999450 0.000000 0.000000 0.000000 0.000000 
DA_B          
129.987000 -149.932526 180.018005 99.989998 0.000000 0.000000 169.991501 229.954010 -40.010002 599.670166 0.000000 0.000000 0.000000 0.000000 
AD_A          
0.997735 0.997000 0.997058 0.997074 0.997110 0.996569 0.996790 0.996746 0.996253 0.997209 0.000000 0.000000 0.000000 0.000000 
AD_B
-5897.908203 -6483.043457 -6448.505859 -6442.386719 -6435.348633 -6431.856934 -6477.690430 -6459.664062 -6159.683594 -6933.276367 0.000000 0.000000 0.000000 0.000000 
AD_Ratio      
1.000000 1.000000

range3
ch01
setPointNum   
0 
setPoint      
0 0 0 0 0 0 0 0 0 0 0 0 0 0 0 
checkPointNum 
0 
checkPoint    
0 0 0 0 0 0 0 0 0 0 0 0 0 0 0 
set_ad        
0 0 0 0 0 0 0 0 0 0 0 0 0 0 0 
set_meter     
0 0 0 0 0 0 0 0 0 0 0 0 0 0 0 
check_ad      
0 0 0 0 0 0 0 0 0 0 0 0 0 0 0 
check_meter   
0 0 0 0 0 0 0 0 0 0 0 0 0 0 0 
DA_A          
1.000000 1.000000 1.000000 1.000000 1.000000 1.000000 1.000000 1.000000 1.000000 1.000000 1.000000 1.000000 1.000000 1.000000 
DA_B          
0.000000 0.000000 0.000000 0.000000 0.000000 0.000000 0.000000 0.000000 0.000000 0.000000 0.000000 0.000000 0.000000 0.000000 
AD_A          
1.000000 1.000000 1.000000 1.000000 1.000000 1.000000 1.000000 1.000000 1.000000 1.000000 1.000000 1.000000 1.000000 1.000000 
AD_B
0.000000 0.000000 0.000000 0.000000 0.000000 0.000000 0.000000 0.000000 0.000000 0.000000 0.000000 0.000000 0.000000 0.000000 
AD_Ratio      
1.000000 1.000000

ch02
setPointNum   
0 
setPoint      
0 0 0 0 0 0 0 0 0 0 0 0 0 0 0 
checkPointNum 
0 
checkPoint    
0 0 0 0 0 0 0 0 0 0 0 0 0 0 0 
set_ad        
0 0 0 0 0 0 0 0 0 0 0 0 0 0 0 
set_meter     
0 0 0 0 0 0 0 0 0 0 0 0 0 0 0 
check_ad      
0 0 0 0 0 0 0 0 0 0 0 0 0 0 0 
check_meter   
0 0 0 0 0 0 0 0 0 0 0 0 0 0 0 
DA_A          
1.000000 1.000000 1.000000 1.000000 1.000000 1.000000 1.000000 1.000000 1.000000 1.000000 1.000000 1.000000 1.000000 1.000000 
DA_B          
0.000000 0.000000 0.000000 0.000000 0.000000 0.000000 0.000000 0.000000 0.000000 0.000000 0.000000 0.000000 0.000000 0.000000 
AD_A          
1.000000 1.000000 1.000000 1.000000 1.000000 1.000000 1.000000 1.000000 1.000000 1.000000 1.000000 1.000000 1.000000 1.000000 
AD_B
0.000000 0.000000 0.000000 0.000000 0.000000 0.000000 0.000000 0.000000 0.000000 0.000000 0.000000 0.000000 0.000000 0.000000 
AD_Ratio      
1.000000 1.000000

ch03
setPointNum   
0 
setPoint      
0 0 0 0 0 0 0 0 0 0 0 0 0 0 0 
checkPointNum 
0 
checkPoint    
0 0 0 0 0 0 0 0 0 0 0 0 0 0 0 
set_ad        
0 0 0 0 0 0 0 0 0 0 0 0 0 0 0 
set_meter     
0 0 0 0 0 0 0 0 0 0 0 0 0 0 0 
check_ad      
0 0 0 0 0 0 0 0 0 0 0 0 0 0 0 
check_meter   
0 0 0 0 0 0 0 0 0 0 0 0 0 0 0 
DA_A          
1.000000 1.000000 1.000000 1.000000 1.000000 1.000000 1.000000 1.000000 1.000000 1.000000 1.000000 1.000000 1.000000 1.000000 
DA_B          
0.000000 0.000000 0.000000 0.000000 0.000000 0.000000 0.000000 0.000000 0.000000 0.000000 0.000000 0.000000 0.000000 0.000000 
AD_A          
1.000000 1.000000 1.000000 1.000000 1.000000 1.000000 1.000000 1.000000 1.000000 1.000000 1.000000 1.000000 1.000000 1.000000 
AD_B
0.000000 0.000000 0.000000 0.000000 0.000000 0.000000 0.000000 0.000000 0.000000 0.000000 0.000000 0.000000 0.000000 0.000000 
AD_Ratio      
1.000000 1.000000

ch04
setPointNum   
0 
setPoint      
0 0 0 0 0 0 0 0 0 0 0 0 0 0 0 
checkPointNum 
0 
checkPoint    
0 0 0 0 0 0 0 0 0 0 0 0 0 0 0 
set_ad        
0 0 0 0 0 0 0 0 0 0 0 0 0 0 0 
set_meter     
0 0 0 0 0 0 0 0 0 0 0 0 0 0 0 
check_ad      
0 0 0 0 0 0 0 0 0 0 0 0 0 0 0 
check_meter   
0 0 0 0 0 0 0 0 0 0 0 0 0 0 0 
DA_A          
1.000000 1.000000 1.000000 1.000000 1.000000 1.000000 1.000000 1.000000 1.000000 1.000000 1.000000 1.000000 1.000000 1.000000 
DA_B          
0.000000 0.000000 0.000000 0.000000 0.000000 0.000000 0.000000 0.000000 0.000000 0.000000 0.000000 0.000000 0.000000 0.000000 
AD_A          
1.000000 1.000000 1.000000 1.000000 1.000000 1.000000 1.000000 1.000000 1.000000 1.000000 1.000000 1.000000 1.000000 1.000000 
AD_B
0.000000 0.000000 0.000000 0.000000 0.000000 0.000000 0.000000 0.000000 0.000000 0.000000 0.000000 0.000000 0.000000 0.000000 
AD_Ratio      
1.000000 1.000000

ch05
setPointNum   
0 
setPoint      
0 0 0 0 0 0 0 0 0 0 0 0 0 0 0 
checkPointNum 
0 
checkPoint    
0 0 0 0 0 0 0 0 0 0 0 0 0 0 0 
set_ad        
0 0 0 0 0 0 0 0 0 0 0 0 0 0 0 
set_meter     
0 0 0 0 0 0 0 0 0 0 0 0 0 0 0 
check_ad      
0 0 0 0 0 0 0 0 0 0 0 0 0 0 0 
check_meter   
0 0 0 0 0 0 0 0 0 0 0 0 0 0 0 
DA_A          
1.000000 1.000000 1.000000 1.000000 1.000000 1.000000 1.000000 1.000000 1.000000 1.000000 1.000000 1.000000 1.000000 1.000000 
DA_B          
0.000000 0.000000 0.000000 0.000000 0.000000 0.000000 0.000000 0.000000 0.000000 0.000000 0.000000 0.000000 0.000000 0.000000 
AD_A          
1.000000 1.000000 1.000000 1.000000 1.000000 1.000000 1.000000 1.000000 1.000000 1.000000 1.000000 1.000000 1.000000 1.000000 
AD_B
0.000000 0.000000 0.000000 0.000000 0.000000 0.000000 0.000000 0.000000 0.000000 0.000000 0.000000 0.000000 0.000000 0.000000 
AD_Ratio      
1.000000 1.000000

ch06
setPointNum   
0 
setPoint      
0 0 0 0 0 0 0 0 0 0 0 0 0 0 0 
checkPointNum 
0 
checkPoint    
0 0 0 0 0 0 0 0 0 0 0 0 0 0 0 
set_ad        
0 0 0 0 0 0 0 0 0 0 0 0 0 0 0 
set_meter     
0 0 0 0 0 0 0 0 0 0 0 0 0 0 0 
check_ad      
0 0 0 0 0 0 0 0 0 0 0 0 0 0 0 
check_meter   
0 0 0 0 0 0 0 0 0 0 0 0 0 0 0 
DA_A          
1.000000 1.000000 1.000000 1.000000 1.000000 1.000000 1.000000 1.000000 1.000000 1.000000 1.000000 1.000000 1.000000 1.000000 
DA_B          
0.000000 0.000000 0.000000 0.000000 0.000000 0.000000 0.000000 0.000000 0.000000 0.000000 0.000000 0.000000 0.000000 0.000000 
AD_A          
1.000000 1.000000 1.000000 1.000000 1.000000 1.000000 1.000000 1.000000 1.000000 1.000000 1.000000 1.000000 1.000000 1.000000 
AD_B
0.000000 0.000000 0.000000 0.000000 0.000000 0.000000 0.000000 0.000000 0.000000 0.000000 0.000000 0.000000 0.000000 0.000000 
AD_Ratio      
1.000000 1.000000

ch07
setPointNum   
0 
setPoint      
0 0 0 0 0 0 0 0 0 0 0 0 0 0 0 
checkPointNum 
0 
checkPoint    
0 0 0 0 0 0 0 0 0 0 0 0 0 0 0 
set_ad        
0 0 0 0 0 0 0 0 0 0 0 0 0 0 0 
set_meter     
0 0 0 0 0 0 0 0 0 0 0 0 0 0 0 
check_ad      
0 0 0 0 0 0 0 0 0 0 0 0 0 0 0 
check_meter   
0 0 0 0 0 0 0 0 0 0 0 0 0 0 0 
DA_A          
1.000000 1.000000 1.000000 1.000000 1.000000 1.000000 1.000000 1.000000 1.000000 1.000000 1.000000 1.000000 1.000000 1.000000 
DA_B          
0.000000 0.000000 0.000000 0.000000 0.000000 0.000000 0.000000 0.000000 0.000000 0.000000 0.000000 0.000000 0.000000 0.000000 
AD_A          
1.000000 1.000000 1.000000 1.000000 1.000000 1.000000 1.000000 1.000000 1.000000 1.000000 1.000000 1.000000 1.000000 1.000000 
AD_B
0.000000 0.000000 0.000000 0.000000 0.000000 0.000000 0.000000 0.000000 0.000000 0.000000 0.000000 0.000000 0.000000 0.000000 
AD_Ratio      
1.000000 1.000000

ch08
setPointNum   
0 
setPoint      
0 0 0 0 0 0 0 0 0 0 0 0 0 0 0 
checkPointNum 
0 
checkPoint    
0 0 0 0 0 0 0 0 0 0 0 0 0 0 0 
set_ad        
0 0 0 0 0 0 0 0 0 0 0 0 0 0 0 
set_meter     
0 0 0 0 0 0 0 0 0 0 0 0 0 0 0 
check_ad      
0 0 0 0 0 0 0 0 0 0 0 0 0 0 0 
check_meter   
0 0 0 0 0 0 0 0 0 0 0 0 0 0 0 
DA_A          
1.000000 1.000000 1.000000 1.000000 1.000000 1.000000 1.000000 1.000000 1.000000 1.000000 1.000000 1.000000 1.000000 1.000000 
DA_B          
0.000000 0.000000 0.000000 0.000000 0.000000 0.000000 0.000000 0.000000 0.000000 0.000000 0.000000 0.000000 0.000000 0.000000 
AD_A          
1.000000 1.000000 1.000000 1.000000 1.000000 1.000000 1.000000 1.000000 1.000000 1.000000 1.000000 1.000000 1.000000 1.000000 
AD_B
0.000000 0.000000 0.000000 0.000000 0.000000 0.000000 0.000000 0.000000 0.000000 0.000000 0.000000 0.000000 0.000000 0.000000 
AD_Ratio      
1.000000 1.000000

ch09
setPointNum   
0 
setPoint      
0 0 0 0 0 0 0 0 0 0 0 0 0 0 0 
checkPointNum 
0 
checkPoint    
0 0 0 0 0 0 0 0 0 0 0 0 0 0 0 
set_ad        
0 0 0 0 0 0 0 0 0 0 0 0 0 0 0 
set_meter     
0 0 0 0 0 0 0 0 0 0 0 0 0 0 0 
check_ad      
0 0 0 0 0 0 0 0 0 0 0 0 0 0 0 
check_meter   
0 0 0 0 0 0 0 0 0 0 0 0 0 0 0 
DA_A          
1.000000 1.000000 1.000000 1.000000 1.000000 1.000000 1.000000 1.000000 1.000000 1.000000 1.000000 1.000000 1.000000 1.000000 
DA_B          
0.000000 0.000000 0.000000 0.000000 0.000000 0.000000 0.000000 0.000000 0.000000 0.000000 0.000000 0.000000 0.000000 0.000000 
AD_A          
1.000000 1.000000 1.000000 1.000000 1.000000 1.000000 1.000000 1.000000 1.000000 1.000000 1.000000 1.000000 1.000000 1.000000 
AD_B
0.000000 0.000000 0.000000 0.000000 0.000000 0.000000 0.000000 0.000000 0.000000 0.000000 0.000000 0.000000 0.000000 0.000000 
AD_Ratio      
1.000000 1.000000

ch10
setPointNum   
0 
setPoint      
0 0 0 0 0 0 0 0 0 0 0 0 0 0 0 
checkPointNum 
0 
checkPoint    
0 0 0 0 0 0 0 0 0 0 0 0 0 0 0 
set_ad        
0 0 0 0 0 0 0 0 0 0 0 0 0 0 0 
set_meter     
0 0 0 0 0 0 0 0 0 0 0 0 0 0 0 
check_ad      
0 0 0 0 0 0 0 0 0 0 0 0 0 0 0 
check_meter   
0 0 0 0 0 0 0 0 0 0 0 0 0 0 0 
DA_A          
1.000000 1.000000 1.000000 1.000000 1.000000 1.000000 1.000000 1.000000 1.000000 1.000000 1.000000 1.000000 1.000000 1.000000 
DA_B          
0.000000 0.000000 0.000000 0.000000 0.000000 0.000000 0.000000 0.000000 0.000000 0.000000 0.000000 0.000000 0.000000 0.000000 
AD_A          
1.000000 1.000000 1.000000 1.000000 1.000000 1.000000 1.000000 1.000000 1.000000 1.000000 1.000000 1.000000 1.000000 1.000000 
AD_B
0.000000 0.000000 0.000000 0.000000 0.000000 0.000000 0.000000 0.000000 0.000000 0.000000 0.000000 0.000000 0.000000 0.000000 
AD_Ratio      
1.000000 1.000000

ch11
setPointNum   
0 
setPoint      
0 0 0 0 0 0 0 0 0 0 0 0 0 0 0 
checkPointNum 
0 
checkPoint    
0 0 0 0 0 0 0 0 0 0 0 0 0 0 0 
set_ad        
0 0 0 0 0 0 0 0 0 0 0 0 0 0 0 
set_meter     
0 0 0 0 0 0 0 0 0 0 0 0 0 0 0 
check_ad      
0 0 0 0 0 0 0 0 0 0 0 0 0 0 0 
check_meter   
0 0 0 0 0 0 0 0 0 0 0 0 0 0 0 
DA_A          
1.000000 1.000000 1.000000 1.000000 1.000000 1.000000 1.000000 1.000000 1.000000 1.000000 1.000000 1.000000 1.000000 1.000000 
DA_B          
0.000000 0.000000 0.000000 0.000000 0.000000 0.000000 0.000000 0.000000 0.000000 0.000000 0.000000 0.000000 0.000000 0.000000 
AD_A          
1.000000 1.000000 1.000000 1.000000 1.000000 1.000000 1.000000 1.000000 1.000000 1.000000 1.000000 1.000000 1.000000 1.000000 
AD_B
0.000000 0.000000 0.000000 0.000000 0.000000 0.000000 0.000000 0.000000 0.000000 0.000000 0.000000 0.000000 0.000000 0.000000 
AD_Ratio      
1.000000 1.000000

ch12
setPointNum   
0 
setPoint      
0 0 0 0 0 0 0 0 0 0 0 0 0 0 0 
checkPointNum 
0 
checkPoint    
0 0 0 0 0 0 0 0 0 0 0 0 0 0 0 
set_ad        
0 0 0 0 0 0 0 0 0 0 0 0 0 0 0 
set_meter     
0 0 0 0 0 0 0 0 0 0 0 0 0 0 0 
check_ad      
0 0 0 0 0 0 0 0 0 0 0 0 0 0 0 
check_meter   
0 0 0 0 0 0 0 0 0 0 0 0 0 0 0 
DA_A          
1.000000 1.000000 1.000000 1.000000 1.000000 1.000000 1.000000 1.000000 1.000000 1.000000 1.000000 1.000000 1.000000 1.000000 
DA_B          
0.000000 0.000000 0.000000 0.000000 0.000000 0.000000 0.000000 0.000000 0.000000 0.000000 0.000000 0.000000 0.000000 0.000000 
AD_A          
1.000000 1.000000 1.000000 1.000000 1.000000 1.000000 1.000000 1.000000 1.000000 1.000000 1.000000 1.000000 1.000000 1.000000 
AD_B
0.000000 0.000000 0.000000 0.000000 0.000000 0.000000 0.000000 0.000000 0.000000 0.000000 0.000000 0.000000 0.000000 0.000000 
AD_Ratio      
1.000000 1.000000

ch13
setPointNum   
0 
setPoint      
0 0 0 0 0 0 0 0 0 0 0 0 0 0 0 
checkPointNum 
0 
checkPoint    
0 0 0 0 0 0 0 0 0 0 0 0 0 0 0 
set_ad        
0 0 0 0 0 0 0 0 0 0 0 0 0 0 0 
set_meter     
0 0 0 0 0 0 0 0 0 0 0 0 0 0 0 
check_ad      
0 0 0 0 0 0 0 0 0 0 0 0 0 0 0 
check_meter   
0 0 0 0 0 0 0 0 0 0 0 0 0 0 0 
DA_A          
1.000000 1.000000 1.000000 1.000000 1.000000 1.000000 1.000000 1.000000 1.000000 1.000000 1.000000 1.000000 1.000000 1.000000 
DA_B          
0.000000 0.000000 0.000000 0.000000 0.000000 0.000000 0.000000 0.000000 0.000000 0.000000 0.000000 0.000000 0.000000 0.000000 
AD_A          
1.000000 1.000000 1.000000 1.000000 1.000000 1.000000 1.000000 1.000000 1.000000 1.000000 1.000000 1.000000 1.000000 1.000000 
AD_B
0.000000 0.000000 0.000000 0.000000 0.000000 0.000000 0.000000 0.000000 0.000000 0.000000 0.000000 0.000000 0.000000 0.000000 
AD_Ratio      
1.000000 1.000000

ch14
setPointNum   
0 
setPoint      
0 0 0 0 0 0 0 0 0 0 0 0 0 0 0 
checkPointNum 
0 
checkPoint    
0 0 0 0 0 0 0 0 0 0 0 0 0 0 0 
set_ad        
0 0 0 0 0 0 0 0 0 0 0 0 0 0 0 
set_meter     
0 0 0 0 0 0 0 0 0 0 0 0 0 0 0 
check_ad      
0 0 0 0 0 0 0 0 0 0 0 0 0 0 0 
check_meter   
0 0 0 0 0 0 0 0 0 0 0 0 0 0 0 
DA_A          
1.000000 1.000000 1.000000 1.000000 1.000000 1.000000 1.000000 1.000000 1.000000 1.000000 1.000000 1.000000 1.000000 1.000000 
DA_B          
0.000000 0.000000 0.000000 0.000000 0.000000 0.000000 0.000000 0.000000 0.000000 0.000000 0.000000 0.000000 0.000000 0.000000 
AD_A          
1.000000 1.000000 1.000000 1.000000 1.000000 1.000000 1.000000 1.000000 1.000000 1.000000 1.000000 1.000000 1.000000 1.000000 
AD_B
0.000000 0.000000 0.000000 0.000000 0.000000 0.000000 0.000000 0.000000 0.000000 0.000000 0.000000 0.000000 0.000000 0.000000 
AD_Ratio      
1.000000 1.000000

ch15
setPointNum   
0 
setPoint      
0 0 0 0 0 0 0 0 0 0 0 0 0 0 0 
checkPointNum 
0 
checkPoint    
0 0 0 0 0 0 0 0 0 0 0 0 0 0 0 
set_ad        
0 0 0 0 0 0 0 0 0 0 0 0 0 0 0 
set_meter     
0 0 0 0 0 0 0 0 0 0 0 0 0 0 0 
check_ad      
0 0 0 0 0 0 0 0 0 0 0 0 0 0 0 
check_meter   
0 0 0 0 0 0 0 0 0 0 0 0 0 0 0 
DA_A          
1.000000 1.000000 1.000000 1.000000 1.000000 1.000000 1.000000 1.000000 1.000000 1.000000 1.000000 1.000000 1.000000 1.000000 
DA_B          
0.000000 0.000000 0.000000 0.000000 0.000000 0.000000 0.000000 0.000000 0.000000 0.000000 0.000000 0.000000 0.000000 0.000000 
AD_A          
1.000000 1.000000 1.000000 1.000000 1.000000 1.000000 1.000000 1.000000 1.000000 1.000000 1.000000 1.000000 1.000000 1.000000 
AD_B
0.000000 0.000000 0.000000 0.000000 0.000000 0.000000 0.000000 0.000000 0.000000 0.000000 0.000000 0.000000 0.000000 0.000000 
AD_Ratio      
1.000000 1.000000

ch16
setPointNum   
0 
setPoint      
0 0 0 0 0 0 0 0 0 0 0 0 0 0 0 
checkPointNum 
0 
checkPoint    
0 0 0 0 0 0 0 0 0 0 0 0 0 0 0 
set_ad        
0 0 0 0 0 0 0 0 0 0 0 0 0 0 0 
set_meter     
0 0 0 0 0 0 0 0 0 0 0 0 0 0 0 
check_ad      
0 0 0 0 0 0 0 0 0 0 0 0 0 0 0 
check_meter   
0 0 0 0 0 0 0 0 0 0 0 0 0 0 0 
DA_A          
1.000000 1.000000 1.000000 1.000000 1.000000 1.000000 1.000000 1.000000 1.000000 1.000000 1.000000 1.000000 1.000000 1.000000 
DA_B          
0.000000 0.000000 0.000000 0.000000 0.000000 0.000000 0.000000 0.000000 0.000000 0.000000 0.000000 0.000000 0.000000 0.000000 
AD_A          
1.000000 1.000000 1.000000 1.000000 1.000000 1.000000 1.000000 1.000000 1.000000 1.000000 1.000000 1.000000 1.000000 1.000000 
AD_B
0.000000 0.000000 0.000000 0.000000 0.000000 0.000000 0.000000 0.000000 0.000000 0.000000 0.000000 0.000000 0.000000 0.000000 
AD_Ratio      
1.000000 1.000000

range4
ch01
setPointNum   
0 
setPoint      
0 0 0 0 0 0 0 0 0 0 0 0 0 0 0 
checkPointNum 
0 
checkPoint    
0 0 0 0 0 0 0 0 0 0 0 0 0 0 0 
set_ad        
0 0 0 0 0 0 0 0 0 0 0 0 0 0 0 
set_meter     
0 0 0 0 0 0 0 0 0 0 0 0 0 0 0 
check_ad      
0 0 0 0 0 0 0 0 0 0 0 0 0 0 0 
check_meter   
0 0 0 0 0 0 0 0 0 0 0 0 0 0 0 
DA_A          
1.000000 1.000000 1.000000 1.000000 1.000000 1.000000 1.000000 1.000000 1.000000 1.000000 1.000000 1.000000 1.000000 1.000000 
DA_B          
0.000000 0.000000 0.000000 0.000000 0.000000 0.000000 0.000000 0.000000 0.000000 0.000000 0.000000 0.000000 0.000000 0.000000 
AD_A          
1.000000 1.000000 1.000000 1.000000 1.000000 1.000000 1.000000 1.000000 1.000000 1.000000 1.000000 1.000000 1.000000 1.000000 
AD_B
0.000000 0.000000 0.000000 0.000000 0.000000 0.000000 0.000000 0.000000 0.000000 0.000000 0.000000 0.000000 0.000000 0.000000 
AD_Ratio      
1.000000 1.000000

ch02
setPointNum   
0 
setPoint      
0 0 0 0 0 0 0 0 0 0 0 0 0 0 0 
checkPointNum 
0 
checkPoint    
0 0 0 0 0 0 0 0 0 0 0 0 0 0 0 
set_ad        
0 0 0 0 0 0 0 0 0 0 0 0 0 0 0 
set_meter     
0 0 0 0 0 0 0 0 0 0 0 0 0 0 0 
check_ad      
0 0 0 0 0 0 0 0 0 0 0 0 0 0 0 
check_meter   
0 0 0 0 0 0 0 0 0 0 0 0 0 0 0 
DA_A          
1.000000 1.000000 1.000000 1.000000 1.000000 1.000000 1.000000 1.000000 1.000000 1.000000 1.000000 1.000000 1.000000 1.000000 
DA_B          
0.000000 0.000000 0.000000 0.000000 0.000000 0.000000 0.000000 0.000000 0.000000 0.000000 0.000000 0.000000 0.000000 0.000000 
AD_A          
1.000000 1.000000 1.000000 1.000000 1.000000 1.000000 1.000000 1.000000 1.000000 1.000000 1.000000 1.000000 1.000000 1.000000 
AD_B
0.000000 0.000000 0.000000 0.000000 0.000000 0.000000 0.000000 0.000000 0.000000 0.000000 0.000000 0.000000 0.000000 0.000000 
AD_Ratio      
1.000000 1.000000

ch03
setPointNum   
0 
setPoint      
0 0 0 0 0 0 0 0 0 0 0 0 0 0 0 
checkPointNum 
0 
checkPoint    
0 0 0 0 0 0 0 0 0 0 0 0 0 0 0 
set_ad        
0 0 0 0 0 0 0 0 0 0 0 0 0 0 0 
set_meter     
0 0 0 0 0 0 0 0 0 0 0 0 0 0 0 
check_ad      
0 0 0 0 0 0 0 0 0 0 0 0 0 0 0 
check_meter   
0 0 0 0 0 0 0 0 0 0 0 0 0 0 0 
DA_A          
1.000000 1.000000 1.000000 1.000000 1.000000 1.000000 1.000000 1.000000 1.000000 1.000000 1.000000 1.000000 1.000000 1.000000 
DA_B          
0.000000 0.000000 0.000000 0.000000 0.000000 0.000000 0.000000 0.000000 0.000000 0.000000 0.000000 0.000000 0.000000 0.000000 
AD_A          
1.000000 1.000000 1.000000 1.000000 1.000000 1.000000 1.000000 1.000000 1.000000 1.000000 1.000000 1.000000 1.000000 1.000000 
AD_B
0.000000 0.000000 0.000000 0.000000 0.000000 0.000000 0.000000 0.000000 0.000000 0.000000 0.000000 0.000000 0.000000 0.000000 
AD_Ratio      
1.000000 1.000000

ch04
setPointNum   
0 
setPoint      
0 0 0 0 0 0 0 0 0 0 0 0 0 0 0 
checkPointNum 
0 
checkPoint    
0 0 0 0 0 0 0 0 0 0 0 0 0 0 0 
set_ad        
0 0 0 0 0 0 0 0 0 0 0 0 0 0 0 
set_meter     
0 0 0 0 0 0 0 0 0 0 0 0 0 0 0 
check_ad      
0 0 0 0 0 0 0 0 0 0 0 0 0 0 0 
check_meter   
0 0 0 0 0 0 0 0 0 0 0 0 0 0 0 
DA_A          
1.000000 1.000000 1.000000 1.000000 1.000000 1.000000 1.000000 1.000000 1.000000 1.000000 1.000000 1.000000 1.000000 1.000000 
DA_B          
0.000000 0.000000 0.000000 0.000000 0.000000 0.000000 0.000000 0.000000 0.000000 0.000000 0.000000 0.000000 0.000000 0.000000 
AD_A          
1.000000 1.000000 1.000000 1.000000 1.000000 1.000000 1.000000 1.000000 1.000000 1.000000 1.000000 1.000000 1.000000 1.000000 
AD_B
0.000000 0.000000 0.000000 0.000000 0.000000 0.000000 0.000000 0.000000 0.000000 0.000000 0.000000 0.000000 0.000000 0.000000 
AD_Ratio      
1.000000 1.000000

ch05
setPointNum   
0 
setPoint      
0 0 0 0 0 0 0 0 0 0 0 0 0 0 0 
checkPointNum 
0 
checkPoint    
0 0 0 0 0 0 0 0 0 0 0 0 0 0 0 
set_ad        
0 0 0 0 0 0 0 0 0 0 0 0 0 0 0 
set_meter     
0 0 0 0 0 0 0 0 0 0 0 0 0 0 0 
check_ad      
0 0 0 0 0 0 0 0 0 0 0 0 0 0 0 
check_meter   
0 0 0 0 0 0 0 0 0 0 0 0 0 0 0 
DA_A          
1.000000 1.000000 1.000000 1.000000 1.000000 1.000000 1.000000 1.000000 1.000000 1.000000 1.000000 1.000000 1.000000 1.000000 
DA_B          
0.000000 0.000000 0.000000 0.000000 0.000000 0.000000 0.000000 0.000000 0.000000 0.000000 0.000000 0.000000 0.000000 0.000000 
AD_A          
1.000000 1.000000 1.000000 1.000000 1.000000 1.000000 1.000000 1.000000 1.000000 1.000000 1.000000 1.000000 1.000000 1.000000 
AD_B
0.000000 0.000000 0.000000 0.000000 0.000000 0.000000 0.000000 0.000000 0.000000 0.000000 0.000000 0.000000 0.000000 0.000000 
AD_Ratio      
1.000000 1.000000

ch06
setPointNum   
0 
setPoint      
0 0 0 0 0 0 0 0 0 0 0 0 0 0 0 
checkPointNum 
0 
checkPoint    
0 0 0 0 0 0 0 0 0 0 0 0 0 0 0 
set_ad        
0 0 0 0 0 0 0 0 0 0 0 0 0 0 0 
set_meter     
0 0 0 0 0 0 0 0 0 0 0 0 0 0 0 
check_ad      
0 0 0 0 0 0 0 0 0 0 0 0 0 0 0 
check_meter   
0 0 0 0 0 0 0 0 0 0 0 0 0 0 0 
DA_A          
1.000000 1.000000 1.000000 1.000000 1.000000 1.000000 1.000000 1.000000 1.000000 1.000000 1.000000 1.000000 1.000000 1.000000 
DA_B          
0.000000 0.000000 0.000000 0.000000 0.000000 0.000000 0.000000 0.000000 0.000000 0.000000 0.000000 0.000000 0.000000 0.000000 
AD_A          
1.000000 1.000000 1.000000 1.000000 1.000000 1.000000 1.000000 1.000000 1.000000 1.000000 1.000000 1.000000 1.000000 1.000000 
AD_B
0.000000 0.000000 0.000000 0.000000 0.000000 0.000000 0.000000 0.000000 0.000000 0.000000 0.000000 0.000000 0.000000 0.000000 
AD_Ratio      
1.000000 1.000000

ch07
setPointNum   
0 
setPoint      
0 0 0 0 0 0 0 0 0 0 0 0 0 0 0 
checkPointNum 
0 
checkPoint    
0 0 0 0 0 0 0 0 0 0 0 0 0 0 0 
set_ad        
0 0 0 0 0 0 0 0 0 0 0 0 0 0 0 
set_meter     
0 0 0 0 0 0 0 0 0 0 0 0 0 0 0 
check_ad      
0 0 0 0 0 0 0 0 0 0 0 0 0 0 0 
check_meter   
0 0 0 0 0 0 0 0 0 0 0 0 0 0 0 
DA_A          
1.000000 1.000000 1.000000 1.000000 1.000000 1.000000 1.000000 1.000000 1.000000 1.000000 1.000000 1.000000 1.000000 1.000000 
DA_B          
0.000000 0.000000 0.000000 0.000000 0.000000 0.000000 0.000000 0.000000 0.000000 0.000000 0.000000 0.000000 0.000000 0.000000 
AD_A          
1.000000 1.000000 1.000000 1.000000 1.000000 1.000000 1.000000 1.000000 1.000000 1.000000 1.000000 1.000000 1.000000 1.000000 
AD_B
0.000000 0.000000 0.000000 0.000000 0.000000 0.000000 0.000000 0.000000 0.000000 0.000000 0.000000 0.000000 0.000000 0.000000 
AD_Ratio      
1.000000 1.000000

ch08
setPointNum   
0 
setPoint      
0 0 0 0 0 0 0 0 0 0 0 0 0 0 0 
checkPointNum 
0 
checkPoint    
0 0 0 0 0 0 0 0 0 0 0 0 0 0 0 
set_ad        
0 0 0 0 0 0 0 0 0 0 0 0 0 0 0 
set_meter     
0 0 0 0 0 0 0 0 0 0 0 0 0 0 0 
check_ad      
0 0 0 0 0 0 0 0 0 0 0 0 0 0 0 
check_meter   
0 0 0 0 0 0 0 0 0 0 0 0 0 0 0 
DA_A          
1.000000 1.000000 1.000000 1.000000 1.000000 1.000000 1.000000 1.000000 1.000000 1.000000 1.000000 1.000000 1.000000 1.000000 
DA_B          
0.000000 0.000000 0.000000 0.000000 0.000000 0.000000 0.000000 0.000000 0.000000 0.000000 0.000000 0.000000 0.000000 0.000000 
AD_A          
1.000000 1.000000 1.000000 1.000000 1.000000 1.000000 1.000000 1.000000 1.000000 1.000000 1.000000 1.000000 1.000000 1.000000 
AD_B
0.000000 0.000000 0.000000 0.000000 0.000000 0.000000 0.000000 0.000000 0.000000 0.000000 0.000000 0.000000 0.000000 0.000000 
AD_Ratio      
1.000000 1.000000

ch09
setPointNum   
0 
setPoint      
0 0 0 0 0 0 0 0 0 0 0 0 0 0 0 
checkPointNum 
0 
checkPoint    
0 0 0 0 0 0 0 0 0 0 0 0 0 0 0 
set_ad        
0 0 0 0 0 0 0 0 0 0 0 0 0 0 0 
set_meter     
0 0 0 0 0 0 0 0 0 0 0 0 0 0 0 
check_ad      
0 0 0 0 0 0 0 0 0 0 0 0 0 0 0 
check_meter   
0 0 0 0 0 0 0 0 0 0 0 0 0 0 0 
DA_A          
1.000000 1.000000 1.000000 1.000000 1.000000 1.000000 1.000000 1.000000 1.000000 1.000000 1.000000 1.000000 1.000000 1.000000 
DA_B          
0.000000 0.000000 0.000000 0.000000 0.000000 0.000000 0.000000 0.000000 0.000000 0.000000 0.000000 0.000000 0.000000 0.000000 
AD_A          
1.000000 1.000000 1.000000 1.000000 1.000000 1.000000 1.000000 1.000000 1.000000 1.000000 1.000000 1.000000 1.000000 1.000000 
AD_B
0.000000 0.000000 0.000000 0.000000 0.000000 0.000000 0.000000 0.000000 0.000000 0.000000 0.000000 0.000000 0.000000 0.000000 
AD_Ratio      
1.000000 1.000000

ch10
setPointNum   
0 
setPoint      
0 0 0 0 0 0 0 0 0 0 0 0 0 0 0 
checkPointNum 
0 
checkPoint    
0 0 0 0 0 0 0 0 0 0 0 0 0 0 0 
set_ad        
0 0 0 0 0 0 0 0 0 0 0 0 0 0 0 
set_meter     
0 0 0 0 0 0 0 0 0 0 0 0 0 0 0 
check_ad      
0 0 0 0 0 0 0 0 0 0 0 0 0 0 0 
check_meter   
0 0 0 0 0 0 0 0 0 0 0 0 0 0 0 
DA_A          
1.000000 1.000000 1.000000 1.000000 1.000000 1.000000 1.000000 1.000000 1.000000 1.000000 1.000000 1.000000 1.000000 1.000000 
DA_B          
0.000000 0.000000 0.000000 0.000000 0.000000 0.000000 0.000000 0.000000 0.000000 0.000000 0.000000 0.000000 0.000000 0.000000 
AD_A          
1.000000 1.000000 1.000000 1.000000 1.000000 1.000000 1.000000 1.000000 1.000000 1.000000 1.000000 1.000000 1.000000 1.000000 
AD_B
0.000000 0.000000 0.000000 0.000000 0.000000 0.000000 0.000000 0.000000 0.000000 0.000000 0.000000 0.000000 0.000000 0.000000 
AD_Ratio      
1.000000 1.000000

ch11
setPointNum   
0 
setPoint      
0 0 0 0 0 0 0 0 0 0 0 0 0 0 0 
checkPointNum 
0 
checkPoint    
0 0 0 0 0 0 0 0 0 0 0 0 0 0 0 
set_ad        
0 0 0 0 0 0 0 0 0 0 0 0 0 0 0 
set_meter     
0 0 0 0 0 0 0 0 0 0 0 0 0 0 0 
check_ad      
0 0 0 0 0 0 0 0 0 0 0 0 0 0 0 
check_meter   
0 0 0 0 0 0 0 0 0 0 0 0 0 0 0 
DA_A          
1.000000 1.000000 1.000000 1.000000 1.000000 1.000000 1.000000 1.000000 1.000000 1.000000 1.000000 1.000000 1.000000 1.000000 
DA_B          
0.000000 0.000000 0.000000 0.000000 0.000000 0.000000 0.000000 0.000000 0.000000 0.000000 0.000000 0.000000 0.000000 0.000000 
AD_A          
1.000000 1.000000 1.000000 1.000000 1.000000 1.000000 1.000000 1.000000 1.000000 1.000000 1.000000 1.000000 1.000000 1.000000 
AD_B
0.000000 0.000000 0.000000 0.000000 0.000000 0.000000 0.000000 0.000000 0.000000 0.000000 0.000000 0.000000 0.000000 0.000000 
AD_Ratio      
1.000000 1.000000

ch12
setPointNum   
0 
setPoint      
0 0 0 0 0 0 0 0 0 0 0 0 0 0 0 
checkPointNum 
0 
checkPoint    
0 0 0 0 0 0 0 0 0 0 0 0 0 0 0 
set_ad        
0 0 0 0 0 0 0 0 0 0 0 0 0 0 0 
set_meter     
0 0 0 0 0 0 0 0 0 0 0 0 0 0 0 
check_ad      
0 0 0 0 0 0 0 0 0 0 0 0 0 0 0 
check_meter   
0 0 0 0 0 0 0 0 0 0 0 0 0 0 0 
DA_A          
1.000000 1.000000 1.000000 1.000000 1.000000 1.000000 1.000000 1.000000 1.000000 1.000000 1.000000 1.000000 1.000000 1.000000 
DA_B          
0.000000 0.000000 0.000000 0.000000 0.000000 0.000000 0.000000 0.000000 0.000000 0.000000 0.000000 0.000000 0.000000 0.000000 
AD_A          
1.000000 1.000000 1.000000 1.000000 1.000000 1.000000 1.000000 1.000000 1.000000 1.000000 1.000000 1.000000 1.000000 1.000000 
AD_B
0.000000 0.000000 0.000000 0.000000 0.000000 0.000000 0.000000 0.000000 0.000000 0.000000 0.000000 0.000000 0.000000 0.000000 
AD_Ratio      
1.000000 1.000000

ch13
setPointNum   
0 
setPoint      
0 0 0 0 0 0 0 0 0 0 0 0 0 0 0 
checkPointNum 
0 
checkPoint    
0 0 0 0 0 0 0 0 0 0 0 0 0 0 0 
set_ad        
0 0 0 0 0 0 0 0 0 0 0 0 0 0 0 
set_meter     
0 0 0 0 0 0 0 0 0 0 0 0 0 0 0 
check_ad      
0 0 0 0 0 0 0 0 0 0 0 0 0 0 0 
check_meter   
0 0 0 0 0 0 0 0 0 0 0 0 0 0 0 
DA_A          
1.000000 1.000000 1.000000 1.000000 1.000000 1.000000 1.000000 1.000000 1.000000 1.000000 1.000000 1.000000 1.000000 1.000000 
DA_B          
0.000000 0.000000 0.000000 0.000000 0.000000 0.000000 0.000000 0.000000 0.000000 0.000000 0.000000 0.000000 0.000000 0.000000 
AD_A          
1.000000 1.000000 1.000000 1.000000 1.000000 1.000000 1.000000 1.000000 1.000000 1.000000 1.000000 1.000000 1.000000 1.000000 
AD_B
0.000000 0.000000 0.000000 0.000000 0.000000 0.000000 0.000000 0.000000 0.000000 0.000000 0.000000 0.000000 0.000000 0.000000 
AD_Ratio      
1.000000 1.000000

ch14
setPointNum   
0 
setPoint      
0 0 0 0 0 0 0 0 0 0 0 0 0 0 0 
checkPointNum 
0 
checkPoint    
0 0 0 0 0 0 0 0 0 0 0 0 0 0 0 
set_ad        
0 0 0 0 0 0 0 0 0 0 0 0 0 0 0 
set_meter     
0 0 0 0 0 0 0 0 0 0 0 0 0 0 0 
check_ad      
0 0 0 0 0 0 0 0 0 0 0 0 0 0 0 
check_meter   
0 0 0 0 0 0 0 0 0 0 0 0 0 0 0 
DA_A          
1.000000 1.000000 1.000000 1.000000 1.000000 1.000000 1.000000 1.000000 1.000000 1.000000 1.000000 1.000000 1.000000 1.000000 
DA_B          
0.000000 0.000000 0.000000 0.000000 0.000000 0.000000 0.000000 0.000000 0.000000 0.000000 0.000000 0.000000 0.000000 0.000000 
AD_A          
1.000000 1.000000 1.000000 1.000000 1.000000 1.000000 1.000000 1.000000 1.000000 1.000000 1.000000 1.000000 1.000000 1.000000 
AD_B
0.000000 0.000000 0.000000 0.000000 0.000000 0.000000 0.000000 0.000000 0.000000 0.000000 0.000000 0.000000 0.000000 0.000000 
AD_Ratio      
1.000000 1.000000

ch15
setPointNum   
0 
setPoint      
0 0 0 0 0 0 0 0 0 0 0 0 0 0 0 
checkPointNum 
0 
checkPoint    
0 0 0 0 0 0 0 0 0 0 0 0 0 0 0 
set_ad        
0 0 0 0 0 0 0 0 0 0 0 0 0 0 0 
set_meter     
0 0 0 0 0 0 0 0 0 0 0 0 0 0 0 
check_ad      
0 0 0 0 0 0 0 0 0 0 0 0 0 0 0 
check_meter   
0 0 0 0 0 0 0 0 0 0 0 0 0 0 0 
DA_A          
1.000000 1.000000 1.000000 1.000000 1.000000 1.000000 1.000000 1.000000 1.000000 1.000000 1.000000 1.000000 1.000000 1.000000 
DA_B          
0.000000 0.000000 0.000000 0.000000 0.000000 0.000000 0.000000 0.000000 0.000000 0.000000 0.000000 0.000000 0.000000 0.000000 
AD_A          
1.000000 1.000000 1.000000 1.000000 1.000000 1.000000 1.000000 1.000000 1.000000 1.000000 1.000000 1.000000 1.000000 1.000000 
AD_B
0.000000 0.000000 0.000000 0.000000 0.000000 0.000000 0.000000 0.000000 0.000000 0.000000 0.000000 0.000000 0.000000 0.000000 
AD_Ratio      
1.000000 1.000000

ch16
setPointNum   
0 
setPoint      
0 0 0 0 0 0 0 0 0 0 0 0 0 0 0 
checkPointNum 
0 
checkPoint    
0 0 0 0 0 0 0 0 0 0 0 0 0 0 0 
set_ad        
0 0 0 0 0 0 0 0 0 0 0 0 0 0 0 
set_meter     
0 0 0 0 0 0 0 0 0 0 0 0 0 0 0 
check_ad      
0 0 0 0 0 0 0 0 0 0 0 0 0 0 0 
check_meter   
0 0 0 0 0 0 0 0 0 0 0 0 0 0 0 
DA_A          
1.000000 1.000000 1.000000 1.000000 1.000000 1.000000 1.000000 1.000000 1.000000 1.000000 1.000000 1.000000 1.000000 1.000000 
DA_B          
0.000000 0.000000 0.000000 0.000000 0.000000 0.000000 0.000000 0.000000 0.000000 0.000000 0.000000 0.000000 0.000000 0.000000 
AD_A          
1.000000 1.000000 1.000000 1.000000 1.000000 1.000000 1.000000 1.000000 1.000000 1.000000 1.000000 1.000000 1.000000 1.000000 
AD_B
0.000000 0.000000 0.000000 0.000000 0.000000 0.000000 0.000000 0.000000 0.000000 0.000000 0.000000 0.000000 0.000000 0.000000 
AD_Ratio      
1.000000 1.000000

