MCTS_Calibration_File
KJG001-00
date

voltage
range1
ch01
setPointNum   
7 
setPoint      
0 1000000 2500000 3000000 4000000 4500000 5000000 0 0 0 0 0 0 0 0 
checkPointNum 
7 
checkPoint    
0 1000000 2500000 3000000 4000000 4500000 5000000 0 0 0 0 0 0 0 0 
set_ad        
-83 999768 2499823 3000296 4000201 4500407 5000564 0 0 0 0 0 0 0 0 
set_meter     
-4 999931 2500344 3000924 4000980 4501394 5001449 0 0 0 0 0 0 0 0 
check_ad      
179 999757 2499966 3000082 4000086 4499997 4999904 0 0 0 0 0 0 0 0 
check_meter   
-3 999943 2500050 2999995 4000019 4499842 4999897 0 0 0 0 0 0 0 0 
DA_A          
1.000065 0.999725 0.998841 0.999944 0.999173 0.999890 0.000000 0.000000 0.000000 0.000000 0.000000 0.000000 0.000000 0.000000 
DA_B          
4.000260 344.238556 2553.038574 -755.957642 2330.070801 -898.901123 0.000000 0.000000 0.000000 0.000000 0.000000 0.000000 0.000000 0.000000 
AD_A          
1.000084 1.000239 1.000214 1.000151 1.000416 0.999796 0.000000 0.000000 0.000000 0.000000 0.000000 0.000000 0.000000 0.000000 
AD_B
79.006973 -75.602547 -13.456526 174.912262 -884.398315 1904.794800 0.000000 0.000000 0.000000 0.000000 0.000000 0.000000 0.000000 0.000000 
AD_Ratio      
1.000000 -18.000000

ch02
setPointNum   
7 
setPoint      
0 1000000 2500000 3000000 4000000 4500000 5000000 0 0 0 0 0 0 0 0 
checkPointNum 
7 
checkPoint    
0 1000000 2500000 3000000 4000000 4500000 5000000 0 0 0 0 0 0 0 0 
set_ad        
-115 997915 2498028 2998397 3998558 4498723 4998834 0 0 0 0 0 0 0 0 
set_meter     
-4 998275 2498813 2999152 3999371 4499722 4999766 0 0 0 0 0 0 0 0 
check_ad      
112 1000268 2500140 2999864 3999927 4499918 5000058 0 0 0 0 0 0 0 0 
check_meter   
-1 1000124 2499986 2999778 3999966 4500037 5000117 0 0 0 0 0 0 0 0 
DA_A          
1.001724 0.999641 0.999322 0.999781 0.999299 0.999912 0.000000 0.000000 0.000000 0.000000 0.000000 0.000000 0.000000 0.000000 
DA_B          
4.006896 2082.919678 2880.047363 1504.670532 3434.588867 673.940674 0.000000 0.000000 0.000000 0.000000 0.000000 0.000000 0.000000 0.000000 
AD_A          
1.000250 1.000283 0.999940 1.000058 1.000372 0.999866 0.000000 0.000000 0.000000 0.000000 0.000000 0.000000 0.000000 0.000000 
AD_B
111.028694 77.278717 934.771179 581.120972 -673.972900 1601.695068 0.000000 0.000000 0.000000 0.000000 0.000000 0.000000 0.000000 0.000000 
AD_Ratio      
1.000000 -26.000000

ch03
setPointNum   
7 
setPoint      
0 1000000 2500000 3000000 4000000 4500000 5000000 0 0 0 0 0 0 0 0 
checkPointNum 
7 
checkPoint    
0 1000000 2500000 3000000 4000000 4500000 5000000 0 0 0 0 0 0 0 0 
set_ad        
-154 997520 2498192 2998668 3998580 4498999 4999108 0 0 0 0 0 0 0 0 
set_meter     
-5 998011 2498754 2999315 3999645 4500042 5000163 0 0 0 0 0 0 0 0 
check_ad      
253 1000405 2500128 2999969 4000192 4500080 4999943 0 0 0 0 0 0 0 0 
check_meter   
-4 1000160 2500053 2999907 3999907 4500039 4999848 0 0 0 0 0 0 0 0 
DA_A          
1.001988 0.999505 0.998879 0.999670 0.999207 0.999758 0.000000 0.000000 0.000000 0.000000 0.000000 0.000000 0.000000 0.000000 
DA_B          
5.009940 2483.103271 4046.459961 1674.447388 3528.198730 1046.746704 0.000000 0.000000 0.000000 0.000000 0.000000 0.000000 0.000000 0.000000 
AD_A          
1.000343 1.000047 1.000170 1.000418 0.999956 1.000024 0.000000 0.000000 0.000000 0.000000 0.000000 0.000000 0.000000 0.000000 
AD_B
149.052795 443.805206 137.711288 -606.553528 1240.790161 935.047546 0.000000 0.000000 0.000000 0.000000 0.000000 0.000000 0.000000 0.000000 
AD_Ratio      
1.000000 -28.000000

ch04
setPointNum   
7 
setPoint      
0 1000000 2500000 3000000 4000000 4500000 5000000 0 0 0 0 0 0 0 0 
checkPointNum 
7 
checkPoint    
0 1000000 2500000 3000000 4000000 4500000 5000000 0 0 0 0 0 0 0 0 
set_ad        
-60 999702 2500635 3001009 4001284 4501813 5001671 0 0 0 0 0 0 0 0 
set_meter     
1 1000168 2501148 3001552 4002065 4502679 5002809 0 0 0 0 0 0 0 0 
check_ad      
136 1000456 2500010 3000007 4000211 4499803 5000296 0 0 0 0 0 0 0 0 
check_meter   
2 1000176 2499918 3000032 4000193 4499906 5000039 0 0 0 0 0 0 0 0 
DA_A          
0.999833 0.999347 0.999193 0.999487 0.998774 0.999740 0.000000 0.000000 0.000000 0.000000 0.000000 0.000000 0.000000 0.000000 
DA_B          
-0.999833 485.016449 871.296021 -12.993335 2843.508057 -1508.607788 0.000000 0.000000 0.000000 0.000000 0.000000 0.000000 0.000000 0.000000 
AD_A          
1.000405 1.000031 1.000060 1.000238 1.000170 1.000544 0.000000 0.000000 0.000000 0.000000 0.000000 0.000000 0.000000 0.000000 
AD_B
61.024307 434.695465 363.074036 -171.043777 101.500633 -1583.682007 0.000000 0.000000 0.000000 0.000000 0.000000 0.000000 0.000000 0.000000 
AD_Ratio      
1.000000 62.000000

ch05
setPointNum   
7 
setPoint      
0 1000000 2500000 3000000 4000000 4500000 5000000 0 0 0 0 0 0 0 0 
checkPointNum 
7 
checkPoint    
0 1000000 2500000 3000000 4000000 4500000 5000000 0 0 0 0 0 0 0 0 
set_ad        
210 998883 2499228 2999829 3999763 4500157 5000356 0 0 0 0 0 0 0 0 
set_meter     
-3 998820 2499583 3000164 4000526 4501025 5001165 0 0 0 0 0 0 0 0 
check_ad      
-25 999810 2500262 2999624 4000190 4499774 4999806 0 0 0 0 0 0 0 0 
check_meter   
0 1000052 2500278 2999854 4000176 4499769 4999921 0 0 0 0 0 0 0 0 
DA_A          
1.001178 0.999492 0.998839 0.999638 0.999003 0.999720 0.000000 0.000000 0.000000 0.000000 0.000000 0.000000 0.000000 0.000000 
DA_B          
3.003535 1687.808105 3318.144287 921.666382 3462.544434 234.934219 0.000000 0.000000 0.000000 0.000000 0.000000 0.000000 0.000000 0.000000 
AD_A          
1.000150 1.000279 0.999960 1.000428 1.000210 0.999882 0.000000 0.000000 0.000000 0.000000 0.000000 0.000000 0.000000 0.000000 
AD_B
-213.031540 -341.291382 454.849091 -949.011536 -76.288872 1398.807251 0.000000 0.000000 0.000000 0.000000 0.000000 0.000000 0.000000 0.000000 
AD_Ratio      
1.000000 72.000000

ch06
setPointNum   
7 
setPoint      
0 1000000 2500000 3000000 4000000 4500000 5000000 0 0 0 0 0 0 0 0 
checkPointNum 
7 
checkPoint    
0 1000000 2500000 3000000 4000000 4500000 5000000 0 0 0 0 0 0 0 0 
set_ad        
286 998340 2498682 2999083 3999329 4499216 4999409 0 0 0 0 0 0 0 0 
set_meter     
-3 998384 2499002 2999562 3999772 4500127 5000232 0 0 0 0 0 0 0 0 
check_ad      
36 999950 2500311 2999955 3999859 4499914 4999874 0 0 0 0 0 0 0 0 
check_meter   
0 999956 2500334 2999873 4000071 4499810 4999911 0 0 0 0 0 0 0 0 
DA_A          
1.001616 0.999588 0.998881 0.999790 0.999291 0.999790 0.000000 0.000000 0.000000 0.000000 0.000000 0.000000 0.000000 0.000000 
DA_B          
3.004847 2027.164795 3793.750977 1067.775757 3065.823242 817.828247 0.000000 0.000000 0.000000 0.000000 0.000000 0.000000 0.000000 0.000000 
AD_A          
1.000334 1.000184 1.000318 0.999964 1.000936 0.999824 0.000000 0.000000 0.000000 0.000000 0.000000 0.000000 0.000000 0.000000 
AD_B
-289.095428 -139.652695 -473.944122 586.940430 -3301.218018 1702.556519 0.000000 0.000000 0.000000 0.000000 0.000000 0.000000 0.000000 0.000000 
AD_Ratio      
1.000000 97.000000

ch07
setPointNum   
7 
setPoint      
0 1000000 2500000 3000000 4000000 4500000 5000000 0 0 0 0 0 0 0 0 
checkPointNum 
7 
checkPoint    
0 1000000 2500000 3000000 4000000 4500000 5000000 0 0 0 0 0 0 0 0 
set_ad        
362 998781 2499329 2999989 3999877 4500379 5000427 0 0 0 0 0 0 0 0 
set_meter     
-2 998777 2499638 3000269 4000694 4501108 5001224 0 0 0 0 0 0 0 0 
check_ad      
-41 1000156 2500153 2999810 4000237 4499791 5000005 0 0 0 0 0 0 0 0 
check_meter   
0 1000103 2500114 2999964 4000059 4499891 5000019 0 0 0 0 0 0 0 0 
DA_A          
1.001222 0.999426 0.998740 0.999575 0.999173 0.999768 0.000000 0.000000 0.000000 0.000000 0.000000 0.000000 0.000000 0.000000 
DA_B          
2.002445 1795.969116 3512.567139 1005.572632 2615.833984 -63.985157 0.000000 0.000000 0.000000 0.000000 0.000000 0.000000 0.000000 0.000000 
AD_A          
1.000361 1.000209 0.999942 1.000537 0.999824 1.000136 0.000000 0.000000 0.000000 0.000000 0.000000 0.000000 0.000000 0.000000 
AD_B
-364.130524 -212.336197 453.769989 -1331.174561 1520.272217 117.007210 0.000000 0.000000 0.000000 0.000000 0.000000 0.000000 0.000000 0.000000 
AD_Ratio      
1.000000 183.000000

ch08
setPointNum   
7 
setPoint      
0 1000000 2500000 3000000 4000000 4500000 5000000 0 0 0 0 0 0 0 0 
checkPointNum 
7 
checkPoint    
0 1000000 2500000 3000000 4000000 4500000 5000000 0 0 0 0 0 0 0 0 
set_ad        
500 998662 2499272 2999319 3999673 4500069 5000111 0 0 0 0 0 0 0 0 
set_meter     
-3 998433 2499148 2999616 3999968 4500519 5000557 0 0 0 0 0 0 0 0 
check_ad      
187 999948 2499839 3000053 3999892 4499738 4999783 0 0 0 0 0 0 0 0 
check_meter   
0 999981 2500106 2999888 3999970 4499886 4999946 0 0 0 0 0 0 0 0 
DA_A          
1.001566 0.999524 0.999065 0.999648 0.998899 0.999924 0.000000 0.000000 0.000000 0.000000 0.000000 0.000000 0.000000 0.000000 
DA_B          
3.004699 2042.692993 3189.015137 1439.493286 4435.112305 -176.986542 0.000000 0.000000 0.000000 0.000000 0.000000 0.000000 0.000000 0.000000 
AD_A          
1.000275 1.000070 1.000842 0.999998 1.000310 0.999992 0.000000 0.000000 0.000000 0.000000 0.000000 0.000000 0.000000 0.000000 
AD_B
-503.137238 -298.877930 -2228.189209 302.996521 -943.917419 485.997528 0.000000 0.000000 0.000000 0.000000 0.000000 0.000000 0.000000 0.000000 
AD_Ratio      
1.000000 168.000000

ch09
setPointNum   
7 
setPoint      
0 1000000 2500000 3000000 4000000 4500000 5000000 0 0 0 0 0 0 0 0 
checkPointNum 
7 
checkPoint    
0 1000000 2500000 3000000 4000000 4500000 5000000 0 0 0 0 0 0 0 0 
set_ad        
278 1000572 2501168 3001521 4001923 4502329 5002373 0 0 0 0 0 0 0 0 
set_meter     
0 1000532 2501603 3001919 4002383 4503012 5003284 0 0 0 0 0 0 0 0 
check_ad      
-90 999937 2500196 2999702 4000113 4499774 5000045 0 0 0 0 0 0 0 0 
check_meter   
5 999930 2500089 2999741 4000273 4499965 4999938 0 0 0 0 0 0 0 0 
DA_A          
0.999468 0.999287 0.999368 0.999536 0.998744 0.999456 0.000000 0.000000 0.000000 0.000000 0.000000 0.000000 0.000000 0.000000 
DA_B          
0.000000 181.870148 -22.985474 -526.755615 2645.671631 -563.693359 0.000000 0.000000 0.000000 0.000000 0.000000 0.000000 0.000000 0.000000 
AD_A          
1.000238 1.000317 0.999926 1.000062 1.000446 1.000456 0.000000 0.000000 0.000000 0.000000 0.000000 0.000000 0.000000 0.000000 
AD_B
-278.066132 -356.721954 619.955872 211.980484 -1323.409546 -1369.881348 0.000000 0.000000 0.000000 0.000000 0.000000 0.000000 0.000000 0.000000 
AD_Ratio      
1.000000 -277.000000

ch10
setPointNum   
7 
setPoint      
0 1000000 2500000 3000000 4000000 4500000 5000000 0 0 0 0 0 0 0 0 
checkPointNum 
7 
checkPoint    
0 1000000 2500000 3000000 4000000 4500000 5000000 0 0 0 0 0 0 0 0 
set_ad        
45 1000401 2500911 3001473 4001829 4502335 5002278 0 0 0 0 0 0 0 0 
set_meter     
2 1000387 2501336 3001926 4002378 4502919 5003110 0 0 0 0 0 0 0 0 
check_ad      
264 1000036 2500316 2999633 4000182 4499754 5000102 0 0 0 0 0 0 0 0 
check_meter   
14 1000082 2500104 2999775 4000237 4499842 5000041 0 0 0 0 0 0 0 0 
DA_A          
0.999615 0.999368 0.998821 0.999548 0.998919 0.999618 0.000000 0.000000 0.000000 0.000000 0.000000 0.000000 0.000000 0.000000 
DA_B          
-1.999230 245.511337 1612.097778 -569.742493 1947.892334 -1199.541748 0.000000 0.000000 0.000000 0.000000 0.000000 0.000000 0.000000 0.000000 
AD_A          
1.000029 1.000293 1.000056 1.000096 1.000070 1.000496 0.000000 0.000000 0.000000 0.000000 0.000000 0.000000 0.000000 0.000000 
AD_B
-43.001305 -306.684509 285.106232 164.961136 269.155182 -1649.412720 0.000000 0.000000 0.000000 0.000000 0.000000 0.000000 0.000000 0.000000 
AD_Ratio      
1.000000 -20.000000

ch11
setPointNum   
7 
setPoint      
0 1000000 2500000 3000000 4000000 4500000 5000000 0 0 0 0 0 0 0 0 
checkPointNum 
7 
checkPoint    
0 1000000 2500000 3000000 4000000 4500000 5000000 0 0 0 0 0 0 0 0 
set_ad        
220 997460 2497699 2997996 3998039 4498392 4998484 0 0 0 0 0 0 0 0 
set_meter     
-7 997466 2498088 2998536 3998770 4499216 4999289 0 0 0 0 0 0 0 0 
check_ad      
-13 999853 2500168 2999803 4000086 4499822 4999897 0 0 0 0 0 0 0 0 
check_meter   
-6 999950 2500265 2999790 4000000 4499810 4999982 0 0 0 0 0 0 0 0 
DA_A          
1.002533 0.999586 0.999105 0.999766 0.999109 0.999854 0.000000 0.000000 0.000000 0.000000 0.000000 0.000000 0.000000 0.000000 
DA_B          
7.017734 2947.444580 4148.283203 2165.493164 4793.724121 1440.789673 0.000000 0.000000 0.000000 0.000000 0.000000 0.000000 0.000000 0.000000 
AD_A          
1.000234 1.000255 1.000302 1.000191 1.000186 0.999962 0.000000 0.000000 0.000000 0.000000 0.000000 0.000000 0.000000 0.000000 
AD_B
-227.051407 -248.644211 -364.857300 -32.592613 -12.110618 994.907471 0.000000 0.000000 0.000000 0.000000 0.000000 0.000000 0.000000 0.000000 
AD_Ratio      
1.000000 33.000000

ch12
setPointNum   
7 
setPoint      
0 1000000 2500000 3000000 4000000 4500000 5000000 0 0 0 0 0 0 0 0 
checkPointNum 
7 
checkPoint    
0 1000000 2500000 3000000 4000000 4500000 5000000 0 0 0 0 0 0 0 0 
set_ad        
395 998107 2498405 2999117 3999215 4499320 4999720 0 0 0 0 0 0 0 0 
set_meter     
-5 997875 2498754 2999371 3999772 4500232 5000396 0 0 0 0 0 0 0 0 
check_ad      
55 999813 2500234 3000136 4000081 4500123 4999973 0 0 0 0 0 0 0 0 
check_meter   
-4 1000021 2500101 2999978 4000083 4499928 5000088 0 0 0 0 0 0 0 0 
DA_A          
1.002125 0.999414 0.998767 0.999599 0.999081 0.999672 0.000000 0.000000 0.000000 0.000000 0.000000 0.000000 0.000000 0.000000 
DA_B          
5.010623 2709.412354 4325.662109 1831.265625 3904.407959 1243.592041 0.000000 0.000000 0.000000 0.000000 0.000000 0.000000 0.000000 0.000000 
AD_A          
1.000168 1.000387 0.999810 1.000303 1.000710 0.999528 0.000000 0.000000 0.000000 0.000000 0.000000 0.000000 0.000000 0.000000 
AD_B
-400.066498 -618.523315 823.021973 -654.643433 -2281.846436 3033.981445 0.000000 0.000000 0.000000 0.000000 0.000000 0.000000 0.000000 0.000000 
AD_Ratio      
1.000000 81.000000

ch13
setPointNum   
7 
setPoint      
0 1000000 2500000 3000000 4000000 4500000 5000000 0 0 0 0 0 0 0 0 
checkPointNum 
7 
checkPoint    
0 1000000 2500000 3000000 4000000 4500000 5000000 0 0 0 0 0 0 0 0 
set_ad        
162 999752 2500106 3000470 4000575 4500888 5000792 0 0 0 0 0 0 0 0 
set_meter     
4 999955 2500515 3001019 4001237 4501631 5001674 0 0 0 0 0 0 0 0 
check_ad      
-21 999995 2500265 2999753 4000033 4499725 5000237 0 0 0 0 0 0 0 0 
check_meter   
4 999972 2500180 2999802 3999970 4499867 5000159 0 0 0 0 0 0 0 0 
DA_A          
1.000049 0.999627 0.998993 0.999782 0.999213 0.999914 0.000000 0.000000 0.000000 0.000000 0.000000 0.000000 0.000000 0.000000 
DA_B          
-4.000196 418.177216 2002.980957 -364.920441 1913.492188 -1243.893066 0.000000 0.000000 0.000000 0.000000 0.000000 0.000000 0.000000 0.000000 
AD_A          
1.000361 1.000137 1.000280 1.000113 1.000162 1.000278 0.000000 0.000000 0.000000 0.000000 0.000000 0.000000 0.000000 0.000000 
AD_B
-158.058502 65.733124 -290.520416 209.982483 14.312303 -508.487152 0.000000 0.000000 0.000000 0.000000 0.000000 0.000000 0.000000 0.000000 
AD_Ratio      
1.000000 -38.000000

ch14
setPointNum   
7 
setPoint      
0 1000000 2500000 3000000 4000000 4500000 5000000 0 0 0 0 0 0 0 0 
checkPointNum 
7 
checkPoint    
0 1000000 2500000 3000000 4000000 4500000 5000000 0 0 0 0 0 0 0 0 
set_ad        
425 999331 2499825 3000240 4000418 4500887 5000794 0 0 0 0 0 0 0 0 
set_meter     
2 999273 2499964 3000508 4000806 4501297 5001381 0 0 0 0 0 0 0 0 
check_ad      
-6 1000279 2499952 3000038 4000281 4499694 4999764 0 0 0 0 0 0 0 0 
check_meter   
3 1000183 2499964 2999905 4000222 4499815 4999888 0 0 0 0 0 0 0 0 
DA_A          
1.000730 0.999540 0.998913 0.999702 0.999019 0.999832 0.000000 0.000000 0.000000 0.000000 0.000000 0.000000 0.000000 0.000000 
DA_B          
-2.001459 1187.119751 2753.004639 385.885010 3118.937256 -540.909119 0.000000 0.000000 0.000000 0.000000 0.000000 0.000000 0.000000 0.000000 
AD_A          
1.000365 1.000131 1.000258 1.000120 1.000044 1.000354 0.000000 0.000000 0.000000 0.000000 0.000000 0.000000 0.000000 0.000000 
AD_B
-423.155304 -189.202255 -505.419983 -91.964729 212.146561 -1183.610352 0.000000 0.000000 0.000000 0.000000 0.000000 0.000000 0.000000 0.000000 
AD_Ratio      
1.000000 -210.000000

ch15
setPointNum   
7 
setPoint      
0 1000000 2500000 3000000 4000000 4500000 5000000 0 0 0 0 0 0 0 0 
checkPointNum 
7 
checkPoint    
0 1000000 2500000 3000000 4000000 4500000 5000000 0 0 0 0 0 0 0 0 
set_ad        
404 999579 2499922 3000371 4000458 4500696 5000628 0 0 0 0 0 0 0 0 
set_meter     
1 999516 2500128 3000633 4000879 4501279 5001339 0 0 0 0 0 0 0 0 
check_ad      
39 1000210 2500097 3000094 3999825 4499617 4999979 0 0 0 0 0 0 0 0 
check_meter   
1 1000134 2500123 3000008 3999922 4499754 5000146 0 0 0 0 0 0 0 0 
DA_A          
1.000485 0.999592 0.998991 0.999754 0.999201 0.999880 0.000000 0.000000 0.000000 0.000000 0.000000 0.000000 0.000000 0.000000 
DA_B          
-1.000485 891.636230 2394.581543 104.974174 2319.144775 -738.911316 0.000000 0.000000 0.000000 0.000000 0.000000 0.000000 0.000000 0.000000 
AD_A          
1.000340 1.000179 1.000112 1.000159 1.000324 1.000256 0.000000 0.000000 0.000000 0.000000 0.000000 0.000000 0.000000 0.000000 
AD_B
-403.137482 -242.216858 -73.740059 -215.017487 -874.531738 -569.334900 0.000000 0.000000 0.000000 0.000000 0.000000 0.000000 0.000000 0.000000 
AD_Ratio      
1.000000 -402.000000

ch16
setPointNum   
7 
setPoint      
0 1000000 2500000 3000000 4000000 4500000 5000000 0 0 0 0 0 0 0 0 
checkPointNum 
7 
checkPoint    
0 1000000 2500000 3000000 4000000 4500000 5000000 0 0 0 0 0 0 0 0 
set_ad        
792 1000108 2500693 3000938 4001019 4501518 5001449 0 0 0 0 0 0 0 0 
set_meter     
2 999763 2500560 3001064 4001401 4501854 5002048 0 0 0 0 0 0 0 0 
check_ad      
-83 1000137 2499963 3000004 4000291 4499916 5000058 0 0 0 0 0 0 0 0 
check_meter   
3 1000049 2499950 2999839 4000188 4500044 4999938 0 0 0 0 0 0 0 0 
DA_A          
1.000239 0.999469 0.998993 0.999663 0.999095 0.999612 0.000000 0.000000 0.000000 0.000000 0.000000 0.000000 0.000000 0.000000 
DA_B          
-2.000478 767.925293 1958.026367 -52.982143 2220.987793 -107.958115 0.000000 0.000000 0.000000 0.000000 0.000000 0.000000 0.000000 0.000000 
AD_A          
1.000445 1.000141 1.000518 1.000256 0.999908 1.000526 0.000000 0.000000 0.000000 0.000000 0.000000 0.000000 0.000000 0.000000 
AD_B
-790.352661 -486.293488 -1427.724609 -642.177917 749.726746 -2032.125244 0.000000 0.000000 0.000000 0.000000 0.000000 0.000000 0.000000 0.000000 
AD_Ratio      
1.000000 -394.000000

range2
ch01
setPointNum   
0 
setPoint      
0 0 0 0 0 0 0 0 0 0 0 0 0 0 0 
checkPointNum 
0 
checkPoint    
0 0 0 0 0 0 0 0 0 0 0 0 0 0 0 
set_ad        
0 0 0 0 0 0 0 0 0 0 0 0 0 0 0 
set_meter     
0 0 0 0 0 0 0 0 0 0 0 0 0 0 0 
check_ad      
0 0 0 0 0 0 0 0 0 0 0 0 0 0 0 
check_meter   
0 0 0 0 0 0 0 0 0 0 0 0 0 0 0 
DA_A          
1.000000 1.000000 1.000000 1.000000 1.000000 1.000000 1.000000 1.000000 1.000000 1.000000 1.000000 1.000000 1.000000 1.000000 
DA_B          
0.000000 0.000000 0.000000 0.000000 0.000000 0.000000 0.000000 0.000000 0.000000 0.000000 0.000000 0.000000 0.000000 0.000000 
AD_A          
1.000000 1.000000 1.000000 1.000000 1.000000 1.000000 1.000000 1.000000 1.000000 1.000000 1.000000 1.000000 1.000000 1.000000 
AD_B
0.000000 0.000000 0.000000 0.000000 0.000000 0.000000 0.000000 0.000000 0.000000 0.000000 0.000000 0.000000 0.000000 0.000000 
AD_Ratio      
1.000000 1.000000

ch02
setPointNum   
0 
setPoint      
0 0 0 0 0 0 0 0 0 0 0 0 0 0 0 
checkPointNum 
0 
checkPoint    
0 0 0 0 0 0 0 0 0 0 0 0 0 0 0 
set_ad        
0 0 0 0 0 0 0 0 0 0 0 0 0 0 0 
set_meter     
0 0 0 0 0 0 0 0 0 0 0 0 0 0 0 
check_ad      
0 0 0 0 0 0 0 0 0 0 0 0 0 0 0 
check_meter   
0 0 0 0 0 0 0 0 0 0 0 0 0 0 0 
DA_A          
1.000000 1.000000 1.000000 1.000000 1.000000 1.000000 1.000000 1.000000 1.000000 1.000000 1.000000 1.000000 1.000000 1.000000 
DA_B          
0.000000 0.000000 0.000000 0.000000 0.000000 0.000000 0.000000 0.000000 0.000000 0.000000 0.000000 0.000000 0.000000 0.000000 
AD_A          
1.000000 1.000000 1.000000 1.000000 1.000000 1.000000 1.000000 1.000000 1.000000 1.000000 1.000000 1.000000 1.000000 1.000000 
AD_B
0.000000 0.000000 0.000000 0.000000 0.000000 0.000000 0.000000 0.000000 0.000000 0.000000 0.000000 0.000000 0.000000 0.000000 
AD_Ratio      
1.000000 1.000000

ch03
setPointNum   
0 
setPoint      
0 0 0 0 0 0 0 0 0 0 0 0 0 0 0 
checkPointNum 
0 
checkPoint    
0 0 0 0 0 0 0 0 0 0 0 0 0 0 0 
set_ad        
0 0 0 0 0 0 0 0 0 0 0 0 0 0 0 
set_meter     
0 0 0 0 0 0 0 0 0 0 0 0 0 0 0 
check_ad      
0 0 0 0 0 0 0 0 0 0 0 0 0 0 0 
check_meter   
0 0 0 0 0 0 0 0 0 0 0 0 0 0 0 
DA_A          
1.000000 1.000000 1.000000 1.000000 1.000000 1.000000 1.000000 1.000000 1.000000 1.000000 1.000000 1.000000 1.000000 1.000000 
DA_B          
0.000000 0.000000 0.000000 0.000000 0.000000 0.000000 0.000000 0.000000 0.000000 0.000000 0.000000 0.000000 0.000000 0.000000 
AD_A          
1.000000 1.000000 1.000000 1.000000 1.000000 1.000000 1.000000 1.000000 1.000000 1.000000 1.000000 1.000000 1.000000 1.000000 
AD_B
0.000000 0.000000 0.000000 0.000000 0.000000 0.000000 0.000000 0.000000 0.000000 0.000000 0.000000 0.000000 0.000000 0.000000 
AD_Ratio      
1.000000 1.000000

ch04
setPointNum   
0 
setPoint      
0 0 0 0 0 0 0 0 0 0 0 0 0 0 0 
checkPointNum 
0 
checkPoint    
0 0 0 0 0 0 0 0 0 0 0 0 0 0 0 
set_ad        
0 0 0 0 0 0 0 0 0 0 0 0 0 0 0 
set_meter     
0 0 0 0 0 0 0 0 0 0 0 0 0 0 0 
check_ad      
0 0 0 0 0 0 0 0 0 0 0 0 0 0 0 
check_meter   
0 0 0 0 0 0 0 0 0 0 0 0 0 0 0 
DA_A          
1.000000 1.000000 1.000000 1.000000 1.000000 1.000000 1.000000 1.000000 1.000000 1.000000 1.000000 1.000000 1.000000 1.000000 
DA_B          
0.000000 0.000000 0.000000 0.000000 0.000000 0.000000 0.000000 0.000000 0.000000 0.000000 0.000000 0.000000 0.000000 0.000000 
AD_A          
1.000000 1.000000 1.000000 1.000000 1.000000 1.000000 1.000000 1.000000 1.000000 1.000000 1.000000 1.000000 1.000000 1.000000 
AD_B
0.000000 0.000000 0.000000 0.000000 0.000000 0.000000 0.000000 0.000000 0.000000 0.000000 0.000000 0.000000 0.000000 0.000000 
AD_Ratio      
1.000000 1.000000

ch05
setPointNum   
0 
setPoint      
0 0 0 0 0 0 0 0 0 0 0 0 0 0 0 
checkPointNum 
0 
checkPoint    
0 0 0 0 0 0 0 0 0 0 0 0 0 0 0 
set_ad        
0 0 0 0 0 0 0 0 0 0 0 0 0 0 0 
set_meter     
0 0 0 0 0 0 0 0 0 0 0 0 0 0 0 
check_ad      
0 0 0 0 0 0 0 0 0 0 0 0 0 0 0 
check_meter   
0 0 0 0 0 0 0 0 0 0 0 0 0 0 0 
DA_A          
1.000000 1.000000 1.000000 1.000000 1.000000 1.000000 1.000000 1.000000 1.000000 1.000000 1.000000 1.000000 1.000000 1.000000 
DA_B          
0.000000 0.000000 0.000000 0.000000 0.000000 0.000000 0.000000 0.000000 0.000000 0.000000 0.000000 0.000000 0.000000 0.000000 
AD_A          
1.000000 1.000000 1.000000 1.000000 1.000000 1.000000 1.000000 1.000000 1.000000 1.000000 1.000000 1.000000 1.000000 1.000000 
AD_B
0.000000 0.000000 0.000000 0.000000 0.000000 0.000000 0.000000 0.000000 0.000000 0.000000 0.000000 0.000000 0.000000 0.000000 
AD_Ratio      
1.000000 1.000000

ch06
setPointNum   
0 
setPoint      
0 0 0 0 0 0 0 0 0 0 0 0 0 0 0 
checkPointNum 
0 
checkPoint    
0 0 0 0 0 0 0 0 0 0 0 0 0 0 0 
set_ad        
0 0 0 0 0 0 0 0 0 0 0 0 0 0 0 
set_meter     
0 0 0 0 0 0 0 0 0 0 0 0 0 0 0 
check_ad      
0 0 0 0 0 0 0 0 0 0 0 0 0 0 0 
check_meter   
0 0 0 0 0 0 0 0 0 0 0 0 0 0 0 
DA_A          
1.000000 1.000000 1.000000 1.000000 1.000000 1.000000 1.000000 1.000000 1.000000 1.000000 1.000000 1.000000 1.000000 1.000000 
DA_B          
0.000000 0.000000 0.000000 0.000000 0.000000 0.000000 0.000000 0.000000 0.000000 0.000000 0.000000 0.000000 0.000000 0.000000 
AD_A          
1.000000 1.000000 1.000000 1.000000 1.000000 1.000000 1.000000 1.000000 1.000000 1.000000 1.000000 1.000000 1.000000 1.000000 
AD_B
0.000000 0.000000 0.000000 0.000000 0.000000 0.000000 0.000000 0.000000 0.000000 0.000000 0.000000 0.000000 0.000000 0.000000 
AD_Ratio      
1.000000 1.000000

ch07
setPointNum   
0 
setPoint      
0 0 0 0 0 0 0 0 0 0 0 0 0 0 0 
checkPointNum 
0 
checkPoint    
0 0 0 0 0 0 0 0 0 0 0 0 0 0 0 
set_ad        
0 0 0 0 0 0 0 0 0 0 0 0 0 0 0 
set_meter     
0 0 0 0 0 0 0 0 0 0 0 0 0 0 0 
check_ad      
0 0 0 0 0 0 0 0 0 0 0 0 0 0 0 
check_meter   
0 0 0 0 0 0 0 0 0 0 0 0 0 0 0 
DA_A          
1.000000 1.000000 1.000000 1.000000 1.000000 1.000000 1.000000 1.000000 1.000000 1.000000 1.000000 1.000000 1.000000 1.000000 
DA_B          
0.000000 0.000000 0.000000 0.000000 0.000000 0.000000 0.000000 0.000000 0.000000 0.000000 0.000000 0.000000 0.000000 0.000000 
AD_A          
1.000000 1.000000 1.000000 1.000000 1.000000 1.000000 1.000000 1.000000 1.000000 1.000000 1.000000 1.000000 1.000000 1.000000 
AD_B
0.000000 0.000000 0.000000 0.000000 0.000000 0.000000 0.000000 0.000000 0.000000 0.000000 0.000000 0.000000 0.000000 0.000000 
AD_Ratio      
1.000000 1.000000

ch08
setPointNum   
0 
setPoint      
0 0 0 0 0 0 0 0 0 0 0 0 0 0 0 
checkPointNum 
0 
checkPoint    
0 0 0 0 0 0 0 0 0 0 0 0 0 0 0 
set_ad        
0 0 0 0 0 0 0 0 0 0 0 0 0 0 0 
set_meter     
0 0 0 0 0 0 0 0 0 0 0 0 0 0 0 
check_ad      
0 0 0 0 0 0 0 0 0 0 0 0 0 0 0 
check_meter   
0 0 0 0 0 0 0 0 0 0 0 0 0 0 0 
DA_A          
1.000000 1.000000 1.000000 1.000000 1.000000 1.000000 1.000000 1.000000 1.000000 1.000000 1.000000 1.000000 1.000000 1.000000 
DA_B          
0.000000 0.000000 0.000000 0.000000 0.000000 0.000000 0.000000 0.000000 0.000000 0.000000 0.000000 0.000000 0.000000 0.000000 
AD_A          
1.000000 1.000000 1.000000 1.000000 1.000000 1.000000 1.000000 1.000000 1.000000 1.000000 1.000000 1.000000 1.000000 1.000000 
AD_B
0.000000 0.000000 0.000000 0.000000 0.000000 0.000000 0.000000 0.000000 0.000000 0.000000 0.000000 0.000000 0.000000 0.000000 
AD_Ratio      
1.000000 1.000000

ch09
setPointNum   
0 
setPoint      
0 0 0 0 0 0 0 0 0 0 0 0 0 0 0 
checkPointNum 
0 
checkPoint    
0 0 0 0 0 0 0 0 0 0 0 0 0 0 0 
set_ad        
0 0 0 0 0 0 0 0 0 0 0 0 0 0 0 
set_meter     
0 0 0 0 0 0 0 0 0 0 0 0 0 0 0 
check_ad      
0 0 0 0 0 0 0 0 0 0 0 0 0 0 0 
check_meter   
0 0 0 0 0 0 0 0 0 0 0 0 0 0 0 
DA_A          
1.000000 1.000000 1.000000 1.000000 1.000000 1.000000 1.000000 1.000000 1.000000 1.000000 1.000000 1.000000 1.000000 1.000000 
DA_B          
0.000000 0.000000 0.000000 0.000000 0.000000 0.000000 0.000000 0.000000 0.000000 0.000000 0.000000 0.000000 0.000000 0.000000 
AD_A          
1.000000 1.000000 1.000000 1.000000 1.000000 1.000000 1.000000 1.000000 1.000000 1.000000 1.000000 1.000000 1.000000 1.000000 
AD_B
0.000000 0.000000 0.000000 0.000000 0.000000 0.000000 0.000000 0.000000 0.000000 0.000000 0.000000 0.000000 0.000000 0.000000 
AD_Ratio      
1.000000 1.000000

ch10
setPointNum   
0 
setPoint      
0 0 0 0 0 0 0 0 0 0 0 0 0 0 0 
checkPointNum 
0 
checkPoint    
0 0 0 0 0 0 0 0 0 0 0 0 0 0 0 
set_ad        
0 0 0 0 0 0 0 0 0 0 0 0 0 0 0 
set_meter     
0 0 0 0 0 0 0 0 0 0 0 0 0 0 0 
check_ad      
0 0 0 0 0 0 0 0 0 0 0 0 0 0 0 
check_meter   
0 0 0 0 0 0 0 0 0 0 0 0 0 0 0 
DA_A          
1.000000 1.000000 1.000000 1.000000 1.000000 1.000000 1.000000 1.000000 1.000000 1.000000 1.000000 1.000000 1.000000 1.000000 
DA_B          
0.000000 0.000000 0.000000 0.000000 0.000000 0.000000 0.000000 0.000000 0.000000 0.000000 0.000000 0.000000 0.000000 0.000000 
AD_A          
1.000000 1.000000 1.000000 1.000000 1.000000 1.000000 1.000000 1.000000 1.000000 1.000000 1.000000 1.000000 1.000000 1.000000 
AD_B
0.000000 0.000000 0.000000 0.000000 0.000000 0.000000 0.000000 0.000000 0.000000 0.000000 0.000000 0.000000 0.000000 0.000000 
AD_Ratio      
1.000000 1.000000

ch11
setPointNum   
0 
setPoint      
0 0 0 0 0 0 0 0 0 0 0 0 0 0 0 
checkPointNum 
0 
checkPoint    
0 0 0 0 0 0 0 0 0 0 0 0 0 0 0 
set_ad        
0 0 0 0 0 0 0 0 0 0 0 0 0 0 0 
set_meter     
0 0 0 0 0 0 0 0 0 0 0 0 0 0 0 
check_ad      
0 0 0 0 0 0 0 0 0 0 0 0 0 0 0 
check_meter   
0 0 0 0 0 0 0 0 0 0 0 0 0 0 0 
DA_A          
1.000000 1.000000 1.000000 1.000000 1.000000 1.000000 1.000000 1.000000 1.000000 1.000000 1.000000 1.000000 1.000000 1.000000 
DA_B          
0.000000 0.000000 0.000000 0.000000 0.000000 0.000000 0.000000 0.000000 0.000000 0.000000 0.000000 0.000000 0.000000 0.000000 
AD_A          
1.000000 1.000000 1.000000 1.000000 1.000000 1.000000 1.000000 1.000000 1.000000 1.000000 1.000000 1.000000 1.000000 1.000000 
AD_B
0.000000 0.000000 0.000000 0.000000 0.000000 0.000000 0.000000 0.000000 0.000000 0.000000 0.000000 0.000000 0.000000 0.000000 
AD_Ratio      
1.000000 1.000000

ch12
setPointNum   
0 
setPoint      
0 0 0 0 0 0 0 0 0 0 0 0 0 0 0 
checkPointNum 
0 
checkPoint    
0 0 0 0 0 0 0 0 0 0 0 0 0 0 0 
set_ad        
0 0 0 0 0 0 0 0 0 0 0 0 0 0 0 
set_meter     
0 0 0 0 0 0 0 0 0 0 0 0 0 0 0 
check_ad      
0 0 0 0 0 0 0 0 0 0 0 0 0 0 0 
check_meter   
0 0 0 0 0 0 0 0 0 0 0 0 0 0 0 
DA_A          
1.000000 1.000000 1.000000 1.000000 1.000000 1.000000 1.000000 1.000000 1.000000 1.000000 1.000000 1.000000 1.000000 1.000000 
DA_B          
0.000000 0.000000 0.000000 0.000000 0.000000 0.000000 0.000000 0.000000 0.000000 0.000000 0.000000 0.000000 0.000000 0.000000 
AD_A          
1.000000 1.000000 1.000000 1.000000 1.000000 1.000000 1.000000 1.000000 1.000000 1.000000 1.000000 1.000000 1.000000 1.000000 
AD_B
0.000000 0.000000 0.000000 0.000000 0.000000 0.000000 0.000000 0.000000 0.000000 0.000000 0.000000 0.000000 0.000000 0.000000 
AD_Ratio      
1.000000 1.000000

ch13
setPointNum   
0 
setPoint      
0 0 0 0 0 0 0 0 0 0 0 0 0 0 0 
checkPointNum 
0 
checkPoint    
0 0 0 0 0 0 0 0 0 0 0 0 0 0 0 
set_ad        
0 0 0 0 0 0 0 0 0 0 0 0 0 0 0 
set_meter     
0 0 0 0 0 0 0 0 0 0 0 0 0 0 0 
check_ad      
0 0 0 0 0 0 0 0 0 0 0 0 0 0 0 
check_meter   
0 0 0 0 0 0 0 0 0 0 0 0 0 0 0 
DA_A          
1.000000 1.000000 1.000000 1.000000 1.000000 1.000000 1.000000 1.000000 1.000000 1.000000 1.000000 1.000000 1.000000 1.000000 
DA_B          
0.000000 0.000000 0.000000 0.000000 0.000000 0.000000 0.000000 0.000000 0.000000 0.000000 0.000000 0.000000 0.000000 0.000000 
AD_A          
1.000000 1.000000 1.000000 1.000000 1.000000 1.000000 1.000000 1.000000 1.000000 1.000000 1.000000 1.000000 1.000000 1.000000 
AD_B
0.000000 0.000000 0.000000 0.000000 0.000000 0.000000 0.000000 0.000000 0.000000 0.000000 0.000000 0.000000 0.000000 0.000000 
AD_Ratio      
1.000000 1.000000

ch14
setPointNum   
0 
setPoint      
0 0 0 0 0 0 0 0 0 0 0 0 0 0 0 
checkPointNum 
0 
checkPoint    
0 0 0 0 0 0 0 0 0 0 0 0 0 0 0 
set_ad        
0 0 0 0 0 0 0 0 0 0 0 0 0 0 0 
set_meter     
0 0 0 0 0 0 0 0 0 0 0 0 0 0 0 
check_ad      
0 0 0 0 0 0 0 0 0 0 0 0 0 0 0 
check_meter   
0 0 0 0 0 0 0 0 0 0 0 0 0 0 0 
DA_A          
1.000000 1.000000 1.000000 1.000000 1.000000 1.000000 1.000000 1.000000 1.000000 1.000000 1.000000 1.000000 1.000000 1.000000 
DA_B          
0.000000 0.000000 0.000000 0.000000 0.000000 0.000000 0.000000 0.000000 0.000000 0.000000 0.000000 0.000000 0.000000 0.000000 
AD_A          
1.000000 1.000000 1.000000 1.000000 1.000000 1.000000 1.000000 1.000000 1.000000 1.000000 1.000000 1.000000 1.000000 1.000000 
AD_B
0.000000 0.000000 0.000000 0.000000 0.000000 0.000000 0.000000 0.000000 0.000000 0.000000 0.000000 0.000000 0.000000 0.000000 
AD_Ratio      
1.000000 1.000000

ch15
setPointNum   
0 
setPoint      
0 0 0 0 0 0 0 0 0 0 0 0 0 0 0 
checkPointNum 
0 
checkPoint    
0 0 0 0 0 0 0 0 0 0 0 0 0 0 0 
set_ad        
0 0 0 0 0 0 0 0 0 0 0 0 0 0 0 
set_meter     
0 0 0 0 0 0 0 0 0 0 0 0 0 0 0 
check_ad      
0 0 0 0 0 0 0 0 0 0 0 0 0 0 0 
check_meter   
0 0 0 0 0 0 0 0 0 0 0 0 0 0 0 
DA_A          
1.000000 1.000000 1.000000 1.000000 1.000000 1.000000 1.000000 1.000000 1.000000 1.000000 1.000000 1.000000 1.000000 1.000000 
DA_B          
0.000000 0.000000 0.000000 0.000000 0.000000 0.000000 0.000000 0.000000 0.000000 0.000000 0.000000 0.000000 0.000000 0.000000 
AD_A          
1.000000 1.000000 1.000000 1.000000 1.000000 1.000000 1.000000 1.000000 1.000000 1.000000 1.000000 1.000000 1.000000 1.000000 
AD_B
0.000000 0.000000 0.000000 0.000000 0.000000 0.000000 0.000000 0.000000 0.000000 0.000000 0.000000 0.000000 0.000000 0.000000 
AD_Ratio      
1.000000 1.000000

ch16
setPointNum   
0 
setPoint      
0 0 0 0 0 0 0 0 0 0 0 0 0 0 0 
checkPointNum 
0 
checkPoint    
0 0 0 0 0 0 0 0 0 0 0 0 0 0 0 
set_ad        
0 0 0 0 0 0 0 0 0 0 0 0 0 0 0 
set_meter     
0 0 0 0 0 0 0 0 0 0 0 0 0 0 0 
check_ad      
0 0 0 0 0 0 0 0 0 0 0 0 0 0 0 
check_meter   
0 0 0 0 0 0 0 0 0 0 0 0 0 0 0 
DA_A          
1.000000 1.000000 1.000000 1.000000 1.000000 1.000000 1.000000 1.000000 1.000000 1.000000 1.000000 1.000000 1.000000 1.000000 
DA_B          
0.000000 0.000000 0.000000 0.000000 0.000000 0.000000 0.000000 0.000000 0.000000 0.000000 0.000000 0.000000 0.000000 0.000000 
AD_A          
1.000000 1.000000 1.000000 1.000000 1.000000 1.000000 1.000000 1.000000 1.000000 1.000000 1.000000 1.000000 1.000000 1.000000 
AD_B
0.000000 0.000000 0.000000 0.000000 0.000000 0.000000 0.000000 0.000000 0.000000 0.000000 0.000000 0.000000 0.000000 0.000000 
AD_Ratio      
1.000000 1.000000

range3
ch01
setPointNum   
0 
setPoint      
0 0 0 0 0 0 0 0 0 0 0 0 0 0 0 
checkPointNum 
0 
checkPoint    
0 0 0 0 0 0 0 0 0 0 0 0 0 0 0 
set_ad        
0 0 0 0 0 0 0 0 0 0 0 0 0 0 0 
set_meter     
0 0 0 0 0 0 0 0 0 0 0 0 0 0 0 
check_ad      
0 0 0 0 0 0 0 0 0 0 0 0 0 0 0 
check_meter   
0 0 0 0 0 0 0 0 0 0 0 0 0 0 0 
DA_A          
1.000000 1.000000 1.000000 1.000000 1.000000 1.000000 1.000000 1.000000 1.000000 1.000000 1.000000 1.000000 1.000000 1.000000 
DA_B          
0.000000 0.000000 0.000000 0.000000 0.000000 0.000000 0.000000 0.000000 0.000000 0.000000 0.000000 0.000000 0.000000 0.000000 
AD_A          
1.000000 1.000000 1.000000 1.000000 1.000000 1.000000 1.000000 1.000000 1.000000 1.000000 1.000000 1.000000 1.000000 1.000000 
AD_B
0.000000 0.000000 0.000000 0.000000 0.000000 0.000000 0.000000 0.000000 0.000000 0.000000 0.000000 0.000000 0.000000 0.000000 
AD_Ratio      
1.000000 1.000000

ch02
setPointNum   
0 
setPoint      
0 0 0 0 0 0 0 0 0 0 0 0 0 0 0 
checkPointNum 
0 
checkPoint    
0 0 0 0 0 0 0 0 0 0 0 0 0 0 0 
set_ad        
0 0 0 0 0 0 0 0 0 0 0 0 0 0 0 
set_meter     
0 0 0 0 0 0 0 0 0 0 0 0 0 0 0 
check_ad      
0 0 0 0 0 0 0 0 0 0 0 0 0 0 0 
check_meter   
0 0 0 0 0 0 0 0 0 0 0 0 0 0 0 
DA_A          
1.000000 1.000000 1.000000 1.000000 1.000000 1.000000 1.000000 1.000000 1.000000 1.000000 1.000000 1.000000 1.000000 1.000000 
DA_B          
0.000000 0.000000 0.000000 0.000000 0.000000 0.000000 0.000000 0.000000 0.000000 0.000000 0.000000 0.000000 0.000000 0.000000 
AD_A          
1.000000 1.000000 1.000000 1.000000 1.000000 1.000000 1.000000 1.000000 1.000000 1.000000 1.000000 1.000000 1.000000 1.000000 
AD_B
0.000000 0.000000 0.000000 0.000000 0.000000 0.000000 0.000000 0.000000 0.000000 0.000000 0.000000 0.000000 0.000000 0.000000 
AD_Ratio      
1.000000 1.000000

ch03
setPointNum   
0 
setPoint      
0 0 0 0 0 0 0 0 0 0 0 0 0 0 0 
checkPointNum 
0 
checkPoint    
0 0 0 0 0 0 0 0 0 0 0 0 0 0 0 
set_ad        
0 0 0 0 0 0 0 0 0 0 0 0 0 0 0 
set_meter     
0 0 0 0 0 0 0 0 0 0 0 0 0 0 0 
check_ad      
0 0 0 0 0 0 0 0 0 0 0 0 0 0 0 
check_meter   
0 0 0 0 0 0 0 0 0 0 0 0 0 0 0 
DA_A          
1.000000 1.000000 1.000000 1.000000 1.000000 1.000000 1.000000 1.000000 1.000000 1.000000 1.000000 1.000000 1.000000 1.000000 
DA_B          
0.000000 0.000000 0.000000 0.000000 0.000000 0.000000 0.000000 0.000000 0.000000 0.000000 0.000000 0.000000 0.000000 0.000000 
AD_A          
1.000000 1.000000 1.000000 1.000000 1.000000 1.000000 1.000000 1.000000 1.000000 1.000000 1.000000 1.000000 1.000000 1.000000 
AD_B
0.000000 0.000000 0.000000 0.000000 0.000000 0.000000 0.000000 0.000000 0.000000 0.000000 0.000000 0.000000 0.000000 0.000000 
AD_Ratio      
1.000000 1.000000

ch04
setPointNum   
0 
setPoint      
0 0 0 0 0 0 0 0 0 0 0 0 0 0 0 
checkPointNum 
0 
checkPoint    
0 0 0 0 0 0 0 0 0 0 0 0 0 0 0 
set_ad        
0 0 0 0 0 0 0 0 0 0 0 0 0 0 0 
set_meter     
0 0 0 0 0 0 0 0 0 0 0 0 0 0 0 
check_ad      
0 0 0 0 0 0 0 0 0 0 0 0 0 0 0 
check_meter   
0 0 0 0 0 0 0 0 0 0 0 0 0 0 0 
DA_A          
1.000000 1.000000 1.000000 1.000000 1.000000 1.000000 1.000000 1.000000 1.000000 1.000000 1.000000 1.000000 1.000000 1.000000 
DA_B          
0.000000 0.000000 0.000000 0.000000 0.000000 0.000000 0.000000 0.000000 0.000000 0.000000 0.000000 0.000000 0.000000 0.000000 
AD_A          
1.000000 1.000000 1.000000 1.000000 1.000000 1.000000 1.000000 1.000000 1.000000 1.000000 1.000000 1.000000 1.000000 1.000000 
AD_B
0.000000 0.000000 0.000000 0.000000 0.000000 0.000000 0.000000 0.000000 0.000000 0.000000 0.000000 0.000000 0.000000 0.000000 
AD_Ratio      
1.000000 1.000000

ch05
setPointNum   
0 
setPoint      
0 0 0 0 0 0 0 0 0 0 0 0 0 0 0 
checkPointNum 
0 
checkPoint    
0 0 0 0 0 0 0 0 0 0 0 0 0 0 0 
set_ad        
0 0 0 0 0 0 0 0 0 0 0 0 0 0 0 
set_meter     
0 0 0 0 0 0 0 0 0 0 0 0 0 0 0 
check_ad      
0 0 0 0 0 0 0 0 0 0 0 0 0 0 0 
check_meter   
0 0 0 0 0 0 0 0 0 0 0 0 0 0 0 
DA_A          
1.000000 1.000000 1.000000 1.000000 1.000000 1.000000 1.000000 1.000000 1.000000 1.000000 1.000000 1.000000 1.000000 1.000000 
DA_B          
0.000000 0.000000 0.000000 0.000000 0.000000 0.000000 0.000000 0.000000 0.000000 0.000000 0.000000 0.000000 0.000000 0.000000 
AD_A          
1.000000 1.000000 1.000000 1.000000 1.000000 1.000000 1.000000 1.000000 1.000000 1.000000 1.000000 1.000000 1.000000 1.000000 
AD_B
0.000000 0.000000 0.000000 0.000000 0.000000 0.000000 0.000000 0.000000 0.000000 0.000000 0.000000 0.000000 0.000000 0.000000 
AD_Ratio      
1.000000 1.000000

ch06
setPointNum   
0 
setPoint      
0 0 0 0 0 0 0 0 0 0 0 0 0 0 0 
checkPointNum 
0 
checkPoint    
0 0 0 0 0 0 0 0 0 0 0 0 0 0 0 
set_ad        
0 0 0 0 0 0 0 0 0 0 0 0 0 0 0 
set_meter     
0 0 0 0 0 0 0 0 0 0 0 0 0 0 0 
check_ad      
0 0 0 0 0 0 0 0 0 0 0 0 0 0 0 
check_meter   
0 0 0 0 0 0 0 0 0 0 0 0 0 0 0 
DA_A          
1.000000 1.000000 1.000000 1.000000 1.000000 1.000000 1.000000 1.000000 1.000000 1.000000 1.000000 1.000000 1.000000 1.000000 
DA_B          
0.000000 0.000000 0.000000 0.000000 0.000000 0.000000 0.000000 0.000000 0.000000 0.000000 0.000000 0.000000 0.000000 0.000000 
AD_A          
1.000000 1.000000 1.000000 1.000000 1.000000 1.000000 1.000000 1.000000 1.000000 1.000000 1.000000 1.000000 1.000000 1.000000 
AD_B
0.000000 0.000000 0.000000 0.000000 0.000000 0.000000 0.000000 0.000000 0.000000 0.000000 0.000000 0.000000 0.000000 0.000000 
AD_Ratio      
1.000000 1.000000

ch07
setPointNum   
0 
setPoint      
0 0 0 0 0 0 0 0 0 0 0 0 0 0 0 
checkPointNum 
0 
checkPoint    
0 0 0 0 0 0 0 0 0 0 0 0 0 0 0 
set_ad        
0 0 0 0 0 0 0 0 0 0 0 0 0 0 0 
set_meter     
0 0 0 0 0 0 0 0 0 0 0 0 0 0 0 
check_ad      
0 0 0 0 0 0 0 0 0 0 0 0 0 0 0 
check_meter   
0 0 0 0 0 0 0 0 0 0 0 0 0 0 0 
DA_A          
1.000000 1.000000 1.000000 1.000000 1.000000 1.000000 1.000000 1.000000 1.000000 1.000000 1.000000 1.000000 1.000000 1.000000 
DA_B          
0.000000 0.000000 0.000000 0.000000 0.000000 0.000000 0.000000 0.000000 0.000000 0.000000 0.000000 0.000000 0.000000 0.000000 
AD_A          
1.000000 1.000000 1.000000 1.000000 1.000000 1.000000 1.000000 1.000000 1.000000 1.000000 1.000000 1.000000 1.000000 1.000000 
AD_B
0.000000 0.000000 0.000000 0.000000 0.000000 0.000000 0.000000 0.000000 0.000000 0.000000 0.000000 0.000000 0.000000 0.000000 
AD_Ratio      
1.000000 1.000000

ch08
setPointNum   
0 
setPoint      
0 0 0 0 0 0 0 0 0 0 0 0 0 0 0 
checkPointNum 
0 
checkPoint    
0 0 0 0 0 0 0 0 0 0 0 0 0 0 0 
set_ad        
0 0 0 0 0 0 0 0 0 0 0 0 0 0 0 
set_meter     
0 0 0 0 0 0 0 0 0 0 0 0 0 0 0 
check_ad      
0 0 0 0 0 0 0 0 0 0 0 0 0 0 0 
check_meter   
0 0 0 0 0 0 0 0 0 0 0 0 0 0 0 
DA_A          
1.000000 1.000000 1.000000 1.000000 1.000000 1.000000 1.000000 1.000000 1.000000 1.000000 1.000000 1.000000 1.000000 1.000000 
DA_B          
0.000000 0.000000 0.000000 0.000000 0.000000 0.000000 0.000000 0.000000 0.000000 0.000000 0.000000 0.000000 0.000000 0.000000 
AD_A          
1.000000 1.000000 1.000000 1.000000 1.000000 1.000000 1.000000 1.000000 1.000000 1.000000 1.000000 1.000000 1.000000 1.000000 
AD_B
0.000000 0.000000 0.000000 0.000000 0.000000 0.000000 0.000000 0.000000 0.000000 0.000000 0.000000 0.000000 0.000000 0.000000 
AD_Ratio      
1.000000 1.000000

ch09
setPointNum   
0 
setPoint      
0 0 0 0 0 0 0 0 0 0 0 0 0 0 0 
checkPointNum 
0 
checkPoint    
0 0 0 0 0 0 0 0 0 0 0 0 0 0 0 
set_ad        
0 0 0 0 0 0 0 0 0 0 0 0 0 0 0 
set_meter     
0 0 0 0 0 0 0 0 0 0 0 0 0 0 0 
check_ad      
0 0 0 0 0 0 0 0 0 0 0 0 0 0 0 
check_meter   
0 0 0 0 0 0 0 0 0 0 0 0 0 0 0 
DA_A          
1.000000 1.000000 1.000000 1.000000 1.000000 1.000000 1.000000 1.000000 1.000000 1.000000 1.000000 1.000000 1.000000 1.000000 
DA_B          
0.000000 0.000000 0.000000 0.000000 0.000000 0.000000 0.000000 0.000000 0.000000 0.000000 0.000000 0.000000 0.000000 0.000000 
AD_A          
1.000000 1.000000 1.000000 1.000000 1.000000 1.000000 1.000000 1.000000 1.000000 1.000000 1.000000 1.000000 1.000000 1.000000 
AD_B
0.000000 0.000000 0.000000 0.000000 0.000000 0.000000 0.000000 0.000000 0.000000 0.000000 0.000000 0.000000 0.000000 0.000000 
AD_Ratio      
1.000000 1.000000

ch10
setPointNum   
0 
setPoint      
0 0 0 0 0 0 0 0 0 0 0 0 0 0 0 
checkPointNum 
0 
checkPoint    
0 0 0 0 0 0 0 0 0 0 0 0 0 0 0 
set_ad        
0 0 0 0 0 0 0 0 0 0 0 0 0 0 0 
set_meter     
0 0 0 0 0 0 0 0 0 0 0 0 0 0 0 
check_ad      
0 0 0 0 0 0 0 0 0 0 0 0 0 0 0 
check_meter   
0 0 0 0 0 0 0 0 0 0 0 0 0 0 0 
DA_A          
1.000000 1.000000 1.000000 1.000000 1.000000 1.000000 1.000000 1.000000 1.000000 1.000000 1.000000 1.000000 1.000000 1.000000 
DA_B          
0.000000 0.000000 0.000000 0.000000 0.000000 0.000000 0.000000 0.000000 0.000000 0.000000 0.000000 0.000000 0.000000 0.000000 
AD_A          
1.000000 1.000000 1.000000 1.000000 1.000000 1.000000 1.000000 1.000000 1.000000 1.000000 1.000000 1.000000 1.000000 1.000000 
AD_B
0.000000 0.000000 0.000000 0.000000 0.000000 0.000000 0.000000 0.000000 0.000000 0.000000 0.000000 0.000000 0.000000 0.000000 
AD_Ratio      
1.000000 1.000000

ch11
setPointNum   
0 
setPoint      
0 0 0 0 0 0 0 0 0 0 0 0 0 0 0 
checkPointNum 
0 
checkPoint    
0 0 0 0 0 0 0 0 0 0 0 0 0 0 0 
set_ad        
0 0 0 0 0 0 0 0 0 0 0 0 0 0 0 
set_meter     
0 0 0 0 0 0 0 0 0 0 0 0 0 0 0 
check_ad      
0 0 0 0 0 0 0 0 0 0 0 0 0 0 0 
check_meter   
0 0 0 0 0 0 0 0 0 0 0 0 0 0 0 
DA_A          
1.000000 1.000000 1.000000 1.000000 1.000000 1.000000 1.000000 1.000000 1.000000 1.000000 1.000000 1.000000 1.000000 1.000000 
DA_B          
0.000000 0.000000 0.000000 0.000000 0.000000 0.000000 0.000000 0.000000 0.000000 0.000000 0.000000 0.000000 0.000000 0.000000 
AD_A          
1.000000 1.000000 1.000000 1.000000 1.000000 1.000000 1.000000 1.000000 1.000000 1.000000 1.000000 1.000000 1.000000 1.000000 
AD_B
0.000000 0.000000 0.000000 0.000000 0.000000 0.000000 0.000000 0.000000 0.000000 0.000000 0.000000 0.000000 0.000000 0.000000 
AD_Ratio      
1.000000 1.000000

ch12
setPointNum   
0 
setPoint      
0 0 0 0 0 0 0 0 0 0 0 0 0 0 0 
checkPointNum 
0 
checkPoint    
0 0 0 0 0 0 0 0 0 0 0 0 0 0 0 
set_ad        
0 0 0 0 0 0 0 0 0 0 0 0 0 0 0 
set_meter     
0 0 0 0 0 0 0 0 0 0 0 0 0 0 0 
check_ad      
0 0 0 0 0 0 0 0 0 0 0 0 0 0 0 
check_meter   
0 0 0 0 0 0 0 0 0 0 0 0 0 0 0 
DA_A          
1.000000 1.000000 1.000000 1.000000 1.000000 1.000000 1.000000 1.000000 1.000000 1.000000 1.000000 1.000000 1.000000 1.000000 
DA_B          
0.000000 0.000000 0.000000 0.000000 0.000000 0.000000 0.000000 0.000000 0.000000 0.000000 0.000000 0.000000 0.000000 0.000000 
AD_A          
1.000000 1.000000 1.000000 1.000000 1.000000 1.000000 1.000000 1.000000 1.000000 1.000000 1.000000 1.000000 1.000000 1.000000 
AD_B
0.000000 0.000000 0.000000 0.000000 0.000000 0.000000 0.000000 0.000000 0.000000 0.000000 0.000000 0.000000 0.000000 0.000000 
AD_Ratio      
1.000000 1.000000

ch13
setPointNum   
0 
setPoint      
0 0 0 0 0 0 0 0 0 0 0 0 0 0 0 
checkPointNum 
0 
checkPoint    
0 0 0 0 0 0 0 0 0 0 0 0 0 0 0 
set_ad        
0 0 0 0 0 0 0 0 0 0 0 0 0 0 0 
set_meter     
0 0 0 0 0 0 0 0 0 0 0 0 0 0 0 
check_ad      
0 0 0 0 0 0 0 0 0 0 0 0 0 0 0 
check_meter   
0 0 0 0 0 0 0 0 0 0 0 0 0 0 0 
DA_A          
1.000000 1.000000 1.000000 1.000000 1.000000 1.000000 1.000000 1.000000 1.000000 1.000000 1.000000 1.000000 1.000000 1.000000 
DA_B          
0.000000 0.000000 0.000000 0.000000 0.000000 0.000000 0.000000 0.000000 0.000000 0.000000 0.000000 0.000000 0.000000 0.000000 
AD_A          
1.000000 1.000000 1.000000 1.000000 1.000000 1.000000 1.000000 1.000000 1.000000 1.000000 1.000000 1.000000 1.000000 1.000000 
AD_B
0.000000 0.000000 0.000000 0.000000 0.000000 0.000000 0.000000 0.000000 0.000000 0.000000 0.000000 0.000000 0.000000 0.000000 
AD_Ratio      
1.000000 1.000000

ch14
setPointNum   
0 
setPoint      
0 0 0 0 0 0 0 0 0 0 0 0 0 0 0 
checkPointNum 
0 
checkPoint    
0 0 0 0 0 0 0 0 0 0 0 0 0 0 0 
set_ad        
0 0 0 0 0 0 0 0 0 0 0 0 0 0 0 
set_meter     
0 0 0 0 0 0 0 0 0 0 0 0 0 0 0 
check_ad      
0 0 0 0 0 0 0 0 0 0 0 0 0 0 0 
check_meter   
0 0 0 0 0 0 0 0 0 0 0 0 0 0 0 
DA_A          
1.000000 1.000000 1.000000 1.000000 1.000000 1.000000 1.000000 1.000000 1.000000 1.000000 1.000000 1.000000 1.000000 1.000000 
DA_B          
0.000000 0.000000 0.000000 0.000000 0.000000 0.000000 0.000000 0.000000 0.000000 0.000000 0.000000 0.000000 0.000000 0.000000 
AD_A          
1.000000 1.000000 1.000000 1.000000 1.000000 1.000000 1.000000 1.000000 1.000000 1.000000 1.000000 1.000000 1.000000 1.000000 
AD_B
0.000000 0.000000 0.000000 0.000000 0.000000 0.000000 0.000000 0.000000 0.000000 0.000000 0.000000 0.000000 0.000000 0.000000 
AD_Ratio      
1.000000 1.000000

ch15
setPointNum   
0 
setPoint      
0 0 0 0 0 0 0 0 0 0 0 0 0 0 0 
checkPointNum 
0 
checkPoint    
0 0 0 0 0 0 0 0 0 0 0 0 0 0 0 
set_ad        
0 0 0 0 0 0 0 0 0 0 0 0 0 0 0 
set_meter     
0 0 0 0 0 0 0 0 0 0 0 0 0 0 0 
check_ad      
0 0 0 0 0 0 0 0 0 0 0 0 0 0 0 
check_meter   
0 0 0 0 0 0 0 0 0 0 0 0 0 0 0 
DA_A          
1.000000 1.000000 1.000000 1.000000 1.000000 1.000000 1.000000 1.000000 1.000000 1.000000 1.000000 1.000000 1.000000 1.000000 
DA_B          
0.000000 0.000000 0.000000 0.000000 0.000000 0.000000 0.000000 0.000000 0.000000 0.000000 0.000000 0.000000 0.000000 0.000000 
AD_A          
1.000000 1.000000 1.000000 1.000000 1.000000 1.000000 1.000000 1.000000 1.000000 1.000000 1.000000 1.000000 1.000000 1.000000 
AD_B
0.000000 0.000000 0.000000 0.000000 0.000000 0.000000 0.000000 0.000000 0.000000 0.000000 0.000000 0.000000 0.000000 0.000000 
AD_Ratio      
1.000000 1.000000

ch16
setPointNum   
0 
setPoint      
0 0 0 0 0 0 0 0 0 0 0 0 0 0 0 
checkPointNum 
0 
checkPoint    
0 0 0 0 0 0 0 0 0 0 0 0 0 0 0 
set_ad        
0 0 0 0 0 0 0 0 0 0 0 0 0 0 0 
set_meter     
0 0 0 0 0 0 0 0 0 0 0 0 0 0 0 
check_ad      
0 0 0 0 0 0 0 0 0 0 0 0 0 0 0 
check_meter   
0 0 0 0 0 0 0 0 0 0 0 0 0 0 0 
DA_A          
1.000000 1.000000 1.000000 1.000000 1.000000 1.000000 1.000000 1.000000 1.000000 1.000000 1.000000 1.000000 1.000000 1.000000 
DA_B          
0.000000 0.000000 0.000000 0.000000 0.000000 0.000000 0.000000 0.000000 0.000000 0.000000 0.000000 0.000000 0.000000 0.000000 
AD_A          
1.000000 1.000000 1.000000 1.000000 1.000000 1.000000 1.000000 1.000000 1.000000 1.000000 1.000000 1.000000 1.000000 1.000000 
AD_B
0.000000 0.000000 0.000000 0.000000 0.000000 0.000000 0.000000 0.000000 0.000000 0.000000 0.000000 0.000000 0.000000 0.000000 
AD_Ratio      
1.000000 1.000000

range4
ch01
setPointNum   
0 
setPoint      
0 0 0 0 0 0 0 0 0 0 0 0 0 0 0 
checkPointNum 
0 
checkPoint    
0 0 0 0 0 0 0 0 0 0 0 0 0 0 0 
set_ad        
0 0 0 0 0 0 0 0 0 0 0 0 0 0 0 
set_meter     
0 0 0 0 0 0 0 0 0 0 0 0 0 0 0 
check_ad      
0 0 0 0 0 0 0 0 0 0 0 0 0 0 0 
check_meter   
0 0 0 0 0 0 0 0 0 0 0 0 0 0 0 
DA_A          
1.000000 1.000000 1.000000 1.000000 1.000000 1.000000 1.000000 1.000000 1.000000 1.000000 1.000000 1.000000 1.000000 1.000000 
DA_B          
0.000000 0.000000 0.000000 0.000000 0.000000 0.000000 0.000000 0.000000 0.000000 0.000000 0.000000 0.000000 0.000000 0.000000 
AD_A          
1.000000 1.000000 1.000000 1.000000 1.000000 1.000000 1.000000 1.000000 1.000000 1.000000 1.000000 1.000000 1.000000 1.000000 
AD_B
0.000000 0.000000 0.000000 0.000000 0.000000 0.000000 0.000000 0.000000 0.000000 0.000000 0.000000 0.000000 0.000000 0.000000 
AD_Ratio      
1.000000 1.000000

ch02
setPointNum   
0 
setPoint      
0 0 0 0 0 0 0 0 0 0 0 0 0 0 0 
checkPointNum 
0 
checkPoint    
0 0 0 0 0 0 0 0 0 0 0 0 0 0 0 
set_ad        
0 0 0 0 0 0 0 0 0 0 0 0 0 0 0 
set_meter     
0 0 0 0 0 0 0 0 0 0 0 0 0 0 0 
check_ad      
0 0 0 0 0 0 0 0 0 0 0 0 0 0 0 
check_meter   
0 0 0 0 0 0 0 0 0 0 0 0 0 0 0 
DA_A          
1.000000 1.000000 1.000000 1.000000 1.000000 1.000000 1.000000 1.000000 1.000000 1.000000 1.000000 1.000000 1.000000 1.000000 
DA_B          
0.000000 0.000000 0.000000 0.000000 0.000000 0.000000 0.000000 0.000000 0.000000 0.000000 0.000000 0.000000 0.000000 0.000000 
AD_A          
1.000000 1.000000 1.000000 1.000000 1.000000 1.000000 1.000000 1.000000 1.000000 1.000000 1.000000 1.000000 1.000000 1.000000 
AD_B
0.000000 0.000000 0.000000 0.000000 0.000000 0.000000 0.000000 0.000000 0.000000 0.000000 0.000000 0.000000 0.000000 0.000000 
AD_Ratio      
1.000000 1.000000

ch03
setPointNum   
0 
setPoint      
0 0 0 0 0 0 0 0 0 0 0 0 0 0 0 
checkPointNum 
0 
checkPoint    
0 0 0 0 0 0 0 0 0 0 0 0 0 0 0 
set_ad        
0 0 0 0 0 0 0 0 0 0 0 0 0 0 0 
set_meter     
0 0 0 0 0 0 0 0 0 0 0 0 0 0 0 
check_ad      
0 0 0 0 0 0 0 0 0 0 0 0 0 0 0 
check_meter   
0 0 0 0 0 0 0 0 0 0 0 0 0 0 0 
DA_A          
1.000000 1.000000 1.000000 1.000000 1.000000 1.000000 1.000000 1.000000 1.000000 1.000000 1.000000 1.000000 1.000000 1.000000 
DA_B          
0.000000 0.000000 0.000000 0.000000 0.000000 0.000000 0.000000 0.000000 0.000000 0.000000 0.000000 0.000000 0.000000 0.000000 
AD_A          
1.000000 1.000000 1.000000 1.000000 1.000000 1.000000 1.000000 1.000000 1.000000 1.000000 1.000000 1.000000 1.000000 1.000000 
AD_B
0.000000 0.000000 0.000000 0.000000 0.000000 0.000000 0.000000 0.000000 0.000000 0.000000 0.000000 0.000000 0.000000 0.000000 
AD_Ratio      
1.000000 1.000000

ch04
setPointNum   
0 
setPoint      
0 0 0 0 0 0 0 0 0 0 0 0 0 0 0 
checkPointNum 
0 
checkPoint    
0 0 0 0 0 0 0 0 0 0 0 0 0 0 0 
set_ad        
0 0 0 0 0 0 0 0 0 0 0 0 0 0 0 
set_meter     
0 0 0 0 0 0 0 0 0 0 0 0 0 0 0 
check_ad      
0 0 0 0 0 0 0 0 0 0 0 0 0 0 0 
check_meter   
0 0 0 0 0 0 0 0 0 0 0 0 0 0 0 
DA_A          
1.000000 1.000000 1.000000 1.000000 1.000000 1.000000 1.000000 1.000000 1.000000 1.000000 1.000000 1.000000 1.000000 1.000000 
DA_B          
0.000000 0.000000 0.000000 0.000000 0.000000 0.000000 0.000000 0.000000 0.000000 0.000000 0.000000 0.000000 0.000000 0.000000 
AD_A          
1.000000 1.000000 1.000000 1.000000 1.000000 1.000000 1.000000 1.000000 1.000000 1.000000 1.000000 1.000000 1.000000 1.000000 
AD_B
0.000000 0.000000 0.000000 0.000000 0.000000 0.000000 0.000000 0.000000 0.000000 0.000000 0.000000 0.000000 0.000000 0.000000 
AD_Ratio      
1.000000 1.000000

ch05
setPointNum   
0 
setPoint      
0 0 0 0 0 0 0 0 0 0 0 0 0 0 0 
checkPointNum 
0 
checkPoint    
0 0 0 0 0 0 0 0 0 0 0 0 0 0 0 
set_ad        
0 0 0 0 0 0 0 0 0 0 0 0 0 0 0 
set_meter     
0 0 0 0 0 0 0 0 0 0 0 0 0 0 0 
check_ad      
0 0 0 0 0 0 0 0 0 0 0 0 0 0 0 
check_meter   
0 0 0 0 0 0 0 0 0 0 0 0 0 0 0 
DA_A          
1.000000 1.000000 1.000000 1.000000 1.000000 1.000000 1.000000 1.000000 1.000000 1.000000 1.000000 1.000000 1.000000 1.000000 
DA_B          
0.000000 0.000000 0.000000 0.000000 0.000000 0.000000 0.000000 0.000000 0.000000 0.000000 0.000000 0.000000 0.000000 0.000000 
AD_A          
1.000000 1.000000 1.000000 1.000000 1.000000 1.000000 1.000000 1.000000 1.000000 1.000000 1.000000 1.000000 1.000000 1.000000 
AD_B
0.000000 0.000000 0.000000 0.000000 0.000000 0.000000 0.000000 0.000000 0.000000 0.000000 0.000000 0.000000 0.000000 0.000000 
AD_Ratio      
1.000000 1.000000

ch06
setPointNum   
0 
setPoint      
0 0 0 0 0 0 0 0 0 0 0 0 0 0 0 
checkPointNum 
0 
checkPoint    
0 0 0 0 0 0 0 0 0 0 0 0 0 0 0 
set_ad        
0 0 0 0 0 0 0 0 0 0 0 0 0 0 0 
set_meter     
0 0 0 0 0 0 0 0 0 0 0 0 0 0 0 
check_ad      
0 0 0 0 0 0 0 0 0 0 0 0 0 0 0 
check_meter   
0 0 0 0 0 0 0 0 0 0 0 0 0 0 0 
DA_A          
1.000000 1.000000 1.000000 1.000000 1.000000 1.000000 1.000000 1.000000 1.000000 1.000000 1.000000 1.000000 1.000000 1.000000 
DA_B          
0.000000 0.000000 0.000000 0.000000 0.000000 0.000000 0.000000 0.000000 0.000000 0.000000 0.000000 0.000000 0.000000 0.000000 
AD_A          
1.000000 1.000000 1.000000 1.000000 1.000000 1.000000 1.000000 1.000000 1.000000 1.000000 1.000000 1.000000 1.000000 1.000000 
AD_B
0.000000 0.000000 0.000000 0.000000 0.000000 0.000000 0.000000 0.000000 0.000000 0.000000 0.000000 0.000000 0.000000 0.000000 
AD_Ratio      
1.000000 1.000000

ch07
setPointNum   
0 
setPoint      
0 0 0 0 0 0 0 0 0 0 0 0 0 0 0 
checkPointNum 
0 
checkPoint    
0 0 0 0 0 0 0 0 0 0 0 0 0 0 0 
set_ad        
0 0 0 0 0 0 0 0 0 0 0 0 0 0 0 
set_meter     
0 0 0 0 0 0 0 0 0 0 0 0 0 0 0 
check_ad      
0 0 0 0 0 0 0 0 0 0 0 0 0 0 0 
check_meter   
0 0 0 0 0 0 0 0 0 0 0 0 0 0 0 
DA_A          
1.000000 1.000000 1.000000 1.000000 1.000000 1.000000 1.000000 1.000000 1.000000 1.000000 1.000000 1.000000 1.000000 1.000000 
DA_B          
0.000000 0.000000 0.000000 0.000000 0.000000 0.000000 0.000000 0.000000 0.000000 0.000000 0.000000 0.000000 0.000000 0.000000 
AD_A          
1.000000 1.000000 1.000000 1.000000 1.000000 1.000000 1.000000 1.000000 1.000000 1.000000 1.000000 1.000000 1.000000 1.000000 
AD_B
0.000000 0.000000 0.000000 0.000000 0.000000 0.000000 0.000000 0.000000 0.000000 0.000000 0.000000 0.000000 0.000000 0.000000 
AD_Ratio      
1.000000 1.000000

ch08
setPointNum   
0 
setPoint      
0 0 0 0 0 0 0 0 0 0 0 0 0 0 0 
checkPointNum 
0 
checkPoint    
0 0 0 0 0 0 0 0 0 0 0 0 0 0 0 
set_ad        
0 0 0 0 0 0 0 0 0 0 0 0 0 0 0 
set_meter     
0 0 0 0 0 0 0 0 0 0 0 0 0 0 0 
check_ad      
0 0 0 0 0 0 0 0 0 0 0 0 0 0 0 
check_meter   
0 0 0 0 0 0 0 0 0 0 0 0 0 0 0 
DA_A          
1.000000 1.000000 1.000000 1.000000 1.000000 1.000000 1.000000 1.000000 1.000000 1.000000 1.000000 1.000000 1.000000 1.000000 
DA_B          
0.000000 0.000000 0.000000 0.000000 0.000000 0.000000 0.000000 0.000000 0.000000 0.000000 0.000000 0.000000 0.000000 0.000000 
AD_A          
1.000000 1.000000 1.000000 1.000000 1.000000 1.000000 1.000000 1.000000 1.000000 1.000000 1.000000 1.000000 1.000000 1.000000 
AD_B
0.000000 0.000000 0.000000 0.000000 0.000000 0.000000 0.000000 0.000000 0.000000 0.000000 0.000000 0.000000 0.000000 0.000000 
AD_Ratio      
1.000000 1.000000

ch09
setPointNum   
0 
setPoint      
0 0 0 0 0 0 0 0 0 0 0 0 0 0 0 
checkPointNum 
0 
checkPoint    
0 0 0 0 0 0 0 0 0 0 0 0 0 0 0 
set_ad        
0 0 0 0 0 0 0 0 0 0 0 0 0 0 0 
set_meter     
0 0 0 0 0 0 0 0 0 0 0 0 0 0 0 
check_ad      
0 0 0 0 0 0 0 0 0 0 0 0 0 0 0 
check_meter   
0 0 0 0 0 0 0 0 0 0 0 0 0 0 0 
DA_A          
1.000000 1.000000 1.000000 1.000000 1.000000 1.000000 1.000000 1.000000 1.000000 1.000000 1.000000 1.000000 1.000000 1.000000 
DA_B          
0.000000 0.000000 0.000000 0.000000 0.000000 0.000000 0.000000 0.000000 0.000000 0.000000 0.000000 0.000000 0.000000 0.000000 
AD_A          
1.000000 1.000000 1.000000 1.000000 1.000000 1.000000 1.000000 1.000000 1.000000 1.000000 1.000000 1.000000 1.000000 1.000000 
AD_B
0.000000 0.000000 0.000000 0.000000 0.000000 0.000000 0.000000 0.000000 0.000000 0.000000 0.000000 0.000000 0.000000 0.000000 
AD_Ratio      
1.000000 1.000000

ch10
setPointNum   
0 
setPoint      
0 0 0 0 0 0 0 0 0 0 0 0 0 0 0 
checkPointNum 
0 
checkPoint    
0 0 0 0 0 0 0 0 0 0 0 0 0 0 0 
set_ad        
0 0 0 0 0 0 0 0 0 0 0 0 0 0 0 
set_meter     
0 0 0 0 0 0 0 0 0 0 0 0 0 0 0 
check_ad      
0 0 0 0 0 0 0 0 0 0 0 0 0 0 0 
check_meter   
0 0 0 0 0 0 0 0 0 0 0 0 0 0 0 
DA_A          
1.000000 1.000000 1.000000 1.000000 1.000000 1.000000 1.000000 1.000000 1.000000 1.000000 1.000000 1.000000 1.000000 1.000000 
DA_B          
0.000000 0.000000 0.000000 0.000000 0.000000 0.000000 0.000000 0.000000 0.000000 0.000000 0.000000 0.000000 0.000000 0.000000 
AD_A          
1.000000 1.000000 1.000000 1.000000 1.000000 1.000000 1.000000 1.000000 1.000000 1.000000 1.000000 1.000000 1.000000 1.000000 
AD_B
0.000000 0.000000 0.000000 0.000000 0.000000 0.000000 0.000000 0.000000 0.000000 0.000000 0.000000 0.000000 0.000000 0.000000 
AD_Ratio      
1.000000 1.000000

ch11
setPointNum   
0 
setPoint      
0 0 0 0 0 0 0 0 0 0 0 0 0 0 0 
checkPointNum 
0 
checkPoint    
0 0 0 0 0 0 0 0 0 0 0 0 0 0 0 
set_ad        
0 0 0 0 0 0 0 0 0 0 0 0 0 0 0 
set_meter     
0 0 0 0 0 0 0 0 0 0 0 0 0 0 0 
check_ad      
0 0 0 0 0 0 0 0 0 0 0 0 0 0 0 
check_meter   
0 0 0 0 0 0 0 0 0 0 0 0 0 0 0 
DA_A          
1.000000 1.000000 1.000000 1.000000 1.000000 1.000000 1.000000 1.000000 1.000000 1.000000 1.000000 1.000000 1.000000 1.000000 
DA_B          
0.000000 0.000000 0.000000 0.000000 0.000000 0.000000 0.000000 0.000000 0.000000 0.000000 0.000000 0.000000 0.000000 0.000000 
AD_A          
1.000000 1.000000 1.000000 1.000000 1.000000 1.000000 1.000000 1.000000 1.000000 1.000000 1.000000 1.000000 1.000000 1.000000 
AD_B
0.000000 0.000000 0.000000 0.000000 0.000000 0.000000 0.000000 0.000000 0.000000 0.000000 0.000000 0.000000 0.000000 0.000000 
AD_Ratio      
1.000000 1.000000

ch12
setPointNum   
0 
setPoint      
0 0 0 0 0 0 0 0 0 0 0 0 0 0 0 
checkPointNum 
0 
checkPoint    
0 0 0 0 0 0 0 0 0 0 0 0 0 0 0 
set_ad        
0 0 0 0 0 0 0 0 0 0 0 0 0 0 0 
set_meter     
0 0 0 0 0 0 0 0 0 0 0 0 0 0 0 
check_ad      
0 0 0 0 0 0 0 0 0 0 0 0 0 0 0 
check_meter   
0 0 0 0 0 0 0 0 0 0 0 0 0 0 0 
DA_A          
1.000000 1.000000 1.000000 1.000000 1.000000 1.000000 1.000000 1.000000 1.000000 1.000000 1.000000 1.000000 1.000000 1.000000 
DA_B          
0.000000 0.000000 0.000000 0.000000 0.000000 0.000000 0.000000 0.000000 0.000000 0.000000 0.000000 0.000000 0.000000 0.000000 
AD_A          
1.000000 1.000000 1.000000 1.000000 1.000000 1.000000 1.000000 1.000000 1.000000 1.000000 1.000000 1.000000 1.000000 1.000000 
AD_B
0.000000 0.000000 0.000000 0.000000 0.000000 0.000000 0.000000 0.000000 0.000000 0.000000 0.000000 0.000000 0.000000 0.000000 
AD_Ratio      
1.000000 1.000000

ch13
setPointNum   
0 
setPoint      
0 0 0 0 0 0 0 0 0 0 0 0 0 0 0 
checkPointNum 
0 
checkPoint    
0 0 0 0 0 0 0 0 0 0 0 0 0 0 0 
set_ad        
0 0 0 0 0 0 0 0 0 0 0 0 0 0 0 
set_meter     
0 0 0 0 0 0 0 0 0 0 0 0 0 0 0 
check_ad      
0 0 0 0 0 0 0 0 0 0 0 0 0 0 0 
check_meter   
0 0 0 0 0 0 0 0 0 0 0 0 0 0 0 
DA_A          
1.000000 1.000000 1.000000 1.000000 1.000000 1.000000 1.000000 1.000000 1.000000 1.000000 1.000000 1.000000 1.000000 1.000000 
DA_B          
0.000000 0.000000 0.000000 0.000000 0.000000 0.000000 0.000000 0.000000 0.000000 0.000000 0.000000 0.000000 0.000000 0.000000 
AD_A          
1.000000 1.000000 1.000000 1.000000 1.000000 1.000000 1.000000 1.000000 1.000000 1.000000 1.000000 1.000000 1.000000 1.000000 
AD_B
0.000000 0.000000 0.000000 0.000000 0.000000 0.000000 0.000000 0.000000 0.000000 0.000000 0.000000 0.000000 0.000000 0.000000 
AD_Ratio      
1.000000 1.000000

ch14
setPointNum   
0 
setPoint      
0 0 0 0 0 0 0 0 0 0 0 0 0 0 0 
checkPointNum 
0 
checkPoint    
0 0 0 0 0 0 0 0 0 0 0 0 0 0 0 
set_ad        
0 0 0 0 0 0 0 0 0 0 0 0 0 0 0 
set_meter     
0 0 0 0 0 0 0 0 0 0 0 0 0 0 0 
check_ad      
0 0 0 0 0 0 0 0 0 0 0 0 0 0 0 
check_meter   
0 0 0 0 0 0 0 0 0 0 0 0 0 0 0 
DA_A          
1.000000 1.000000 1.000000 1.000000 1.000000 1.000000 1.000000 1.000000 1.000000 1.000000 1.000000 1.000000 1.000000 1.000000 
DA_B          
0.000000 0.000000 0.000000 0.000000 0.000000 0.000000 0.000000 0.000000 0.000000 0.000000 0.000000 0.000000 0.000000 0.000000 
AD_A          
1.000000 1.000000 1.000000 1.000000 1.000000 1.000000 1.000000 1.000000 1.000000 1.000000 1.000000 1.000000 1.000000 1.000000 
AD_B
0.000000 0.000000 0.000000 0.000000 0.000000 0.000000 0.000000 0.000000 0.000000 0.000000 0.000000 0.000000 0.000000 0.000000 
AD_Ratio      
1.000000 1.000000

ch15
setPointNum   
0 
setPoint      
0 0 0 0 0 0 0 0 0 0 0 0 0 0 0 
checkPointNum 
0 
checkPoint    
0 0 0 0 0 0 0 0 0 0 0 0 0 0 0 
set_ad        
0 0 0 0 0 0 0 0 0 0 0 0 0 0 0 
set_meter     
0 0 0 0 0 0 0 0 0 0 0 0 0 0 0 
check_ad      
0 0 0 0 0 0 0 0 0 0 0 0 0 0 0 
check_meter   
0 0 0 0 0 0 0 0 0 0 0 0 0 0 0 
DA_A          
1.000000 1.000000 1.000000 1.000000 1.000000 1.000000 1.000000 1.000000 1.000000 1.000000 1.000000 1.000000 1.000000 1.000000 
DA_B          
0.000000 0.000000 0.000000 0.000000 0.000000 0.000000 0.000000 0.000000 0.000000 0.000000 0.000000 0.000000 0.000000 0.000000 
AD_A          
1.000000 1.000000 1.000000 1.000000 1.000000 1.000000 1.000000 1.000000 1.000000 1.000000 1.000000 1.000000 1.000000 1.000000 
AD_B
0.000000 0.000000 0.000000 0.000000 0.000000 0.000000 0.000000 0.000000 0.000000 0.000000 0.000000 0.000000 0.000000 0.000000 
AD_Ratio      
1.000000 1.000000

ch16
setPointNum   
0 
setPoint      
0 0 0 0 0 0 0 0 0 0 0 0 0 0 0 
checkPointNum 
0 
checkPoint    
0 0 0 0 0 0 0 0 0 0 0 0 0 0 0 
set_ad        
0 0 0 0 0 0 0 0 0 0 0 0 0 0 0 
set_meter     
0 0 0 0 0 0 0 0 0 0 0 0 0 0 0 
check_ad      
0 0 0 0 0 0 0 0 0 0 0 0 0 0 0 
check_meter   
0 0 0 0 0 0 0 0 0 0 0 0 0 0 0 
DA_A          
1.000000 1.000000 1.000000 1.000000 1.000000 1.000000 1.000000 1.000000 1.000000 1.000000 1.000000 1.000000 1.000000 1.000000 
DA_B          
0.000000 0.000000 0.000000 0.000000 0.000000 0.000000 0.000000 0.000000 0.000000 0.000000 0.000000 0.000000 0.000000 0.000000 
AD_A          
1.000000 1.000000 1.000000 1.000000 1.000000 1.000000 1.000000 1.000000 1.000000 1.000000 1.000000 1.000000 1.000000 1.000000 
AD_B
0.000000 0.000000 0.000000 0.000000 0.000000 0.000000 0.000000 0.000000 0.000000 0.000000 0.000000 0.000000 0.000000 0.000000 
AD_Ratio      
1.000000 1.000000

current
range1
ch01
setPointNum   
11 
setPoint      
-10000000 -8000000 -6000000 -4000000 -2000000 0 2000000 4000000 6000000 8000000 10000000 0 0 0 0 
checkPointNum 
11 
checkPoint    
-10000000 -8000000 -6000000 -4000000 -2000000 0 2000000 4000000 6000000 8000000 10000000 0 0 0 0 
set_ad        
-10043050 -8046721 -6048704 -4051001 -2052714 -128 1941655 3940482 5938388 7936733 9934894 0 0 0 0 
set_meter     
-10020270 -8027010 -6033480 -4040550 -2047370 -20 1937990 3931600 5924740 7918040 9911640 0 0 0 0 
check_ad      
-10000955 -7999696 -5999927 -3999934 -2001122 146 2000590 4000194 5999975 7999759 10000061 0 0 0 0 
check_meter   
-9999710 -7999550 -5999790 -3999730 -2000760 0 2000570 4000060 6000150 8000180 10000170 0 0 0 0 
DA_A          
1.003381 1.003245 1.003548 1.003422 0.976873 1.031986 1.003205 1.003442 1.003361 1.003210 0.000000 0.000000 0.000000 0.000000 
DA_B          
54152.492188 53061.656250 54884.015625 54375.421875 19.537451 20.639729 55798.277344 54868.199219 55345.406250 56540.929688 0.000000 0.000000 0.000000 0.000000 
AD_A          
0.998463 0.997754 0.997611 0.997444 0.997449 0.998057 0.997390 0.997615 0.997475 0.997717 0.000000 0.000000 0.000000 0.000000 
AD_B
7340.600586 1640.264282 772.169983 97.901520 107.673485 107.751289 1402.779297 518.010437 1343.989624 -576.622375 0.000000 0.000000 0.000000 0.000000 
AD_Ratio      
1.000000 1.000000

ch02
setPointNum   
11 
setPoint      
-10000000 -8000000 -6000000 -4000000 -2000000 0 2000000 4000000 6000000 8000000 10000000 0 0 0 0 
checkPointNum 
11 
checkPoint    
-10000000 -8000000 -6000000 -4000000 -2000000 0 2000000 4000000 6000000 8000000 10000000 0 0 0 0 
set_ad        
-9993502 -7995961 -5999452 -4002757 -2004707 -1538 1988205 3985546 5982460 7979970 9977474 0 0 0 0 
set_meter     
-9961450 -7970090 -5978970 -3987910 -1996880 0 1984540 3975700 5966770 7957800 9949190 0 0 0 0 
check_ad      
-9999405 -8000406 -5999666 -3999329 -2000030 173 2000454 4000119 6000535 7999892 10000365 0 0 0 0 
check_meter   
-10000080 -8000280 -6000000 -4000410 -2000280 0 1999440 3999380 5999700 7999590 9999890 0 0 0 0 
DA_A          
1.004339 1.004460 1.004490 1.004505 1.001562 1.007790 1.004440 1.004485 1.004505 1.004324 0.000000 0.000000 0.000000 0.000000 
DA_B          
4670.175293 5635.019531 5815.997559 5876.355469 -0.000000 0.000000 6649.390137 6468.883789 6348.473145 7793.551270 0.000000 0.000000 0.000000 0.000000 
AD_A          
0.996906 0.997301 0.997178 0.996487 0.996861 0.997385 0.996905 0.997073 0.996756 0.996939 0.000000 0.000000 0.000000 0.000000 
AD_B
1129.062378 4288.210449 3550.564697 783.611145 1533.171387 1533.978271 2487.727539 1817.762573 3717.332520 2255.250977 0.000000 0.000000 0.000000 0.000000 
AD_Ratio      
1.000000 1.000000

ch03
setPointNum   
11 
setPoint      
-10000000 -8000000 -6000000 -4000000 -2000000 0 2000000 4000000 6000000 8000000 10000000 0 0 0 0 
checkPointNum 
11 
checkPoint    
-10000000 -8000000 -6000000 -4000000 -2000000 0 2000000 4000000 6000000 8000000 10000000 0 0 0 0 
set_ad        
-10002011 -8004479 -6006900 -4010340 -2011480 3 1983603 3980957 5978313 7975840 9974191 0 0 0 0 
set_meter     
-9978020 -7984830 -5991760 -3999140 -2006050 0 1978770 3972010 5964710 7957670 9950970 0 0 0 0 
check_ad      
-9999821 -7999270 -6000149 -3999442 -2000219 145 1999448 3998652 6000966 8000398 9999925 0 0 0 0 
check_meter   
-9999990 -7999920 -6000340 -3999840 -2000140 -60 2000180 3999670 6000160 8000170 9999880 0 0 0 0 
DA_A          
1.003417 1.003477 1.003704 1.003467 0.996984 1.010729 1.003392 1.003663 1.003532 1.003361 0.000000 0.000000 0.000000 0.000000 
DA_B          
12111.238281 12593.636719 13951.481445 13004.931641 0.000000 0.000000 14519.074219 13439.052734 14220.054688 15582.200195 0.000000 0.000000 0.000000 0.000000 
AD_A          
0.997826 0.997743 0.998027 0.997113 0.997299 0.997565 0.997940 0.997669 0.997714 0.997472 0.000000 0.000000 0.000000 0.000000 
AD_B
2249.805420 1581.030762 3286.018066 -376.429474 -2.991897 -2.992695 -747.323303 332.935974 65.378685 1989.605469 0.000000 0.000000 0.000000 0.000000 
AD_Ratio      
1.000000 1.000000

ch04
setPointNum   
11 
setPoint      
-10000000 -8000000 -6000000 -4000000 -2000000 0 2000000 4000000 6000000 8000000 10000000 0 0 0 0 
checkPointNum 
11 
checkPoint    
-10000000 -8000000 -6000000 -4000000 -2000000 0 2000000 4000000 6000000 8000000 10000000 0 0 0 0 
set_ad        
-10112745 -8097692 -6082628 -4067137 -2051910 -1079 1979089 3994866 6008933 8025640 10040219 0 0 0 0 
set_meter     
-10089380 -8078250 -6066970 -4056270 -2044970 -40 1976350 3987620 5998470 8009530 10020850 0 0 0 0 
check_ad      
-10000552 -8000244 -5999581 -3999944 -2000093 -197 2000026 3999105 6000817 8000136 10000866 0 0 0 0 
check_meter   
-10000190 -7999900 -6000280 -3999740 -2000880 -30 1999610 3999770 6000340 8000170 10000030 0 0 0 0 
DA_A          
0.994466 0.994392 0.994678 0.994382 0.978029 1.011946 0.994397 0.994604 0.994500 0.994372 0.000000 0.000000 0.000000 0.000000 
DA_B          
33543.332031 32944.195312 34684.437500 33480.832031 39.121143 40.477840 34724.328125 33896.113281 34519.109375 35548.792969 0.000000 0.000000 0.000000 0.000000 
AD_A          
0.998053 0.998122 0.997623 0.998051 0.997123 0.998092 0.997764 0.998403 0.997200 0.998382 0.000000 0.000000 0.000000 0.000000 
AD_B
3677.032227 4235.700684 1199.056396 2941.517090 1035.895264 1036.941406 1685.970703 -865.137817 6362.668945 -3126.860107 0.000000 0.000000 0.000000 0.000000 
AD_Ratio      
1.000000 1.000000

ch05
setPointNum   
11 
setPoint      
-10000000 -8000000 -6000000 -4000000 -2000000 0 2000000 4000000 6000000 8000000 10000000 0 0 0 0 
checkPointNum 
11 
checkPoint    
-10000000 -8000000 -6000000 -4000000 -2000000 0 2000000 4000000 6000000 8000000 10000000 0 0 0 0 
set_ad        
-10041057 -8038205 -6034564 -4031875 -2028166 210 1978673 3982582 5986233 7990480 9993950 0 0 0 0 
set_meter     
-10019070 -8019640 -6020670 -4022120 -2023050 60 1973480 3972790 5971360 7970430 9969890 0 0 0 0 
check_ad      
-10000480 -7999761 -5999858 -3999443 -1999709 139 1999200 4000111 6000452 7999883 10000435 0 0 0 0 
check_meter   
-10000230 -8000470 -6000250 -4000070 -2000270 -10 2000060 3999880 6000140 7999970 9999900 0 0 0 0 
DA_A          
1.000285 1.000515 1.000726 1.000465 0.988577 1.013469 1.000345 1.000715 1.000465 1.000270 0.000000 0.000000 0.000000 0.000000 
DA_B          
21926.248047 23772.242188 25038.152344 23991.156250 -59.314621 -60.808140 25838.914062 24367.421875 25862.025391 27417.402344 0.000000 0.000000 0.000000 0.000000 
AD_A          
0.998291 0.997669 0.997933 0.997685 0.997404 0.997451 0.997705 0.997464 0.997417 0.997998 0.000000 0.000000 0.000000 0.000000 
AD_B
4831.215820 -174.113220 1422.238037 420.376984 -149.454803 -149.464722 -651.916992 307.313263 589.529419 -4056.835693 0.000000 0.000000 0.000000 0.000000 
AD_Ratio      
1.000000 1.000000

ch06
setPointNum   
11 
setPoint      
-10000000 -8000000 -6000000 -4000000 -2000000 0 2000000 4000000 6000000 8000000 10000000 0 0 0 0 
checkPointNum 
11 
checkPoint    
-10000000 -8000000 -6000000 -4000000 -2000000 0 2000000 4000000 6000000 8000000 10000000 0 0 0 0 
set_ad        
-10008065 -8009421 -6009487 -4010669 -2010743 -1432 1987335 3987467 5986831 7987215 9987407 0 0 0 0 
set_meter     
-9976380 -7982720 -5989460 -3996440 -2002900 -30 1982690 3976410 5969540 7962840 9956780 0 0 0 0 
check_ad      
-9999563 -7999772 -6000221 -3999895 -2000403 161 1999982 4000174 5999761 7999887 9999732 0 0 0 0 
check_meter   
-9999950 -8000300 -6000040 -3999700 -2000270 -40 2000070 3999760 5999960 8000000 9999830 0 0 0 0 
DA_A          
1.003180 1.003381 1.003502 1.003240 0.998567 1.008715 1.003150 1.003447 1.003361 1.003039 0.000000 0.000000 0.000000 0.000000 
DA_B          
8105.694824 9712.731445 10436.422852 9390.331055 29.957012 30.261459 11064.743164 9883.951172 10394.822266 12959.266602 0.000000 0.000000 0.000000 0.000000 
AD_A          
0.997506 0.996663 0.997099 0.996807 0.996794 0.996959 0.996794 0.996882 0.996459 0.996874 0.000000 0.000000 0.000000 0.000000 
AD_B
6727.980957 -27.319912 2595.195068 1422.460083 1397.409668 1397.645874 1725.975586 1375.888306 3910.284668 590.637390 0.000000 0.000000 0.000000 0.000000 
AD_Ratio      
1.000000 1.000000

ch07
setPointNum   
11 
setPoint      
-10000000 -8000000 -6000000 -4000000 -2000000 0 2000000 4000000 6000000 8000000 10000000 0 0 0 0 
checkPointNum 
11 
checkPoint    
-10000000 -8000000 -6000000 -4000000 -2000000 0 2000000 4000000 6000000 8000000 10000000 0 0 0 0 
set_ad        
-10024418 -8023762 -6023218 -4022545 -2021442 475 1980120 3981105 5982855 7984409 9985455 0 0 0 0 
set_meter     
-9996670 -8001270 -6005870 -4010720 -2015420 -30 1974400 3969540 5964690 7960080 9955710 0 0 0 0 
check_ad      
-9999601 -7999663 -6000108 -3999824 -2000174 -165 2000367 4000398 6000294 8000196 9999924 0 0 0 0 
check_meter   
-10000260 -7999980 -6000190 -3999980 -2000350 0 2000120 4000090 6000310 8000180 10000060 0 0 0 0 
DA_A          
1.002305 1.002305 1.002431 1.002356 0.992364 1.012951 1.002436 1.002431 1.002310 1.002190 0.000000 0.000000 0.000000 0.000000 
DA_B          
19715.345703 19715.345703 20469.638672 20167.392578 29.770912 30.388517 20790.521484 20810.464844 21529.625000 22489.138672 0.000000 0.000000 0.000000 0.000000 
AD_A          
0.997373 0.997429 0.997239 0.997100 0.996772 0.997366 0.997079 0.996703 0.996920 0.997293 0.000000 0.000000 0.000000 0.000000 
AD_B
1412.467529 1860.495850 720.478638 160.018921 -503.466644 -503.748688 64.052055 1561.161133 259.843018 -2718.522705 0.000000 0.000000 0.000000 0.000000 
AD_Ratio      
1.000000 1.000000

ch08
setPointNum   
11 
setPoint      
-10000000 -8000000 -6000000 -4000000 -2000000 0 2000000 4000000 6000000 8000000 10000000 0 0 0 0 
checkPointNum 
11 
checkPoint    
-10000000 -8000000 -6000000 -4000000 -2000000 0 2000000 4000000 6000000 8000000 10000000 0 0 0 0 
set_ad        
-10024075 -8023338 -6022093 -4021440 -2020631 -713 1980910 3982616 5983269 7984530 9986287 0 0 0 0 
set_meter     
-10000320 -8003740 -6007210 -4011040 -2014620 -30 1977240 3973550 5969920 7966210 9962670 0 0 0 0 
check_ad      
-9999668 -8000307 -6000384 -4000239 -2000433 27 2000109 3999735 6000106 8000475 10000001 0 0 0 0 
check_meter   
-10000180 -8000210 -6000420 -4000240 -2000700 -60 1999730 3999910 5999860 7999950 9999870 0 0 0 0 
DA_A          
1.001713 1.001738 1.001919 1.001793 0.992758 1.011496 1.001848 1.001818 1.001858 1.001773 0.000000 0.000000 0.000000 0.000000 
DA_B          
17449.839844 17650.623047 18735.878906 18232.636719 29.782736 30.344870 19105.250000 19224.892578 18985.216797 19664.806641 0.000000 0.000000 0.000000 0.000000 
AD_A          
0.997922 0.997644 0.997759 0.997806 0.997362 0.997803 0.997304 0.997859 0.997516 0.997354 0.000000 0.000000 0.000000 0.000000 
AD_B
2927.635010 694.747925 1388.884399 1578.518188 681.119324 681.433777 1669.940186 -540.011597 1513.044556 2808.466309 0.000000 0.000000 0.000000 0.000000 
AD_Ratio      
1.000000 1.000000

ch09
setPointNum   
11 
setPoint      
-10000000 -8000000 -6000000 -4000000 -2000000 0 2000000 4000000 6000000 8000000 10000000 0 0 0 0 
checkPointNum 
11 
checkPoint    
-10000000 -8000000 -6000000 -4000000 -2000000 0 2000000 4000000 6000000 8000000 10000000 0 0 0 0 
set_ad        
-10008666 -8013231 -6017521 -4022576 -2026964 230 1963867 3960367 5956016 7952178 9947992 0 0 0 0 
set_meter     
-9984210 -7993490 -6002630 -4012160 -2021500 0 1959620 3950370 5940840 7931630 9922750 0 0 0 0 
check_ad      
-9999664 -8000434 -6000464 -3999699 -2000617 -54 2000409 3999511 6000176 8000219 10000256 0 0 0 0 
check_meter   
-10000190 -8000290 -6000340 -3999870 -2000690 0 2000140 3999740 5999950 8000270 9999920 0 0 0 0 
DA_A          
1.004662 1.004591 1.004788 1.004692 0.989364 1.020606 1.004647 1.004788 1.004626 1.004460 0.000000 0.000000 0.000000 0.000000 
DA_B          
30752.693359 30187.958984 31369.474609 30984.699219 0.000000 0.000000 31274.644531 30716.363281 31675.867188 32996.503906 0.000000 0.000000 0.000000 0.000000 
AD_A          
0.997637 0.997570 0.997757 0.997519 0.997191 0.997954 0.997120 0.997405 0.997309 0.997648 0.000000 0.000000 0.000000 0.000000 
AD_B
806.590149 267.143402 1392.679810 434.201752 -229.353973 -229.529495 1409.015625 280.729553 852.617920 -1845.093018 0.000000 0.000000 0.000000 0.000000 
AD_Ratio      
1.000000 1.000000

ch10
setPointNum   
11 
setPoint      
-10000000 -8000000 -6000000 -4000000 -2000000 0 2000000 4000000 6000000 8000000 10000000 0 0 0 0 
checkPointNum 
11 
checkPoint    
-10000000 -8000000 -6000000 -4000000 -2000000 0 2000000 4000000 6000000 8000000 10000000 0 0 0 0 
set_ad        
-10024941 -8026037 -6027040 -4028294 -2028945 -755 1969152 3968773 5968059 7967765 9967529 0 0 0 0 
set_meter     
-9998280 -8004200 -6010160 -4016350 -2022240 -10 1964620 3958810 5952720 7946640 9940990 0 0 0 0 
check_ad      
-10000228 -8000258 -6000506 -3999794 -2000414 113 1999906 4000390 6000233 8000093 10000180 0 0 0 0 
check_meter   
-10000160 -7999940 -6000420 -4000090 -2000620 30 2000100 3999900 6000170 8000020 9999940 0 0 0 0 
DA_A          
1.002969 1.002989 1.003105 1.002954 0.989007 1.018003 1.002913 1.003054 1.003049 1.002833 0.000000 0.000000 0.000000 0.000000 
DA_B          
27962.769531 28123.808594 28819.195312 28213.087891 9.890072 10.180034 29656.150391 29098.605469 29128.550781 30847.142578 0.000000 0.000000 0.000000 0.000000 
AD_A          
0.997587 0.997520 0.997530 0.997380 0.997061 0.997321 0.997284 0.997311 0.997107 0.997293 0.000000 0.000000 0.000000 0.000000 
AD_B
2467.584229 1934.486206 1995.932983 1388.447998 742.781372 742.977478 816.245728 708.871704 1929.133057 446.285278 0.000000 0.000000 0.000000 0.000000 
AD_Ratio      
1.000000 1.000000

ch11
setPointNum   
11 
setPoint      
-10000000 -8000000 -6000000 -4000000 -2000000 0 2000000 4000000 6000000 8000000 10000000 0 0 0 0 
checkPointNum 
11 
checkPoint    
-10000000 -8000000 -6000000 -4000000 -2000000 0 2000000 4000000 6000000 8000000 10000000 0 0 0 0 
set_ad        
-10018899 -8013678 -6009327 -4003252 -1998211 -169 2012222 4017959 6023775 8029851 10036148 0 0 0 0 
set_meter     
-9988940 -7989420 -5989960 -3990980 -1991630 -30 2006110 4005610 6004860 8004140 10003820 0 0 0 0 
check_ad      
-10000383 -8000962 -5999872 -4000305 -1999683 241 1999983 3999883 6000215 8000003 9999777 0 0 0 0 
check_meter   
-10000150 -8000270 -6000060 -4000090 -2000070 -10 2000120 3999830 5999990 8000210 9999730 0 0 0 0 
DA_A          
1.000240 1.000270 1.000510 1.000325 1.004218 0.996939 1.000250 1.000375 1.000360 1.000160 0.000000 0.000000 0.000000 0.000000 
DA_B          
-8662.079102 -8422.274414 -6983.561523 -7722.509766 30.126532 29.908182 -6611.652832 -7112.667480 -7022.528320 -5420.867188 0.000000 0.000000 0.000000 0.000000 
AD_A          
0.997157 0.997560 0.996463 0.997162 0.996776 0.996894 0.996890 0.996727 0.996612 0.996702 0.000000 0.000000 0.000000 0.000000 
AD_B
1474.487183 4703.092285 -1886.529907 909.385925 138.455124 138.475037 145.165634 803.711304 1491.791626 772.379089 0.000000 0.000000 0.000000 0.000000 
AD_Ratio      
1.000000 1.000000

ch12
setPointNum   
11 
setPoint      
-10000000 -8000000 -6000000 -4000000 -2000000 0 2000000 4000000 6000000 8000000 10000000 0 0 0 0 
checkPointNum 
11 
checkPoint    
-10000000 -8000000 -6000000 -4000000 -2000000 0 2000000 4000000 6000000 8000000 10000000 0 0 0 0 
set_ad        
-10089506 -8075197 -6059268 -4043233 -2026784 -698 2003980 4020529 6036806 8053360 10069898 0 0 0 0 
set_meter     
-10066330 -8055060 -6043700 -4032460 -2021300 0 2000640 4012170 6023260 8034780 10046220 0 0 0 0 
check_ad      
-10000542 -7999531 -5999322 -4000281 -2000103 165 2000114 3998774 6000429 8000239 9999990 0 0 0 0 
check_meter   
-10000230 -8000250 -6000500 -4000670 -2000350 -30 1999670 3999650 6000090 7999810 9999850 0 0 0 0 
DA_A          
0.994397 0.994352 0.994411 0.994451 0.989462 0.999680 0.994268 0.994486 0.994273 0.994313 0.000000 0.000000 0.000000 0.000000 
DA_B          
9924.078125 9565.666992 9924.225586 10083.732422 0.000000 0.000000 10827.579102 9954.800781 11235.285156 10917.551758 0.000000 0.000000 0.000000 0.000000 
AD_A          
0.998491 0.997734 0.997622 0.997377 0.997638 0.997986 0.997511 0.997427 0.997504 0.997472 0.000000 0.000000 0.000000 0.000000 
AD_B
7953.902344 1834.978882 1156.449585 167.892044 696.351196 696.594055 1647.716919 1984.064941 1523.907104 1779.660645 0.000000 0.000000 0.000000 0.000000 
AD_Ratio      
1.000000 1.000000

ch13
setPointNum   
11 
setPoint      
-10000000 -8000000 -6000000 -4000000 -2000000 0 2000000 4000000 6000000 8000000 10000000 0 0 0 0 
checkPointNum 
11 
checkPoint    
-10000000 -8000000 -6000000 -4000000 -2000000 0 2000000 4000000 6000000 8000000 10000000 0 0 0 0 
set_ad        
-10007111 -8005683 -6003749 -4002564 -2000608 484 2003387 4005197 6006487 8009753 10012219 0 0 0 0 
set_meter     
-9978120 -7981990 -5985990 -3990410 -1994320 0 1997010 3993210 5988890 7984880 9981060 0 0 0 0 
check_ad      
-9999693 -8000329 -5999878 -3999541 -2000202 -86 2000075 4000766 6001544 8000154 10000420 0 0 0 0 
check_meter   
-10000200 -8000300 -6000090 -3999930 -2000320 10 1999710 3999720 6000030 7999850 9999840 0 0 0 0 
DA_A          
1.001939 1.002004 1.002215 1.001959 1.002848 1.001497 1.001904 1.002165 1.002009 1.001914 0.000000 0.000000 0.000000 0.000000 
DA_B          
-2534.905029 -2014.028076 -751.661194 -1773.467163 -0.000000 0.000000 -811.541931 -1854.004639 -921.848328 -160.306183 0.000000 0.000000 0.000000 0.000000 
AD_A          
0.997353 0.997036 0.997199 0.997070 0.996616 0.997058 0.997198 0.997197 0.996368 0.996861 0.000000 0.000000 0.000000 0.000000 
AD_B
2501.076660 -36.914635 943.456665 425.949829 -482.362061 -482.575958 -762.580505 -759.664062 4218.974121 270.651550 0.000000 0.000000 0.000000 0.000000 
AD_Ratio      
1.000000 1.000000

ch14
setPointNum   
11 
setPoint      
-10000000 -8000000 -6000000 -4000000 -2000000 0 2000000 4000000 6000000 8000000 10000000 0 0 0 0 
checkPointNum 
11 
checkPoint    
-10000000 -8000000 -6000000 -4000000 -2000000 0 2000000 4000000 6000000 8000000 10000000 0 0 0 0 
set_ad        
-10034089 -8034045 -6032794 -4033245 -2031901 -698 1968974 3970162 5971180 7972104 9973376 0 0 0 0 
set_meter     
-10010630 -8014410 -6018210 -4022380 -2026650 70 1965050 3961250 5957210 7953420 9949610 0 0 0 0 
check_ad      
-9999776 -7999378 -6000362 -3999369 -2001083 250 1999799 3998283 6000195 7999954 10000144 0 0 0 0 
check_meter   
-10000250 -8000220 -6000350 -4000210 -2000480 0 1999570 3999600 5999910 7999920 10000100 0 0 0 0 
DA_A          
1.001894 1.001904 1.002089 1.002140 0.986816 1.017822 1.001904 1.002024 1.001899 1.001909 0.000000 0.000000 0.000000 0.000000 
DA_B          
29585.917969 29666.365234 30784.185547 30986.156250 -69.077133 -71.247543 31209.296875 30732.078125 31479.654297 31399.816406 0.000000 0.000000 0.000000 0.000000 
AD_A          
0.998088 0.997476 0.998140 0.997195 0.997793 0.997618 0.997507 0.997472 0.997644 0.997461 0.000000 0.000000 0.000000 0.000000 
AD_B
4274.244141 -642.297180 3363.489258 -448.715912 766.459473 766.337280 983.705994 1123.431641 97.572044 1560.240967 0.000000 0.000000 0.000000 0.000000 
AD_Ratio      
1.000000 1.000000

ch15
setPointNum   
11 
setPoint      
-10000000 -8000000 -6000000 -4000000 -2000000 0 2000000 4000000 6000000 8000000 10000000 0 0 0 0 
checkPointNum 
11 
checkPoint    
-10000000 -8000000 -6000000 -4000000 -2000000 0 2000000 4000000 6000000 8000000 10000000 0 0 0 0 
set_ad        
-10012086 -8007347 -6002104 -3997694 -1992766 12419 2018083 4023426 6029281 8034780 10039846 0 0 0 0 
set_meter     
-9990010 -7989230 -5988560 -3988220 -1987630 12320 2012880 4013460 6014070 8014700 10015510 0 0 0 0 
check_ad      
-10000546 -8000088 -6000668 -3999977 -1999531 524 2000319 4000023 6000345 8000619 10000689 0 0 0 0 
check_meter   
-10000080 -7999970 -6000120 -4000110 -2000280 -40 1999850 3999920 6000100 7999930 9999760 0 0 0 0 
DA_A          
0.999610 0.999665 0.999830 0.999705 1.000025 0.999720 0.999710 0.999695 0.999685 0.999595 0.000000 0.000000 0.000000 0.000000 
DA_B          
-13884.584961 -13445.496094 -12457.881836 -12956.177734 -12320.307617 -12316.551758 -12296.433594 -12236.267578 -12176.164062 -11455.360352 0.000000 0.000000 0.000000 0.000000 
AD_A          
0.998025 0.997719 0.997969 0.997836 0.997389 0.997455 0.997625 0.997385 0.997572 0.997877 0.000000 0.000000 0.000000 0.000000 
AD_B
2303.925781 -143.927887 1356.591553 824.314514 -66.577324 -67.396217 -409.740540 554.635498 -572.962708 -3025.187988 0.000000 0.000000 0.000000 0.000000 
AD_Ratio      
1.000000 1.000000

ch16
setPointNum   
11 
setPoint      
-10000000 -8000000 -6000000 -4000000 -2000000 0 2000000 4000000 6000000 8000000 10000000 0 0 0 0 
checkPointNum 
11 
checkPoint    
-10000000 -8000000 -6000000 -4000000 -2000000 0 2000000 4000000 6000000 8000000 10000000 0 0 0 0 
set_ad        
-10008410 -8010315 -6011452 -4013012 -2014056 251 1983736 3983459 5982823 7982267 9981948 0 0 0 0 
set_meter     
-9979680 -7986360 -5993320 -4000590 -2007490 -60 1977810 3970750 5963810 7956850 9950210 0 0 0 0 
check_ad      
-10000430 -8000701 -5999966 -3999726 -1999974 344 2000323 3999718 6000090 8000019 9999493 0 0 0 0 
check_meter   
-10000350 -8000870 -6000590 -4000310 -2000620 -30 1999530 3999600 5999950 7999960 9999640 0 0 0 0 
DA_A          
1.003351 1.003492 1.003648 1.003462 0.996299 1.011189 1.003543 1.003482 1.003492 1.003331 0.000000 0.000000 0.000000 0.000000 
DA_B          
13123.833984 14249.588867 15185.198242 14439.817383 59.777924 60.671329 15183.597656 15423.519531 15363.464844 16645.261719 0.000000 0.000000 0.000000 0.000000 
AD_A          
0.997610 0.997087 0.997143 0.997070 0.996586 0.997169 0.996608 0.996847 0.996797 0.996839 0.000000 0.000000 0.000000 0.000000 
AD_B
4812.139160 619.701782 955.907166 665.764099 -310.143066 -310.289459 802.772583 -149.143204 149.326370 -185.020645 0.000000 0.000000 0.000000 0.000000 
AD_Ratio      
1.000000 1.000000

range2
ch01
setPointNum   
11 
setPoint      
-1000000 -800000 -600000 -400000 -200000 0 200000 400000 600000 800000 1000000 0 0 0 0 
checkPointNum 
11 
checkPoint    
-1000000 -800000 -600000 -400000 -200000 0 200000 400000 600000 800000 1000000 0 0 0 0 
set_ad        
-997951 -798108 -598291 -398542 -198724 6456 200770 400566 600398 800254 1000097 0 0 0 0 
set_meter     
-1001260 -802080 -602800 -403730 -204480 0 193820 393060 592160 791460 990630 0 0 0 0 
check_ad      
-1000013 -800181 -600138 -400100 -200322 35 199948 400010 599995 799940 1000032 0 0 0 0 
check_meter   
-999980 -799970 -600010 -399850 -200020 0 200010 399940 600110 799930 999970 0 0 0 0 
DA_A          
1.004117 1.003613 1.004672 1.003764 0.978091 1.031885 1.003814 1.004520 1.003512 1.004167 0.000000 0.000000 0.000000 0.000000 
DA_B          
5382.066406 4977.920410 5616.114746 5249.686523 0.000000 0.000000 5440.674805 5163.234375 5760.160645 5241.753418 0.000000 0.000000 0.000000 0.000000 
AD_A          
0.996682 0.997313 0.996601 0.997157 0.996588 0.997458 0.997217 0.996337 0.997218 0.996632 0.000000 0.000000 0.000000 0.000000 
AD_B
-6619.806641 -6116.882324 -6542.750488 -6320.890137 -6433.974609 -6439.586914 -6391.289551 -6038.695801 -6567.690918 -6099.029785 0.000000 0.000000 0.000000 0.000000 
AD_Ratio      
1.000000 1.000000

ch02
setPointNum   
11 
setPoint      
-1000000 -800000 -600000 -400000 -200000 0 200000 400000 600000 800000 1000000 0 0 0 0 
checkPointNum 
11 
checkPoint    
-1000000 -800000 -600000 -400000 -200000 0 200000 400000 600000 800000 1000000 0 0 0 0 
set_ad        
-992730 -792990 -593367 -393667 -193759 6695 205468 405215 604858 804734 1004429 0 0 0 0 
set_meter     
-995960 -796940 -597840 -398810 -199640 10 198380 397490 596460 795610 994690 0 0 0 0 
check_ad      
-999991 -800144 -600116 -399978 -200120 -207 200155 400008 600090 799845 999942 0 0 0 0 
check_meter   
-1000040 -800000 -599990 -399980 -200010 -20 200020 399930 600080 799970 999990 0 0 0 0 
DA_A          
1.004924 1.004520 1.004874 1.004167 1.001753 1.008217 1.004470 1.005177 1.004268 1.004621 0.000000 0.000000 0.000000 0.000000 
DA_B          
864.234741 542.440979 753.655212 471.958618 -10.017530 -10.082170 733.263000 452.329498 994.225464 713.281067 0.000000 0.000000 0.000000 0.000000 
AD_A          
0.996395 0.997380 0.996645 0.996308 0.995989 0.997973 0.996811 0.996629 0.996368 0.996920 0.000000 0.000000 0.000000 0.000000 
AD_B
-6808.479980 -6027.584961 -6463.765625 -6596.299805 -6658.146973 -6671.426270 -6432.755371 -6359.013184 -6201.003418 -6645.663574 0.000000 0.000000 0.000000 0.000000 
AD_Ratio      
1.000000 1.000000

ch03
setPointNum   
11 
setPoint      
-1000000 -800000 -600000 -400000 -200000 0 200000 400000 600000 800000 1000000 0 0 0 0 
checkPointNum 
11 
checkPoint    
-1000000 -800000 -600000 -400000 -200000 0 200000 400000 600000 800000 1000000 0 0 0 0 
set_ad        
-993786 -794018 -594209 -394528 -194661 6601 204866 404644 604469 804068 1003931 0 0 0 0 
set_meter     
-997000 -797880 -598690 -399570 -200430 -10 197800 396880 596050 795240 994370 0 0 0 0 
check_ad      
-999948 -799953 -600063 -400039 -199998 -50 200003 399977 599915 800018 999904 0 0 0 0 
check_meter   
-1000000 -799850 -600010 -399980 -199940 -30 199980 400010 600000 799910 1000020 0 0 0 0 
DA_A          
1.004419 1.004066 1.004419 1.004319 0.997904 1.011071 1.004621 1.004167 1.004066 1.004369 0.000000 0.000000 0.000000 0.000000 
DA_B          
1406.187256 1124.554443 1335.877808 1295.570923 9.979044 10.110712 1285.915161 1466.084229 1526.181030 1285.592285 0.000000 0.000000 0.000000 0.000000 
AD_A          
0.996756 0.996902 0.997191 0.996363 0.995816 0.997705 0.996506 0.996722 0.997951 0.996332 0.000000 0.000000 0.000000 0.000000 
AD_B
-6437.605957 -6321.834961 -6150.418945 -6477.063477 -6583.384277 -6595.851074 -6350.223145 -6437.630371 -7180.377441 -5879.070801 0.000000 0.000000 0.000000 0.000000 
AD_Ratio      
1.000000 1.000000

ch04
setPointNum   
11 
setPoint      
-1000000 -800000 -600000 -400000 -200000 0 200000 400000 600000 800000 1000000 0 0 0 0 
checkPointNum 
11 
checkPoint    
-1000000 -800000 -600000 -400000 -200000 0 200000 400000 600000 800000 1000000 0 0 0 0 
set_ad        
-1004865 -803285 -601751 -400313 -198541 6499 204452 405927 607535 809115 1010503 0 0 0 0 
set_meter     
-1008100 -807180 -606210 -405290 -204390 0 197430 398380 599260 800160 1001150 0 0 0 0 
check_ad      
-999990 -800111 -600015 -400034 -200180 4 200032 400168 600014 799965 1000193 0 0 0 0 
check_meter   
-1000010 -800040 -599970 -400020 -200060 -20 199950 399980 599970 800010 999990 0 0 0 0 
DA_A          
0.995421 0.995173 0.995421 0.995520 0.978521 1.013017 0.995272 0.995619 0.995520 0.995074 0.000000 0.000000 0.000000 0.000000 
DA_B          
3483.973633 3284.072266 3434.202637 3474.365234 0.000000 0.000000 3503.359131 3365.193115 3424.589355 3781.282715 0.000000 0.000000 0.000000 0.000000 
AD_A          
0.996726 0.997201 0.997428 0.995678 0.996830 0.997358 0.997394 0.996389 0.996627 0.998024 0.000000 0.000000 0.000000 0.000000 
AD_B
-6525.062988 -6143.021484 -6006.409180 -6707.036621 -6478.397461 -6481.829590 -6489.242676 -6081.210449 -6225.571289 -7355.958496 0.000000 0.000000 0.000000 0.000000 
AD_Ratio      
1.000000 1.000000

ch05
setPointNum   
11 
setPoint      
-1000000 -800000 -600000 -400000 -200000 0 200000 400000 600000 800000 1000000 0 0 0 0 
checkPointNum 
11 
checkPoint    
-1000000 -800000 -600000 -400000 -200000 0 200000 400000 600000 800000 1000000 0 0 0 0 
set_ad        
-997816 -797629 -597136 -396869 -196510 6351 204193 404465 604867 805252 1005728 0 0 0 0 
set_meter     
-1001860 -802030 -602030 -402210 -202350 -40 197240 397210 597040 796930 996890 0 0 0 0 
check_ad      
-1000047 -799990 -600009 -399922 -200014 -24 199981 400140 600014 800012 999911 0 0 0 0 
check_meter   
-999990 -799960 -600070 -399980 -200030 10 199990 399970 599970 800010 999940 0 0 0 0 
DA_A          
1.000851 1.000000 1.000901 1.000700 0.988582 1.013788 1.000150 1.000851 1.000550 1.000200 0.000000 0.000000 0.000000 0.000000 
DA_B          
2712.305420 2030.000000 2572.315186 2491.744141 39.543274 40.551502 2730.409668 2452.084229 2631.447266 2910.582031 0.000000 0.000000 0.000000 0.000000 
AD_A          
0.998217 0.997541 0.997768 0.997509 0.997284 0.997159 0.998492 0.997146 0.997530 0.997426 0.000000 0.000000 0.000000 0.000000 
AD_B
-5823.437988 -6362.320801 -6226.819824 -6329.414062 -6373.750000 -6372.958984 -6645.087402 -6100.550781 -6332.830566 -6249.382812 0.000000 0.000000 0.000000 0.000000 
AD_Ratio      
1.000000 1.000000

ch06
setPointNum   
11 
setPoint      
-1000000 -800000 -600000 -400000 -200000 0 200000 400000 600000 800000 1000000 0 0 0 0 
checkPointNum 
11 
checkPoint    
-1000000 -800000 -600000 -400000 -200000 0 200000 400000 600000 800000 1000000 0 0 0 0 
set_ad        
-994428 -794547 -594507 -394666 -194639 6490 205226 405097 605060 805153 1005158 0 0 0 0 
set_meter     
-997760 -798430 -599090 -399700 -200430 -60 198140 397490 596800 796120 995470 0 0 0 0 
check_ad      
-1000115 -799991 -600165 -399993 -199999 -55 199894 400034 600121 799911 1000001 0 0 0 0 
check_meter   
-999930 -799910 -600000 -400080 -200000 -30 200000 400020 600000 799950 1000000 0 0 0 0 
DA_A          
1.003361 1.003311 1.003059 1.003663 0.998153 1.009082 1.003261 1.003462 1.003412 1.003261 0.000000 0.000000 0.000000 0.000000 
DA_B          
1113.730957 1073.542725 922.814575 1164.249512 59.889206 60.544903 1213.945312 1133.911987 1163.957397 1284.173584 0.000000 0.000000 0.000000 0.000000 
AD_A          
0.997243 0.996501 0.997743 0.996216 0.996226 0.997303 0.997393 0.996734 0.996137 0.996725 0.000000 0.000000 0.000000 0.000000 
AD_B
-6073.280273 -6663.358398 -5924.679688 -6527.609375 -6525.508789 -6532.496094 -6551.041016 -6284.113770 -5922.529785 -6396.189941 0.000000 0.000000 0.000000 0.000000 
AD_Ratio      
1.000000 1.000000

ch07
setPointNum   
11 
setPoint      
-1000000 -800000 -600000 -400000 -200000 0 200000 400000 600000 800000 1000000 0 0 0 0 
checkPointNum 
11 
checkPoint    
-1000000 -800000 -600000 -400000 -200000 0 200000 400000 600000 800000 1000000 0 0 0 0 
set_ad        
-995940 -795931 -595896 -395709 -195505 6503 204567 404598 604793 804949 1005105 0 0 0 0 
set_meter     
-999570 -800150 -600550 -401000 -201510 -10 197460 397070 596550 796130 995700 0 0 0 0 
check_ad      
-1000038 -799912 -599872 -400079 -200005 -4 199928 400072 600069 800030 1000039 0 0 0 0 
check_meter   
-1000050 -799970 -600050 -399950 -200020 30 200070 399960 600000 800000 999990 0 0 0 0 
DA_A          
1.002908 1.002004 1.002255 1.002557 0.992556 1.012812 1.001954 1.002607 1.002104 1.002155 0.000000 0.000000 0.000000 0.000000 
DA_B          
2477.183838 1753.506958 1904.284668 2025.164185 9.925558 10.128120 2154.200684 1894.926758 2194.608643 2154.632568 0.000000 0.000000 0.000000 0.000000 
AD_A          
0.997055 0.997825 0.996818 0.996434 0.997485 0.997001 0.997895 0.996428 0.997122 0.997072 0.000000 0.000000 0.000000 0.000000 
AD_B
-6562.911133 -5949.847168 -6550.155762 -6702.241699 -6496.646484 -6493.497070 -6676.453125 -6082.971191 -6502.553711 -6462.337402 0.000000 0.000000 0.000000 0.000000 
AD_Ratio      
1.000000 1.000000

ch08
setPointNum   
11 
setPoint      
-1000000 -800000 -600000 -400000 -200000 0 200000 400000 600000 800000 1000000 0 0 0 0 
checkPointNum 
11 
checkPoint    
-1000000 -800000 -600000 -400000 -200000 0 200000 400000 600000 800000 1000000 0 0 0 0 
set_ad        
-995988 -795910 -595824 -395652 -195642 6480 204629 404699 604827 804978 1005078 0 0 0 0 
set_meter     
-999450 -799890 -600370 -400950 -201500 -40 197490 397010 596500 796000 995480 0 0 0 0 
check_ad      
-1000096 -799991 -600012 -400115 -199987 -15 200035 399979 599936 799991 999993 0 0 0 0 
check_meter   
-999980 -800010 -599990 -399920 -199880 0 200050 399950 599970 800060 1000040 0 0 0 0 
DA_A          
1.002205 1.002406 1.002908 1.002758 0.992753 1.012504 1.002406 1.002557 1.002506 1.002607 0.000000 0.000000 0.000000 0.000000 
DA_B          
1653.638062 1814.354492 2116.136719 2055.653076 39.710117 40.500175 2034.883667 1975.036377 2005.012573 1925.005005 0.000000 0.000000 0.000000 0.000000 
AD_A          
0.997411 0.997171 0.996243 0.997200 0.996725 0.996876 0.997251 0.996812 0.996747 0.996902 0.000000 0.000000 0.000000 0.000000 
AD_B
-6040.603027 -6231.457031 -6784.373047 -6405.770020 -6498.776367 -6499.756836 -6576.467285 -6398.835938 -6359.773438 -6483.815430 0.000000 0.000000 0.000000 0.000000 
AD_Ratio      
1.000000 1.000000

ch09
setPointNum   
11 
setPoint      
-1000000 -800000 -600000 -400000 -200000 0 200000 400000 600000 800000 1000000 0 0 0 0 
checkPointNum 
11 
checkPoint    
-1000000 -800000 -600000 -400000 -200000 0 200000 400000 600000 800000 1000000 0 0 0 0 
set_ad        
-994331 -794804 -595258 -395833 -196157 6356 202890 402596 602155 801655 1001274 0 0 0 0 
set_meter     
-998110 -799070 -600090 -401020 -202020 -50 195900 394970 593860 792970 992030 0 0 0 0 
check_ad      
-1000043 -800086 -600107 -400002 -200072 131 200066 399836 599907 800042 999994 0 0 0 0 
check_meter   
-999960 -799960 -599960 -399990 -200050 -60 200090 399950 600110 800010 999860 0 0 0 0 
DA_A          
1.004823 1.005126 1.004672 1.005025 0.990246 1.020669 1.004672 1.005581 1.004470 1.004722 0.000000 0.000000 0.000000 0.000000 
DA_B          
2924.035400 3166.147461 2893.454590 3035.175781 49.512302 51.033428 3184.809326 2825.682617 3485.510498 3285.441650 0.000000 0.000000 0.000000 0.000000 
AD_A          
0.997559 0.997164 0.998220 0.996615 0.997319 0.997029 0.996815 0.996648 0.998045 0.997200 0.000000 0.000000 0.000000 0.000000 
AD_B
-6205.935547 -6520.412598 -5891.629395 -6527.086426 -6388.957520 -6387.113281 -6343.859863 -6276.340332 -7117.854980 -6440.097656 0.000000 0.000000 0.000000 0.000000 
AD_Ratio      
1.000000 1.000000

ch10
setPointNum   
11 
setPoint      
-1000000 -800000 -600000 -400000 -200000 0 200000 400000 600000 800000 1000000 0 0 0 0 
checkPointNum 
11 
checkPoint    
-1000000 -800000 -600000 -400000 -200000 0 200000 400000 600000 800000 1000000 0 0 0 0 
set_ad        
-996033 -796095 -596288 -396266 -196332 6487 203457 403476 603306 803346 1003285 0 0 0 0 
set_meter     
-999670 -800320 -600980 -401610 -202240 -10 196360 395760 595120 794430 993850 0 0 0 0 
check_ad      
-1000016 -800086 -599896 -400058 -200100 58 199942 399902 600030 799913 1000017 0 0 0 0 
check_meter   
-1000060 -799910 -600000 -399960 -200010 -20 200070 399980 599980 800000 999940 0 0 0 0 
DA_A          
1.003261 1.003311 1.003160 1.003160 0.988973 1.018486 1.003009 1.003210 1.003462 1.002908 0.000000 0.000000 0.000000 0.000000 
DA_B          
2929.520996 2969.800293 2879.069092 2879.069092 9.889729 10.184855 3049.147461 2969.502441 2819.728027 3259.452393 0.000000 0.000000 0.000000 0.000000 
AD_A          
0.997059 0.997663 0.996740 0.997179 0.997096 0.996954 0.996905 0.997648 0.996351 0.997404 0.000000 0.000000 0.000000 0.000000 
AD_B
-6566.245117 -6085.677246 -6635.685059 -6461.838867 -6478.161133 -6477.239746 -6467.360352 -6767.024902 -5984.373535 -6830.681152 0.000000 0.000000 0.000000 0.000000 
AD_Ratio      
1.000000 1.000000

ch11
setPointNum   
11 
setPoint      
-1000000 -800000 -600000 -400000 -200000 0 200000 400000 600000 800000 1000000 0 0 0 0 
checkPointNum 
11 
checkPoint    
-1000000 -800000 -600000 -400000 -200000 0 200000 400000 600000 800000 1000000 0 0 0 0 
set_ad        
-995440 -794846 -594302 -393794 -193191 6530 207880 408383 608876 809473 1010120 0 0 0 0 
set_meter     
-999010 -799040 -599050 -399100 -199160 0 200740 400680 600660 800630 1000650 0 0 0 0 
check_ad      
-999894 -800068 -599983 -400007 -200093 -116 199859 399872 600069 800027 999947 0 0 0 0 
check_meter   
-1000030 -799990 -600030 -399980 -199940 0 199970 399990 600010 800020 999990 0 0 0 0 
DA_A          
1.000150 1.000050 1.000250 1.000300 1.004218 0.996314 1.000300 1.000100 1.000150 0.999900 0.000000 0.000000 0.000000 0.000000 
DA_B          
-840.126038 -920.046021 -800.200073 -780.234070 0.000000 0.000000 -800.240051 -720.072021 -750.112488 -549.945007 0.000000 0.000000 0.000000 0.000000 
AD_A          
0.996889 0.997238 0.997217 0.996695 0.997191 0.996970 0.997192 0.997441 0.996874 0.996875 0.000000 0.000000 0.000000 0.000000 
AD_B
-6666.576172 -6389.750977 -6401.901855 -6607.502930 -6511.657715 -6510.216797 -6556.285645 -6658.073242 -6312.854492 -6313.485352 0.000000 0.000000 0.000000 0.000000 
AD_Ratio      
1.000000 1.000000

ch12
setPointNum   
11 
setPoint      
-1000000 -800000 -600000 -400000 -200000 0 200000 400000 600000 800000 1000000 0 0 0 0 
checkPointNum 
11 
checkPoint    
-1000000 -800000 -600000 -400000 -200000 0 200000 400000 600000 800000 1000000 0 0 0 0 
set_ad        
-1002629 -801053 -599424 -397847 -196150 6589 206968 408644 610155 812005 1013495 0 0 0 0 
set_meter     
-1006140 -805160 -604090 -403040 -202100 -10 199900 400920 601880 802920 1003900 0 0 0 0 
check_ad      
-999926 -799998 -599933 -400128 -199940 -113 199997 399928 600035 799775 1000009 0 0 0 0 
check_meter   
-1000000 -799910 -600010 -400030 -199960 60 199970 399930 600050 800070 1000090 0 0 0 0 
DA_A          
0.995124 0.994678 0.994777 0.995322 0.989658 1.000450 0.994926 0.995223 0.994827 0.995124 0.000000 0.000000 0.000000 0.000000 
DA_B          
1233.953613 875.317078 935.090759 1154.573486 9.896581 10.004502 1114.317017 995.222900 1233.585327 995.123901 0.000000 0.000000 0.000000 0.000000 
AD_A          
0.997043 0.997228 0.997386 0.996247 0.996799 0.997659 0.996747 0.997266 0.995987 0.997469 0.000000 0.000000 0.000000 0.000000 
AD_B
-6475.474121 -6327.854492 -6233.125488 -6686.181152 -6577.907715 -6583.578125 -6394.786621 -6606.627441 -5826.520508 -7029.699219 0.000000 0.000000 0.000000 0.000000 
AD_Ratio      
1.000000 1.000000

ch13
setPointNum   
11 
setPoint      
-1000000 -800000 -600000 -400000 -200000 0 200000 400000 600000 800000 1000000 0 0 0 0 
checkPointNum 
11 
checkPoint    
-1000000 -800000 -600000 -400000 -200000 0 200000 400000 600000 800000 1000000 0 0 0 0 
set_ad        
-994288 -794054 -593973 -393790 -193481 6511 206867 407136 607105 807551 1007804 0 0 0 0 
set_meter     
-997890 -798330 -598670 -399070 -199420 -30 199840 399480 599070 798750 998440 0 0 0 0 
check_ad      
-999975 -800086 -599932 -400010 -199997 -56 199938 399889 600237 799885 999941 0 0 0 0 
check_meter   
-1000090 -799950 -600010 -400040 -199990 -30 200030 399990 600000 800030 999950 0 0 0 0 
DA_A          
1.002205 1.001703 1.002004 1.001753 1.003059 1.000650 1.001803 1.002054 1.001603 1.001552 0.000000 0.000000 0.000000 0.000000 
DA_B          
90.198433 -310.527893 -130.260529 -230.403198 30.091780 30.019512 -200.360657 -300.616272 -30.048077 10.015524 0.000000 0.000000 0.000000 0.000000 
AD_A          
0.996634 0.997896 0.997088 0.996710 0.996990 0.997574 0.996859 0.998105 0.996179 0.997189 0.000000 0.000000 0.000000 0.000000 
AD_B
-6948.834961 -5946.807129 -6426.848633 -6575.536621 -6521.400879 -6525.206543 -6377.277344 -6884.357910 -5714.961426 -6530.616211 0.000000 0.000000 0.000000 0.000000 
AD_Ratio      
1.000000 1.000000

ch14
setPointNum   
11 
setPoint      
-1000000 -800000 -600000 -400000 -200000 0 200000 400000 600000 800000 1000000 0 0 0 0 
checkPointNum 
11 
checkPoint    
-1000000 -800000 -600000 -400000 -200000 0 200000 400000 600000 800000 1000000 0 0 0 0 
set_ad        
-996931 -796887 -596881 -396744 -196713 6539 203493 403567 603685 803781 1003810 0 0 0 0 
set_meter     
-1000540 -800950 -601470 -402000 -202520 -10 196300 395860 595260 794750 994260 0 0 0 0 
check_ad      
-999977 -799960 -600023 -399987 -200029 90 199938 399968 599947 799981 999970 0 0 0 0 
check_meter   
-999920 -800040 -600040 -400010 -200050 0 200070 399920 599990 800010 1000000 0 0 0 0 
DA_A          
1.002054 1.002607 1.002657 1.002607 0.987606 1.018797 1.002205 1.003009 1.002557 1.002456 0.000000 0.000000 0.000000 0.000000 
DA_B          
2595.320312 3037.898438 3068.130615 3047.924561 9.876056 10.187968 3267.187744 2948.846436 3218.206543 3298.080322 0.000000 0.000000 0.000000 0.000000 
AD_A          
0.997730 0.997370 0.996667 0.997245 0.996349 0.996730 0.997431 0.996412 0.996971 0.997405 0.000000 0.000000 0.000000 0.000000 
AD_B
-5871.535645 -6158.750000 -6578.235352 -6348.860352 -6525.128418 -6527.618652 -6670.216309 -6259.048828 -6596.711914 -6945.490723 0.000000 0.000000 0.000000 0.000000 
AD_Ratio      
1.000000 1.000000

ch15
setPointNum   
11 
setPoint      
-1000000 -800000 -600000 -400000 -200000 0 200000 400000 600000 800000 1000000 0 0 0 0 
checkPointNum 
11 
checkPoint    
-1000000 -800000 -600000 -400000 -200000 0 200000 400000 600000 800000 1000000 0 0 0 0 
set_ad        
-994814 -794272 -593833 -393302 -192784 7803 208313 408890 609371 809974 1010643 0 0 0 0 
set_meter     
-998550 -798520 -598570 -398610 -198600 1350 201290 401300 601270 801160 1001230 0 0 0 0 
check_ad      
-1000083 -800028 -599990 -400012 -199851 38 200019 400043 600098 800091 999954 0 0 0 0 
check_meter   
-999930 -800070 -600050 -399970 -200000 20 200050 399970 599950 800100 999970 0 0 0 0 
DA_A          
0.999850 1.000250 1.000200 0.999950 1.000250 1.000300 0.999950 1.000150 1.000550 0.999650 0.000000 0.000000 0.000000 0.000000 
DA_B          
-1599.760010 -1280.320068 -1310.262085 -1409.929443 -1350.337524 -1350.405151 -1279.936035 -1360.203979 -1600.880493 -879.692078 0.000000 0.000000 0.000000 0.000000 
AD_A          
0.997447 0.997560 0.997153 0.997467 0.996824 0.997157 0.997173 0.997451 0.996446 0.997015 0.000000 0.000000 0.000000 0.000000 
AD_B
-6275.840820 -6185.741699 -6427.903809 -6304.406250 -6428.220215 -6430.817871 -6434.131348 -6547.792480 -5935.122559 -6396.215332 0.000000 0.000000 0.000000 0.000000 
AD_Ratio      
1.000000 1.000000

ch16
setPointNum   
11 
setPoint      
-1000000 -800000 -600000 -400000 -200000 0 200000 400000 600000 800000 1000000 0 0 0 0 
checkPointNum 
11 
checkPoint    
-1000000 -800000 -600000 -400000 -200000 0 200000 400000 600000 800000 1000000 0 0 0 0 
set_ad        
-994539 -794650 -594654 -394864 -194957 6465 204952 404796 604759 804644 1004695 0 0 0 0 
set_meter     
-998280 -798850 -599470 -400210 -200820 -10 197820 397210 596490 795860 995200 0 0 0 0 
check_ad      
-999998 -799988 -600092 -400015 -200003 38 199924 399965 599921 800117 999969 0 0 0 0 
check_meter   
-999930 -800030 -600030 -399930 -200020 -50 199970 399940 599920 800000 999960 0 0 0 0 
DA_A          
1.002858 1.003110 1.003714 1.003059 0.995966 1.010969 1.003059 1.003613 1.003160 1.003311 0.000000 0.000000 0.000000 0.000000 
DA_B          
1133.229736 1334.135864 1696.276245 1434.374878 9.959663 10.109690 1574.803101 1354.877563 1625.119141 1504.966431 0.000000 0.000000 0.000000 0.000000 
AD_A          
0.997704 0.996920 0.997347 0.997414 0.996962 0.996690 0.997728 0.996584 0.997424 0.996446 0.000000 0.000000 0.000000 0.000000 
AD_B
-6024.734375 -6647.570801 -6393.489258 -6367.198242 -6455.356934 -6453.600586 -6666.395996 -6203.365723 -6710.849609 -5924.219727 0.000000 0.000000 0.000000 0.000000 
AD_Ratio      
1.000000 1.000000

range3
ch01
setPointNum   
0 
setPoint      
0 0 0 0 0 0 0 0 0 0 0 0 0 0 0 
checkPointNum 
0 
checkPoint    
0 0 0 0 0 0 0 0 0 0 0 0 0 0 0 
set_ad        
0 0 0 0 0 0 0 0 0 0 0 0 0 0 0 
set_meter     
0 0 0 0 0 0 0 0 0 0 0 0 0 0 0 
check_ad      
0 0 0 0 0 0 0 0 0 0 0 0 0 0 0 
check_meter   
0 0 0 0 0 0 0 0 0 0 0 0 0 0 0 
DA_A          
1.000000 1.000000 1.000000 1.000000 1.000000 1.000000 1.000000 1.000000 1.000000 1.000000 1.000000 1.000000 1.000000 1.000000 
DA_B          
0.000000 0.000000 0.000000 0.000000 0.000000 0.000000 0.000000 0.000000 0.000000 0.000000 0.000000 0.000000 0.000000 0.000000 
AD_A          
1.000000 1.000000 1.000000 1.000000 1.000000 1.000000 1.000000 1.000000 1.000000 1.000000 1.000000 1.000000 1.000000 1.000000 
AD_B
0.000000 0.000000 0.000000 0.000000 0.000000 0.000000 0.000000 0.000000 0.000000 0.000000 0.000000 0.000000 0.000000 0.000000 
AD_Ratio      
1.000000 1.000000

ch02
setPointNum   
0 
setPoint      
0 0 0 0 0 0 0 0 0 0 0 0 0 0 0 
checkPointNum 
0 
checkPoint    
0 0 0 0 0 0 0 0 0 0 0 0 0 0 0 
set_ad        
0 0 0 0 0 0 0 0 0 0 0 0 0 0 0 
set_meter     
0 0 0 0 0 0 0 0 0 0 0 0 0 0 0 
check_ad      
0 0 0 0 0 0 0 0 0 0 0 0 0 0 0 
check_meter   
0 0 0 0 0 0 0 0 0 0 0 0 0 0 0 
DA_A          
1.000000 1.000000 1.000000 1.000000 1.000000 1.000000 1.000000 1.000000 1.000000 1.000000 1.000000 1.000000 1.000000 1.000000 
DA_B          
0.000000 0.000000 0.000000 0.000000 0.000000 0.000000 0.000000 0.000000 0.000000 0.000000 0.000000 0.000000 0.000000 0.000000 
AD_A          
1.000000 1.000000 1.000000 1.000000 1.000000 1.000000 1.000000 1.000000 1.000000 1.000000 1.000000 1.000000 1.000000 1.000000 
AD_B
0.000000 0.000000 0.000000 0.000000 0.000000 0.000000 0.000000 0.000000 0.000000 0.000000 0.000000 0.000000 0.000000 0.000000 
AD_Ratio      
1.000000 1.000000

ch03
setPointNum   
0 
setPoint      
0 0 0 0 0 0 0 0 0 0 0 0 0 0 0 
checkPointNum 
0 
checkPoint    
0 0 0 0 0 0 0 0 0 0 0 0 0 0 0 
set_ad        
0 0 0 0 0 0 0 0 0 0 0 0 0 0 0 
set_meter     
0 0 0 0 0 0 0 0 0 0 0 0 0 0 0 
check_ad      
0 0 0 0 0 0 0 0 0 0 0 0 0 0 0 
check_meter   
0 0 0 0 0 0 0 0 0 0 0 0 0 0 0 
DA_A          
1.000000 1.000000 1.000000 1.000000 1.000000 1.000000 1.000000 1.000000 1.000000 1.000000 1.000000 1.000000 1.000000 1.000000 
DA_B          
0.000000 0.000000 0.000000 0.000000 0.000000 0.000000 0.000000 0.000000 0.000000 0.000000 0.000000 0.000000 0.000000 0.000000 
AD_A          
1.000000 1.000000 1.000000 1.000000 1.000000 1.000000 1.000000 1.000000 1.000000 1.000000 1.000000 1.000000 1.000000 1.000000 
AD_B
0.000000 0.000000 0.000000 0.000000 0.000000 0.000000 0.000000 0.000000 0.000000 0.000000 0.000000 0.000000 0.000000 0.000000 
AD_Ratio      
1.000000 1.000000

ch04
setPointNum   
0 
setPoint      
0 0 0 0 0 0 0 0 0 0 0 0 0 0 0 
checkPointNum 
0 
checkPoint    
0 0 0 0 0 0 0 0 0 0 0 0 0 0 0 
set_ad        
0 0 0 0 0 0 0 0 0 0 0 0 0 0 0 
set_meter     
0 0 0 0 0 0 0 0 0 0 0 0 0 0 0 
check_ad      
0 0 0 0 0 0 0 0 0 0 0 0 0 0 0 
check_meter   
0 0 0 0 0 0 0 0 0 0 0 0 0 0 0 
DA_A          
1.000000 1.000000 1.000000 1.000000 1.000000 1.000000 1.000000 1.000000 1.000000 1.000000 1.000000 1.000000 1.000000 1.000000 
DA_B          
0.000000 0.000000 0.000000 0.000000 0.000000 0.000000 0.000000 0.000000 0.000000 0.000000 0.000000 0.000000 0.000000 0.000000 
AD_A          
1.000000 1.000000 1.000000 1.000000 1.000000 1.000000 1.000000 1.000000 1.000000 1.000000 1.000000 1.000000 1.000000 1.000000 
AD_B
0.000000 0.000000 0.000000 0.000000 0.000000 0.000000 0.000000 0.000000 0.000000 0.000000 0.000000 0.000000 0.000000 0.000000 
AD_Ratio      
1.000000 1.000000

ch05
setPointNum   
0 
setPoint      
0 0 0 0 0 0 0 0 0 0 0 0 0 0 0 
checkPointNum 
0 
checkPoint    
0 0 0 0 0 0 0 0 0 0 0 0 0 0 0 
set_ad        
0 0 0 0 0 0 0 0 0 0 0 0 0 0 0 
set_meter     
0 0 0 0 0 0 0 0 0 0 0 0 0 0 0 
check_ad      
0 0 0 0 0 0 0 0 0 0 0 0 0 0 0 
check_meter   
0 0 0 0 0 0 0 0 0 0 0 0 0 0 0 
DA_A          
1.000000 1.000000 1.000000 1.000000 1.000000 1.000000 1.000000 1.000000 1.000000 1.000000 1.000000 1.000000 1.000000 1.000000 
DA_B          
0.000000 0.000000 0.000000 0.000000 0.000000 0.000000 0.000000 0.000000 0.000000 0.000000 0.000000 0.000000 0.000000 0.000000 
AD_A          
1.000000 1.000000 1.000000 1.000000 1.000000 1.000000 1.000000 1.000000 1.000000 1.000000 1.000000 1.000000 1.000000 1.000000 
AD_B
0.000000 0.000000 0.000000 0.000000 0.000000 0.000000 0.000000 0.000000 0.000000 0.000000 0.000000 0.000000 0.000000 0.000000 
AD_Ratio      
1.000000 1.000000

ch06
setPointNum   
0 
setPoint      
0 0 0 0 0 0 0 0 0 0 0 0 0 0 0 
checkPointNum 
0 
checkPoint    
0 0 0 0 0 0 0 0 0 0 0 0 0 0 0 
set_ad        
0 0 0 0 0 0 0 0 0 0 0 0 0 0 0 
set_meter     
0 0 0 0 0 0 0 0 0 0 0 0 0 0 0 
check_ad      
0 0 0 0 0 0 0 0 0 0 0 0 0 0 0 
check_meter   
0 0 0 0 0 0 0 0 0 0 0 0 0 0 0 
DA_A          
1.000000 1.000000 1.000000 1.000000 1.000000 1.000000 1.000000 1.000000 1.000000 1.000000 1.000000 1.000000 1.000000 1.000000 
DA_B          
0.000000 0.000000 0.000000 0.000000 0.000000 0.000000 0.000000 0.000000 0.000000 0.000000 0.000000 0.000000 0.000000 0.000000 
AD_A          
1.000000 1.000000 1.000000 1.000000 1.000000 1.000000 1.000000 1.000000 1.000000 1.000000 1.000000 1.000000 1.000000 1.000000 
AD_B
0.000000 0.000000 0.000000 0.000000 0.000000 0.000000 0.000000 0.000000 0.000000 0.000000 0.000000 0.000000 0.000000 0.000000 
AD_Ratio      
1.000000 1.000000

ch07
setPointNum   
0 
setPoint      
0 0 0 0 0 0 0 0 0 0 0 0 0 0 0 
checkPointNum 
0 
checkPoint    
0 0 0 0 0 0 0 0 0 0 0 0 0 0 0 
set_ad        
0 0 0 0 0 0 0 0 0 0 0 0 0 0 0 
set_meter     
0 0 0 0 0 0 0 0 0 0 0 0 0 0 0 
check_ad      
0 0 0 0 0 0 0 0 0 0 0 0 0 0 0 
check_meter   
0 0 0 0 0 0 0 0 0 0 0 0 0 0 0 
DA_A          
1.000000 1.000000 1.000000 1.000000 1.000000 1.000000 1.000000 1.000000 1.000000 1.000000 1.000000 1.000000 1.000000 1.000000 
DA_B          
0.000000 0.000000 0.000000 0.000000 0.000000 0.000000 0.000000 0.000000 0.000000 0.000000 0.000000 0.000000 0.000000 0.000000 
AD_A          
1.000000 1.000000 1.000000 1.000000 1.000000 1.000000 1.000000 1.000000 1.000000 1.000000 1.000000 1.000000 1.000000 1.000000 
AD_B
0.000000 0.000000 0.000000 0.000000 0.000000 0.000000 0.000000 0.000000 0.000000 0.000000 0.000000 0.000000 0.000000 0.000000 
AD_Ratio      
1.000000 1.000000

ch08
setPointNum   
0 
setPoint      
0 0 0 0 0 0 0 0 0 0 0 0 0 0 0 
checkPointNum 
0 
checkPoint    
0 0 0 0 0 0 0 0 0 0 0 0 0 0 0 
set_ad        
0 0 0 0 0 0 0 0 0 0 0 0 0 0 0 
set_meter     
0 0 0 0 0 0 0 0 0 0 0 0 0 0 0 
check_ad      
0 0 0 0 0 0 0 0 0 0 0 0 0 0 0 
check_meter   
0 0 0 0 0 0 0 0 0 0 0 0 0 0 0 
DA_A          
1.000000 1.000000 1.000000 1.000000 1.000000 1.000000 1.000000 1.000000 1.000000 1.000000 1.000000 1.000000 1.000000 1.000000 
DA_B          
0.000000 0.000000 0.000000 0.000000 0.000000 0.000000 0.000000 0.000000 0.000000 0.000000 0.000000 0.000000 0.000000 0.000000 
AD_A          
1.000000 1.000000 1.000000 1.000000 1.000000 1.000000 1.000000 1.000000 1.000000 1.000000 1.000000 1.000000 1.000000 1.000000 
AD_B
0.000000 0.000000 0.000000 0.000000 0.000000 0.000000 0.000000 0.000000 0.000000 0.000000 0.000000 0.000000 0.000000 0.000000 
AD_Ratio      
1.000000 1.000000

ch09
setPointNum   
0 
setPoint      
0 0 0 0 0 0 0 0 0 0 0 0 0 0 0 
checkPointNum 
0 
checkPoint    
0 0 0 0 0 0 0 0 0 0 0 0 0 0 0 
set_ad        
0 0 0 0 0 0 0 0 0 0 0 0 0 0 0 
set_meter     
0 0 0 0 0 0 0 0 0 0 0 0 0 0 0 
check_ad      
0 0 0 0 0 0 0 0 0 0 0 0 0 0 0 
check_meter   
0 0 0 0 0 0 0 0 0 0 0 0 0 0 0 
DA_A          
1.000000 1.000000 1.000000 1.000000 1.000000 1.000000 1.000000 1.000000 1.000000 1.000000 1.000000 1.000000 1.000000 1.000000 
DA_B          
0.000000 0.000000 0.000000 0.000000 0.000000 0.000000 0.000000 0.000000 0.000000 0.000000 0.000000 0.000000 0.000000 0.000000 
AD_A          
1.000000 1.000000 1.000000 1.000000 1.000000 1.000000 1.000000 1.000000 1.000000 1.000000 1.000000 1.000000 1.000000 1.000000 
AD_B
0.000000 0.000000 0.000000 0.000000 0.000000 0.000000 0.000000 0.000000 0.000000 0.000000 0.000000 0.000000 0.000000 0.000000 
AD_Ratio      
1.000000 1.000000

ch10
setPointNum   
0 
setPoint      
0 0 0 0 0 0 0 0 0 0 0 0 0 0 0 
checkPointNum 
0 
checkPoint    
0 0 0 0 0 0 0 0 0 0 0 0 0 0 0 
set_ad        
0 0 0 0 0 0 0 0 0 0 0 0 0 0 0 
set_meter     
0 0 0 0 0 0 0 0 0 0 0 0 0 0 0 
check_ad      
0 0 0 0 0 0 0 0 0 0 0 0 0 0 0 
check_meter   
0 0 0 0 0 0 0 0 0 0 0 0 0 0 0 
DA_A          
1.000000 1.000000 1.000000 1.000000 1.000000 1.000000 1.000000 1.000000 1.000000 1.000000 1.000000 1.000000 1.000000 1.000000 
DA_B          
0.000000 0.000000 0.000000 0.000000 0.000000 0.000000 0.000000 0.000000 0.000000 0.000000 0.000000 0.000000 0.000000 0.000000 
AD_A          
1.000000 1.000000 1.000000 1.000000 1.000000 1.000000 1.000000 1.000000 1.000000 1.000000 1.000000 1.000000 1.000000 1.000000 
AD_B
0.000000 0.000000 0.000000 0.000000 0.000000 0.000000 0.000000 0.000000 0.000000 0.000000 0.000000 0.000000 0.000000 0.000000 
AD_Ratio      
1.000000 1.000000

ch11
setPointNum   
0 
setPoint      
0 0 0 0 0 0 0 0 0 0 0 0 0 0 0 
checkPointNum 
0 
checkPoint    
0 0 0 0 0 0 0 0 0 0 0 0 0 0 0 
set_ad        
0 0 0 0 0 0 0 0 0 0 0 0 0 0 0 
set_meter     
0 0 0 0 0 0 0 0 0 0 0 0 0 0 0 
check_ad      
0 0 0 0 0 0 0 0 0 0 0 0 0 0 0 
check_meter   
0 0 0 0 0 0 0 0 0 0 0 0 0 0 0 
DA_A          
1.000000 1.000000 1.000000 1.000000 1.000000 1.000000 1.000000 1.000000 1.000000 1.000000 1.000000 1.000000 1.000000 1.000000 
DA_B          
0.000000 0.000000 0.000000 0.000000 0.000000 0.000000 0.000000 0.000000 0.000000 0.000000 0.000000 0.000000 0.000000 0.000000 
AD_A          
1.000000 1.000000 1.000000 1.000000 1.000000 1.000000 1.000000 1.000000 1.000000 1.000000 1.000000 1.000000 1.000000 1.000000 
AD_B
0.000000 0.000000 0.000000 0.000000 0.000000 0.000000 0.000000 0.000000 0.000000 0.000000 0.000000 0.000000 0.000000 0.000000 
AD_Ratio      
1.000000 1.000000

ch12
setPointNum   
0 
setPoint      
0 0 0 0 0 0 0 0 0 0 0 0 0 0 0 
checkPointNum 
0 
checkPoint    
0 0 0 0 0 0 0 0 0 0 0 0 0 0 0 
set_ad        
0 0 0 0 0 0 0 0 0 0 0 0 0 0 0 
set_meter     
0 0 0 0 0 0 0 0 0 0 0 0 0 0 0 
check_ad      
0 0 0 0 0 0 0 0 0 0 0 0 0 0 0 
check_meter   
0 0 0 0 0 0 0 0 0 0 0 0 0 0 0 
DA_A          
1.000000 1.000000 1.000000 1.000000 1.000000 1.000000 1.000000 1.000000 1.000000 1.000000 1.000000 1.000000 1.000000 1.000000 
DA_B          
0.000000 0.000000 0.000000 0.000000 0.000000 0.000000 0.000000 0.000000 0.000000 0.000000 0.000000 0.000000 0.000000 0.000000 
AD_A          
1.000000 1.000000 1.000000 1.000000 1.000000 1.000000 1.000000 1.000000 1.000000 1.000000 1.000000 1.000000 1.000000 1.000000 
AD_B
0.000000 0.000000 0.000000 0.000000 0.000000 0.000000 0.000000 0.000000 0.000000 0.000000 0.000000 0.000000 0.000000 0.000000 
AD_Ratio      
1.000000 1.000000

ch13
setPointNum   
0 
setPoint      
0 0 0 0 0 0 0 0 0 0 0 0 0 0 0 
checkPointNum 
0 
checkPoint    
0 0 0 0 0 0 0 0 0 0 0 0 0 0 0 
set_ad        
0 0 0 0 0 0 0 0 0 0 0 0 0 0 0 
set_meter     
0 0 0 0 0 0 0 0 0 0 0 0 0 0 0 
check_ad      
0 0 0 0 0 0 0 0 0 0 0 0 0 0 0 
check_meter   
0 0 0 0 0 0 0 0 0 0 0 0 0 0 0 
DA_A          
1.000000 1.000000 1.000000 1.000000 1.000000 1.000000 1.000000 1.000000 1.000000 1.000000 1.000000 1.000000 1.000000 1.000000 
DA_B          
0.000000 0.000000 0.000000 0.000000 0.000000 0.000000 0.000000 0.000000 0.000000 0.000000 0.000000 0.000000 0.000000 0.000000 
AD_A          
1.000000 1.000000 1.000000 1.000000 1.000000 1.000000 1.000000 1.000000 1.000000 1.000000 1.000000 1.000000 1.000000 1.000000 
AD_B
0.000000 0.000000 0.000000 0.000000 0.000000 0.000000 0.000000 0.000000 0.000000 0.000000 0.000000 0.000000 0.000000 0.000000 
AD_Ratio      
1.000000 1.000000

ch14
setPointNum   
0 
setPoint      
0 0 0 0 0 0 0 0 0 0 0 0 0 0 0 
checkPointNum 
0 
checkPoint    
0 0 0 0 0 0 0 0 0 0 0 0 0 0 0 
set_ad        
0 0 0 0 0 0 0 0 0 0 0 0 0 0 0 
set_meter     
0 0 0 0 0 0 0 0 0 0 0 0 0 0 0 
check_ad      
0 0 0 0 0 0 0 0 0 0 0 0 0 0 0 
check_meter   
0 0 0 0 0 0 0 0 0 0 0 0 0 0 0 
DA_A          
1.000000 1.000000 1.000000 1.000000 1.000000 1.000000 1.000000 1.000000 1.000000 1.000000 1.000000 1.000000 1.000000 1.000000 
DA_B          
0.000000 0.000000 0.000000 0.000000 0.000000 0.000000 0.000000 0.000000 0.000000 0.000000 0.000000 0.000000 0.000000 0.000000 
AD_A          
1.000000 1.000000 1.000000 1.000000 1.000000 1.000000 1.000000 1.000000 1.000000 1.000000 1.000000 1.000000 1.000000 1.000000 
AD_B
0.000000 0.000000 0.000000 0.000000 0.000000 0.000000 0.000000 0.000000 0.000000 0.000000 0.000000 0.000000 0.000000 0.000000 
AD_Ratio      
1.000000 1.000000

ch15
setPointNum   
0 
setPoint      
0 0 0 0 0 0 0 0 0 0 0 0 0 0 0 
checkPointNum 
0 
checkPoint    
0 0 0 0 0 0 0 0 0 0 0 0 0 0 0 
set_ad        
0 0 0 0 0 0 0 0 0 0 0 0 0 0 0 
set_meter     
0 0 0 0 0 0 0 0 0 0 0 0 0 0 0 
check_ad      
0 0 0 0 0 0 0 0 0 0 0 0 0 0 0 
check_meter   
0 0 0 0 0 0 0 0 0 0 0 0 0 0 0 
DA_A          
1.000000 1.000000 1.000000 1.000000 1.000000 1.000000 1.000000 1.000000 1.000000 1.000000 1.000000 1.000000 1.000000 1.000000 
DA_B          
0.000000 0.000000 0.000000 0.000000 0.000000 0.000000 0.000000 0.000000 0.000000 0.000000 0.000000 0.000000 0.000000 0.000000 
AD_A          
1.000000 1.000000 1.000000 1.000000 1.000000 1.000000 1.000000 1.000000 1.000000 1.000000 1.000000 1.000000 1.000000 1.000000 
AD_B
0.000000 0.000000 0.000000 0.000000 0.000000 0.000000 0.000000 0.000000 0.000000 0.000000 0.000000 0.000000 0.000000 0.000000 
AD_Ratio      
1.000000 1.000000

ch16
setPointNum   
0 
setPoint      
0 0 0 0 0 0 0 0 0 0 0 0 0 0 0 
checkPointNum 
0 
checkPoint    
0 0 0 0 0 0 0 0 0 0 0 0 0 0 0 
set_ad        
0 0 0 0 0 0 0 0 0 0 0 0 0 0 0 
set_meter     
0 0 0 0 0 0 0 0 0 0 0 0 0 0 0 
check_ad      
0 0 0 0 0 0 0 0 0 0 0 0 0 0 0 
check_meter   
0 0 0 0 0 0 0 0 0 0 0 0 0 0 0 
DA_A          
1.000000 1.000000 1.000000 1.000000 1.000000 1.000000 1.000000 1.000000 1.000000 1.000000 1.000000 1.000000 1.000000 1.000000 
DA_B          
0.000000 0.000000 0.000000 0.000000 0.000000 0.000000 0.000000 0.000000 0.000000 0.000000 0.000000 0.000000 0.000000 0.000000 
AD_A          
1.000000 1.000000 1.000000 1.000000 1.000000 1.000000 1.000000 1.000000 1.000000 1.000000 1.000000 1.000000 1.000000 1.000000 
AD_B
0.000000 0.000000 0.000000 0.000000 0.000000 0.000000 0.000000 0.000000 0.000000 0.000000 0.000000 0.000000 0.000000 0.000000 
AD_Ratio      
1.000000 1.000000

range4
ch01
setPointNum   
0 
setPoint      
0 0 0 0 0 0 0 0 0 0 0 0 0 0 0 
checkPointNum 
0 
checkPoint    
0 0 0 0 0 0 0 0 0 0 0 0 0 0 0 
set_ad        
0 0 0 0 0 0 0 0 0 0 0 0 0 0 0 
set_meter     
0 0 0 0 0 0 0 0 0 0 0 0 0 0 0 
check_ad      
0 0 0 0 0 0 0 0 0 0 0 0 0 0 0 
check_meter   
0 0 0 0 0 0 0 0 0 0 0 0 0 0 0 
DA_A          
1.000000 1.000000 1.000000 1.000000 1.000000 1.000000 1.000000 1.000000 1.000000 1.000000 1.000000 1.000000 1.000000 1.000000 
DA_B          
0.000000 0.000000 0.000000 0.000000 0.000000 0.000000 0.000000 0.000000 0.000000 0.000000 0.000000 0.000000 0.000000 0.000000 
AD_A          
1.000000 1.000000 1.000000 1.000000 1.000000 1.000000 1.000000 1.000000 1.000000 1.000000 1.000000 1.000000 1.000000 1.000000 
AD_B
0.000000 0.000000 0.000000 0.000000 0.000000 0.000000 0.000000 0.000000 0.000000 0.000000 0.000000 0.000000 0.000000 0.000000 
AD_Ratio      
1.000000 1.000000

ch02
setPointNum   
0 
setPoint      
0 0 0 0 0 0 0 0 0 0 0 0 0 0 0 
checkPointNum 
0 
checkPoint    
0 0 0 0 0 0 0 0 0 0 0 0 0 0 0 
set_ad        
0 0 0 0 0 0 0 0 0 0 0 0 0 0 0 
set_meter     
0 0 0 0 0 0 0 0 0 0 0 0 0 0 0 
check_ad      
0 0 0 0 0 0 0 0 0 0 0 0 0 0 0 
check_meter   
0 0 0 0 0 0 0 0 0 0 0 0 0 0 0 
DA_A          
1.000000 1.000000 1.000000 1.000000 1.000000 1.000000 1.000000 1.000000 1.000000 1.000000 1.000000 1.000000 1.000000 1.000000 
DA_B          
0.000000 0.000000 0.000000 0.000000 0.000000 0.000000 0.000000 0.000000 0.000000 0.000000 0.000000 0.000000 0.000000 0.000000 
AD_A          
1.000000 1.000000 1.000000 1.000000 1.000000 1.000000 1.000000 1.000000 1.000000 1.000000 1.000000 1.000000 1.000000 1.000000 
AD_B
0.000000 0.000000 0.000000 0.000000 0.000000 0.000000 0.000000 0.000000 0.000000 0.000000 0.000000 0.000000 0.000000 0.000000 
AD_Ratio      
1.000000 1.000000

ch03
setPointNum   
0 
setPoint      
0 0 0 0 0 0 0 0 0 0 0 0 0 0 0 
checkPointNum 
0 
checkPoint    
0 0 0 0 0 0 0 0 0 0 0 0 0 0 0 
set_ad        
0 0 0 0 0 0 0 0 0 0 0 0 0 0 0 
set_meter     
0 0 0 0 0 0 0 0 0 0 0 0 0 0 0 
check_ad      
0 0 0 0 0 0 0 0 0 0 0 0 0 0 0 
check_meter   
0 0 0 0 0 0 0 0 0 0 0 0 0 0 0 
DA_A          
1.000000 1.000000 1.000000 1.000000 1.000000 1.000000 1.000000 1.000000 1.000000 1.000000 1.000000 1.000000 1.000000 1.000000 
DA_B          
0.000000 0.000000 0.000000 0.000000 0.000000 0.000000 0.000000 0.000000 0.000000 0.000000 0.000000 0.000000 0.000000 0.000000 
AD_A          
1.000000 1.000000 1.000000 1.000000 1.000000 1.000000 1.000000 1.000000 1.000000 1.000000 1.000000 1.000000 1.000000 1.000000 
AD_B
0.000000 0.000000 0.000000 0.000000 0.000000 0.000000 0.000000 0.000000 0.000000 0.000000 0.000000 0.000000 0.000000 0.000000 
AD_Ratio      
1.000000 1.000000

ch04
setPointNum   
0 
setPoint      
0 0 0 0 0 0 0 0 0 0 0 0 0 0 0 
checkPointNum 
0 
checkPoint    
0 0 0 0 0 0 0 0 0 0 0 0 0 0 0 
set_ad        
0 0 0 0 0 0 0 0 0 0 0 0 0 0 0 
set_meter     
0 0 0 0 0 0 0 0 0 0 0 0 0 0 0 
check_ad      
0 0 0 0 0 0 0 0 0 0 0 0 0 0 0 
check_meter   
0 0 0 0 0 0 0 0 0 0 0 0 0 0 0 
DA_A          
1.000000 1.000000 1.000000 1.000000 1.000000 1.000000 1.000000 1.000000 1.000000 1.000000 1.000000 1.000000 1.000000 1.000000 
DA_B          
0.000000 0.000000 0.000000 0.000000 0.000000 0.000000 0.000000 0.000000 0.000000 0.000000 0.000000 0.000000 0.000000 0.000000 
AD_A          
1.000000 1.000000 1.000000 1.000000 1.000000 1.000000 1.000000 1.000000 1.000000 1.000000 1.000000 1.000000 1.000000 1.000000 
AD_B
0.000000 0.000000 0.000000 0.000000 0.000000 0.000000 0.000000 0.000000 0.000000 0.000000 0.000000 0.000000 0.000000 0.000000 
AD_Ratio      
1.000000 1.000000

ch05
setPointNum   
0 
setPoint      
0 0 0 0 0 0 0 0 0 0 0 0 0 0 0 
checkPointNum 
0 
checkPoint    
0 0 0 0 0 0 0 0 0 0 0 0 0 0 0 
set_ad        
0 0 0 0 0 0 0 0 0 0 0 0 0 0 0 
set_meter     
0 0 0 0 0 0 0 0 0 0 0 0 0 0 0 
check_ad      
0 0 0 0 0 0 0 0 0 0 0 0 0 0 0 
check_meter   
0 0 0 0 0 0 0 0 0 0 0 0 0 0 0 
DA_A          
1.000000 1.000000 1.000000 1.000000 1.000000 1.000000 1.000000 1.000000 1.000000 1.000000 1.000000 1.000000 1.000000 1.000000 
DA_B          
0.000000 0.000000 0.000000 0.000000 0.000000 0.000000 0.000000 0.000000 0.000000 0.000000 0.000000 0.000000 0.000000 0.000000 
AD_A          
1.000000 1.000000 1.000000 1.000000 1.000000 1.000000 1.000000 1.000000 1.000000 1.000000 1.000000 1.000000 1.000000 1.000000 
AD_B
0.000000 0.000000 0.000000 0.000000 0.000000 0.000000 0.000000 0.000000 0.000000 0.000000 0.000000 0.000000 0.000000 0.000000 
AD_Ratio      
1.000000 1.000000

ch06
setPointNum   
0 
setPoint      
0 0 0 0 0 0 0 0 0 0 0 0 0 0 0 
checkPointNum 
0 
checkPoint    
0 0 0 0 0 0 0 0 0 0 0 0 0 0 0 
set_ad        
0 0 0 0 0 0 0 0 0 0 0 0 0 0 0 
set_meter     
0 0 0 0 0 0 0 0 0 0 0 0 0 0 0 
check_ad      
0 0 0 0 0 0 0 0 0 0 0 0 0 0 0 
check_meter   
0 0 0 0 0 0 0 0 0 0 0 0 0 0 0 
DA_A          
1.000000 1.000000 1.000000 1.000000 1.000000 1.000000 1.000000 1.000000 1.000000 1.000000 1.000000 1.000000 1.000000 1.000000 
DA_B          
0.000000 0.000000 0.000000 0.000000 0.000000 0.000000 0.000000 0.000000 0.000000 0.000000 0.000000 0.000000 0.000000 0.000000 
AD_A          
1.000000 1.000000 1.000000 1.000000 1.000000 1.000000 1.000000 1.000000 1.000000 1.000000 1.000000 1.000000 1.000000 1.000000 
AD_B
0.000000 0.000000 0.000000 0.000000 0.000000 0.000000 0.000000 0.000000 0.000000 0.000000 0.000000 0.000000 0.000000 0.000000 
AD_Ratio      
1.000000 1.000000

ch07
setPointNum   
0 
setPoint      
0 0 0 0 0 0 0 0 0 0 0 0 0 0 0 
checkPointNum 
0 
checkPoint    
0 0 0 0 0 0 0 0 0 0 0 0 0 0 0 
set_ad        
0 0 0 0 0 0 0 0 0 0 0 0 0 0 0 
set_meter     
0 0 0 0 0 0 0 0 0 0 0 0 0 0 0 
check_ad      
0 0 0 0 0 0 0 0 0 0 0 0 0 0 0 
check_meter   
0 0 0 0 0 0 0 0 0 0 0 0 0 0 0 
DA_A          
1.000000 1.000000 1.000000 1.000000 1.000000 1.000000 1.000000 1.000000 1.000000 1.000000 1.000000 1.000000 1.000000 1.000000 
DA_B          
0.000000 0.000000 0.000000 0.000000 0.000000 0.000000 0.000000 0.000000 0.000000 0.000000 0.000000 0.000000 0.000000 0.000000 
AD_A          
1.000000 1.000000 1.000000 1.000000 1.000000 1.000000 1.000000 1.000000 1.000000 1.000000 1.000000 1.000000 1.000000 1.000000 
AD_B
0.000000 0.000000 0.000000 0.000000 0.000000 0.000000 0.000000 0.000000 0.000000 0.000000 0.000000 0.000000 0.000000 0.000000 
AD_Ratio      
1.000000 1.000000

ch08
setPointNum   
0 
setPoint      
0 0 0 0 0 0 0 0 0 0 0 0 0 0 0 
checkPointNum 
0 
checkPoint    
0 0 0 0 0 0 0 0 0 0 0 0 0 0 0 
set_ad        
0 0 0 0 0 0 0 0 0 0 0 0 0 0 0 
set_meter     
0 0 0 0 0 0 0 0 0 0 0 0 0 0 0 
check_ad      
0 0 0 0 0 0 0 0 0 0 0 0 0 0 0 
check_meter   
0 0 0 0 0 0 0 0 0 0 0 0 0 0 0 
DA_A          
1.000000 1.000000 1.000000 1.000000 1.000000 1.000000 1.000000 1.000000 1.000000 1.000000 1.000000 1.000000 1.000000 1.000000 
DA_B          
0.000000 0.000000 0.000000 0.000000 0.000000 0.000000 0.000000 0.000000 0.000000 0.000000 0.000000 0.000000 0.000000 0.000000 
AD_A          
1.000000 1.000000 1.000000 1.000000 1.000000 1.000000 1.000000 1.000000 1.000000 1.000000 1.000000 1.000000 1.000000 1.000000 
AD_B
0.000000 0.000000 0.000000 0.000000 0.000000 0.000000 0.000000 0.000000 0.000000 0.000000 0.000000 0.000000 0.000000 0.000000 
AD_Ratio      
1.000000 1.000000

ch09
setPointNum   
0 
setPoint      
0 0 0 0 0 0 0 0 0 0 0 0 0 0 0 
checkPointNum 
0 
checkPoint    
0 0 0 0 0 0 0 0 0 0 0 0 0 0 0 
set_ad        
0 0 0 0 0 0 0 0 0 0 0 0 0 0 0 
set_meter     
0 0 0 0 0 0 0 0 0 0 0 0 0 0 0 
check_ad      
0 0 0 0 0 0 0 0 0 0 0 0 0 0 0 
check_meter   
0 0 0 0 0 0 0 0 0 0 0 0 0 0 0 
DA_A          
1.000000 1.000000 1.000000 1.000000 1.000000 1.000000 1.000000 1.000000 1.000000 1.000000 1.000000 1.000000 1.000000 1.000000 
DA_B          
0.000000 0.000000 0.000000 0.000000 0.000000 0.000000 0.000000 0.000000 0.000000 0.000000 0.000000 0.000000 0.000000 0.000000 
AD_A          
1.000000 1.000000 1.000000 1.000000 1.000000 1.000000 1.000000 1.000000 1.000000 1.000000 1.000000 1.000000 1.000000 1.000000 
AD_B
0.000000 0.000000 0.000000 0.000000 0.000000 0.000000 0.000000 0.000000 0.000000 0.000000 0.000000 0.000000 0.000000 0.000000 
AD_Ratio      
1.000000 1.000000

ch10
setPointNum   
0 
setPoint      
0 0 0 0 0 0 0 0 0 0 0 0 0 0 0 
checkPointNum 
0 
checkPoint    
0 0 0 0 0 0 0 0 0 0 0 0 0 0 0 
set_ad        
0 0 0 0 0 0 0 0 0 0 0 0 0 0 0 
set_meter     
0 0 0 0 0 0 0 0 0 0 0 0 0 0 0 
check_ad      
0 0 0 0 0 0 0 0 0 0 0 0 0 0 0 
check_meter   
0 0 0 0 0 0 0 0 0 0 0 0 0 0 0 
DA_A          
1.000000 1.000000 1.000000 1.000000 1.000000 1.000000 1.000000 1.000000 1.000000 1.000000 1.000000 1.000000 1.000000 1.000000 
DA_B          
0.000000 0.000000 0.000000 0.000000 0.000000 0.000000 0.000000 0.000000 0.000000 0.000000 0.000000 0.000000 0.000000 0.000000 
AD_A          
1.000000 1.000000 1.000000 1.000000 1.000000 1.000000 1.000000 1.000000 1.000000 1.000000 1.000000 1.000000 1.000000 1.000000 
AD_B
0.000000 0.000000 0.000000 0.000000 0.000000 0.000000 0.000000 0.000000 0.000000 0.000000 0.000000 0.000000 0.000000 0.000000 
AD_Ratio      
1.000000 1.000000

ch11
setPointNum   
0 
setPoint      
0 0 0 0 0 0 0 0 0 0 0 0 0 0 0 
checkPointNum 
0 
checkPoint    
0 0 0 0 0 0 0 0 0 0 0 0 0 0 0 
set_ad        
0 0 0 0 0 0 0 0 0 0 0 0 0 0 0 
set_meter     
0 0 0 0 0 0 0 0 0 0 0 0 0 0 0 
check_ad      
0 0 0 0 0 0 0 0 0 0 0 0 0 0 0 
check_meter   
0 0 0 0 0 0 0 0 0 0 0 0 0 0 0 
DA_A          
1.000000 1.000000 1.000000 1.000000 1.000000 1.000000 1.000000 1.000000 1.000000 1.000000 1.000000 1.000000 1.000000 1.000000 
DA_B          
0.000000 0.000000 0.000000 0.000000 0.000000 0.000000 0.000000 0.000000 0.000000 0.000000 0.000000 0.000000 0.000000 0.000000 
AD_A          
1.000000 1.000000 1.000000 1.000000 1.000000 1.000000 1.000000 1.000000 1.000000 1.000000 1.000000 1.000000 1.000000 1.000000 
AD_B
0.000000 0.000000 0.000000 0.000000 0.000000 0.000000 0.000000 0.000000 0.000000 0.000000 0.000000 0.000000 0.000000 0.000000 
AD_Ratio      
1.000000 1.000000

ch12
setPointNum   
0 
setPoint      
0 0 0 0 0 0 0 0 0 0 0 0 0 0 0 
checkPointNum 
0 
checkPoint    
0 0 0 0 0 0 0 0 0 0 0 0 0 0 0 
set_ad        
0 0 0 0 0 0 0 0 0 0 0 0 0 0 0 
set_meter     
0 0 0 0 0 0 0 0 0 0 0 0 0 0 0 
check_ad      
0 0 0 0 0 0 0 0 0 0 0 0 0 0 0 
check_meter   
0 0 0 0 0 0 0 0 0 0 0 0 0 0 0 
DA_A          
1.000000 1.000000 1.000000 1.000000 1.000000 1.000000 1.000000 1.000000 1.000000 1.000000 1.000000 1.000000 1.000000 1.000000 
DA_B          
0.000000 0.000000 0.000000 0.000000 0.000000 0.000000 0.000000 0.000000 0.000000 0.000000 0.000000 0.000000 0.000000 0.000000 
AD_A          
1.000000 1.000000 1.000000 1.000000 1.000000 1.000000 1.000000 1.000000 1.000000 1.000000 1.000000 1.000000 1.000000 1.000000 
AD_B
0.000000 0.000000 0.000000 0.000000 0.000000 0.000000 0.000000 0.000000 0.000000 0.000000 0.000000 0.000000 0.000000 0.000000 
AD_Ratio      
1.000000 1.000000

ch13
setPointNum   
0 
setPoint      
0 0 0 0 0 0 0 0 0 0 0 0 0 0 0 
checkPointNum 
0 
checkPoint    
0 0 0 0 0 0 0 0 0 0 0 0 0 0 0 
set_ad        
0 0 0 0 0 0 0 0 0 0 0 0 0 0 0 
set_meter     
0 0 0 0 0 0 0 0 0 0 0 0 0 0 0 
check_ad      
0 0 0 0 0 0 0 0 0 0 0 0 0 0 0 
check_meter   
0 0 0 0 0 0 0 0 0 0 0 0 0 0 0 
DA_A          
1.000000 1.000000 1.000000 1.000000 1.000000 1.000000 1.000000 1.000000 1.000000 1.000000 1.000000 1.000000 1.000000 1.000000 
DA_B          
0.000000 0.000000 0.000000 0.000000 0.000000 0.000000 0.000000 0.000000 0.000000 0.000000 0.000000 0.000000 0.000000 0.000000 
AD_A          
1.000000 1.000000 1.000000 1.000000 1.000000 1.000000 1.000000 1.000000 1.000000 1.000000 1.000000 1.000000 1.000000 1.000000 
AD_B
0.000000 0.000000 0.000000 0.000000 0.000000 0.000000 0.000000 0.000000 0.000000 0.000000 0.000000 0.000000 0.000000 0.000000 
AD_Ratio      
1.000000 1.000000

ch14
setPointNum   
0 
setPoint      
0 0 0 0 0 0 0 0 0 0 0 0 0 0 0 
checkPointNum 
0 
checkPoint    
0 0 0 0 0 0 0 0 0 0 0 0 0 0 0 
set_ad        
0 0 0 0 0 0 0 0 0 0 0 0 0 0 0 
set_meter     
0 0 0 0 0 0 0 0 0 0 0 0 0 0 0 
check_ad      
0 0 0 0 0 0 0 0 0 0 0 0 0 0 0 
check_meter   
0 0 0 0 0 0 0 0 0 0 0 0 0 0 0 
DA_A          
1.000000 1.000000 1.000000 1.000000 1.000000 1.000000 1.000000 1.000000 1.000000 1.000000 1.000000 1.000000 1.000000 1.000000 
DA_B          
0.000000 0.000000 0.000000 0.000000 0.000000 0.000000 0.000000 0.000000 0.000000 0.000000 0.000000 0.000000 0.000000 0.000000 
AD_A          
1.000000 1.000000 1.000000 1.000000 1.000000 1.000000 1.000000 1.000000 1.000000 1.000000 1.000000 1.000000 1.000000 1.000000 
AD_B
0.000000 0.000000 0.000000 0.000000 0.000000 0.000000 0.000000 0.000000 0.000000 0.000000 0.000000 0.000000 0.000000 0.000000 
AD_Ratio      
1.000000 1.000000

ch15
setPointNum   
0 
setPoint      
0 0 0 0 0 0 0 0 0 0 0 0 0 0 0 
checkPointNum 
0 
checkPoint    
0 0 0 0 0 0 0 0 0 0 0 0 0 0 0 
set_ad        
0 0 0 0 0 0 0 0 0 0 0 0 0 0 0 
set_meter     
0 0 0 0 0 0 0 0 0 0 0 0 0 0 0 
check_ad      
0 0 0 0 0 0 0 0 0 0 0 0 0 0 0 
check_meter   
0 0 0 0 0 0 0 0 0 0 0 0 0 0 0 
DA_A          
1.000000 1.000000 1.000000 1.000000 1.000000 1.000000 1.000000 1.000000 1.000000 1.000000 1.000000 1.000000 1.000000 1.000000 
DA_B          
0.000000 0.000000 0.000000 0.000000 0.000000 0.000000 0.000000 0.000000 0.000000 0.000000 0.000000 0.000000 0.000000 0.000000 
AD_A          
1.000000 1.000000 1.000000 1.000000 1.000000 1.000000 1.000000 1.000000 1.000000 1.000000 1.000000 1.000000 1.000000 1.000000 
AD_B
0.000000 0.000000 0.000000 0.000000 0.000000 0.000000 0.000000 0.000000 0.000000 0.000000 0.000000 0.000000 0.000000 0.000000 
AD_Ratio      
1.000000 1.000000

ch16
setPointNum   
0 
setPoint      
0 0 0 0 0 0 0 0 0 0 0 0 0 0 0 
checkPointNum 
0 
checkPoint    
0 0 0 0 0 0 0 0 0 0 0 0 0 0 0 
set_ad        
0 0 0 0 0 0 0 0 0 0 0 0 0 0 0 
set_meter     
0 0 0 0 0 0 0 0 0 0 0 0 0 0 0 
check_ad      
0 0 0 0 0 0 0 0 0 0 0 0 0 0 0 
check_meter   
0 0 0 0 0 0 0 0 0 0 0 0 0 0 0 
DA_A          
1.000000 1.000000 1.000000 1.000000 1.000000 1.000000 1.000000 1.000000 1.000000 1.000000 1.000000 1.000000 1.000000 1.000000 
DA_B          
0.000000 0.000000 0.000000 0.000000 0.000000 0.000000 0.000000 0.000000 0.000000 0.000000 0.000000 0.000000 0.000000 0.000000 
AD_A          
1.000000 1.000000 1.000000 1.000000 1.000000 1.000000 1.000000 1.000000 1.000000 1.000000 1.000000 1.000000 1.000000 1.000000 
AD_B
0.000000 0.000000 0.000000 0.000000 0.000000 0.000000 0.000000 0.000000 0.000000 0.000000 0.000000 0.000000 0.000000 0.000000 
AD_Ratio      
1.000000 1.000000

