MCTS_Calibration_File
KJG001-00
date

voltage
range1
ch01
setPointNum   
7 
setPoint      
0 1000000 2500000 3000000 4000000 4500000 5000000 0 0 0 0 0 0 0 0 
checkPointNum 
7 
checkPoint    
0 1000000 2500000 3000000 4000000 4500000 5000000 0 0 0 0 0 0 0 0 
set_ad        
221 999847 2500027 3000474 4000354 4500704 5000697 0 0 0 0 0 0 0 0 
set_meter     
0 999717 2500317 3000792 4001024 4501379 5001481 0 0 0 0 0 0 0 0 
check_ad      
132 1000054 2500094 2999963 4000149 4499789 4999882 0 0 0 0 0 0 0 0 
check_meter   
-3 1000026 2499986 2999895 4000061 4499852 4999931 0 0 0 0 0 0 0 0 
DA_A          
1.000283 0.999600 0.999051 0.999768 0.999291 0.999796 0.000000 0.000000 0.000000 0.000000 0.000000 0.000000 0.000000 0.000000 
DA_B          
0.000000 682.726929 2056.046875 -95.977730 1814.711548 -460.905975 0.000000 0.000000 0.000000 0.000000 0.000000 0.000000 0.000000 0.000000 
AD_A          
1.000091 1.000280 1.000056 1.000352 1.000010 1.000218 0.000000 0.000000 0.000000 0.000000 0.000000 0.000000 0.000000 0.000000 
AD_B
-221.020111 -409.923584 150.123535 -738.293579 630.024414 -306.167206 0.000000 0.000000 0.000000 0.000000 0.000000 0.000000 0.000000 0.000000 
AD_Ratio      
1.000000 -220.000000

ch02
setPointNum   
7 
setPoint      
0 1000000 2500000 3000000 4000000 4500000 5000000 0 0 0 0 0 0 0 0 
checkPointNum 
7 
checkPoint    
0 1000000 2500000 3000000 4000000 4500000 5000000 0 0 0 0 0 0 0 0 
set_ad        
244 999211 2499852 3000456 4000596 4501200 5001041 0 0 0 0 0 0 0 0 
set_meter     
-1 999187 2500148 3000765 4001220 4501719 5001882 0 0 0 0 0 0 0 0 
check_ad      
274 1000126 2500122 2999924 3999923 4499560 4999974 0 0 0 0 0 0 0 0 
check_meter   
0 1000096 2500126 2999846 3999975 4499857 5000046 0 0 0 0 0 0 0 0 
DA_A          
1.000813 0.999360 0.998767 0.999545 0.999003 0.999674 0.000000 0.000000 0.000000 0.000000 0.000000 0.000000 0.000000 0.000000 
DA_B          
1.000813 1452.735962 2933.380127 599.727112 2769.236328 -251.917877 0.000000 0.000000 0.000000 0.000000 0.000000 0.000000 0.000000 0.000000 
AD_A          
1.000221 1.000213 1.000026 1.000315 0.999790 1.000644 0.000000 0.000000 0.000000 0.000000 0.000000 0.000000 0.000000 0.000000 
AD_B
-245.053986 -237.073959 231.082275 -636.011353 1463.111572 -2380.694824 0.000000 0.000000 0.000000 0.000000 0.000000 0.000000 0.000000 0.000000 
AD_Ratio      
1.000000 246.000000

ch03
setPointNum   
7 
setPoint      
0 1000000 2500000 3000000 4000000 4500000 5000000 0 0 0 0 0 0 0 0 
checkPointNum 
7 
checkPoint    
0 1000000 2500000 3000000 4000000 4500000 5000000 0 0 0 0 0 0 0 0 
set_ad        
211 998009 2498499 2999155 3999296 4499544 4999944 0 0 0 0 0 0 0 0 
set_meter     
-4 998005 2498896 2999511 3999922 4500384 5000562 0 0 0 0 0 0 0 0 
check_ad      
225 1000273 2500351 2999796 4000258 4499855 4999731 0 0 0 0 0 0 0 0 
check_meter   
-4 1000170 2500238 2999836 4000222 4499781 4999958 0 0 0 0 0 0 0 0 
DA_A          
1.001995 0.999406 0.998771 0.999589 0.999077 0.999644 0.000000 0.000000 0.000000 0.000000 0.000000 0.000000 0.000000 0.000000 
DA_B          
4.007980 2587.463135 4173.866211 1721.292603 3770.516113 1217.566528 0.000000 0.000000 0.000000 0.000000 0.000000 0.000000 0.000000 0.000000 
AD_A          
1.000211 1.000267 0.999918 1.000270 1.000428 0.999556 0.000000 0.000000 0.000000 0.000000 0.000000 0.000000 0.000000 0.000000 
AD_B
-215.044617 -270.713959 601.608459 -453.657684 -1084.850098 2836.200684 0.000000 0.000000 0.000000 0.000000 0.000000 0.000000 0.000000 0.000000 
AD_Ratio      
1.000000 54.000000

ch04
setPointNum   
7 
setPoint      
0 1000000 2500000 3000000 4000000 4500000 5000000 0 0 0 0 0 0 0 0 
checkPointNum 
7 
checkPoint    
0 1000000 2500000 3000000 4000000 4500000 5000000 0 0 0 0 0 0 0 0 
set_ad        
420 998850 2499003 2999462 3999260 4499462 4999561 0 0 0 0 0 0 0 0 
set_meter     
-1 998732 2499148 2999685 3999755 4500153 5000176 0 0 0 0 0 0 0 0 
check_ad      
-181 999918 2500177 3000000 4000014 4499700 4999874 0 0 0 0 0 0 0 0 
check_meter   
1 999967 2500207 2999993 4000061 4499835 4999880 0 0 0 0 0 0 0 0 
DA_A          
1.001269 0.999723 0.998927 0.999930 0.999205 0.999954 0.000000 0.000000 0.000000 0.000000 0.000000 0.000000 0.000000 0.000000 
DA_B          
1.001269 1544.904907 3533.205322 524.963257 3426.272705 53.997517 0.000000 0.000000 0.000000 0.000000 0.000000 0.000000 0.000000 0.000000 
AD_A          
1.000304 1.000175 1.000156 1.000272 1.000392 0.999848 0.000000 0.000000 0.000000 0.000000 0.000000 0.000000 0.000000 0.000000 
AD_B
-421.127472 -293.113831 -244.486923 -593.018494 -1072.076782 1374.782837 0.000000 0.000000 0.000000 0.000000 0.000000 0.000000 0.000000 0.000000 
AD_Ratio      
1.000000 422.000000

ch05
setPointNum   
7 
setPoint      
0 1000000 2500000 3000000 4000000 4500000 5000000 0 0 0 0 0 0 0 0 
checkPointNum 
7 
checkPoint    
0 1000000 2500000 3000000 4000000 4500000 5000000 0 0 0 0 0 0 0 0 
set_ad        
315 999033 2499425 2999827 3999969 4500166 5000262 0 0 0 0 0 0 0 0 
set_meter     
0 999009 2499694 3000258 4000523 4500915 5001031 0 0 0 0 0 0 0 0 
check_ad      
9 999831 2500002 3000159 4000171 4499904 4999866 0 0 0 0 0 0 0 0 
check_meter   
1 999934 2500136 2999967 4000210 4500033 5000129 0 0 0 0 0 0 0 0 
DA_A          
1.000992 0.999544 0.998873 0.999735 0.999217 0.999768 0.000000 0.000000 0.000000 0.000000 0.000000 0.000000 0.000000 0.000000 
DA_B          
0.000000 1447.005859 3122.477783 536.857727 2610.953125 128.970078 0.000000 0.000000 0.000000 0.000000 0.000000 0.000000 0.000000 0.000000 
AD_A          
1.000291 1.000195 1.000324 1.000123 1.000390 1.000040 0.000000 0.000000 0.000000 0.000000 0.000000 0.000000 0.000000 0.000000 
AD_B
-315.091797 -219.093460 -540.163147 62.073666 -1005.373535 569.027893 0.000000 0.000000 0.000000 0.000000 0.000000 0.000000 0.000000 0.000000 
AD_Ratio      
1.000000 -314.000000

ch06
setPointNum   
7 
setPoint      
0 1000000 2500000 3000000 4000000 4500000 5000000 0 0 0 0 0 0 0 0 
checkPointNum 
7 
checkPoint    
0 1000000 2500000 3000000 4000000 4500000 5000000 0 0 0 0 0 0 0 0 
set_ad        
359 997600 2497885 2998182 3998171 4498419 4998463 0 0 0 0 0 0 0 0 
set_meter     
-6 997422 2497956 2998438 3998589 4498963 4999044 0 0 0 0 0 0 0 0 
check_ad      
229 1000148 2500024 2999999 4000101 4499563 4999798 0 0 0 0 0 0 0 0 
check_meter   
-5 1000214 2500170 2999956 4000144 4499879 5000051 0 0 0 0 0 0 0 0 
DA_A          
1.002579 0.999644 0.999037 0.999849 0.999253 0.999838 0.000000 0.000000 0.000000 0.000000 0.000000 0.000000 0.000000 0.000000 
DA_B          
6.015472 2932.955811 4449.710449 2014.695801 4399.708984 1765.713989 0.000000 0.000000 0.000000 0.000000 0.000000 0.000000 0.000000 0.000000 
AD_A          
1.000188 1.000166 1.000370 1.000162 1.000252 1.000074 0.000000 0.000000 0.000000 0.000000 0.000000 0.000000 0.000000 0.000000 
AD_B
-365.067322 -343.570129 -852.668762 -229.710831 -589.039612 211.146286 0.000000 0.000000 0.000000 0.000000 0.000000 0.000000 0.000000 0.000000 
AD_Ratio      
1.000000 61.000000

ch07
setPointNum   
7 
setPoint      
0 1000000 2500000 3000000 4000000 4500000 5000000 0 0 0 0 0 0 0 0 
checkPointNum 
7 
checkPoint    
0 1000000 2500000 3000000 4000000 4500000 5000000 0 0 0 0 0 0 0 0 
set_ad        
479 999960 2501171 3001169 4001773 4502378 5002478 0 0 0 0 0 0 0 0 
set_meter     
1 999774 2501272 3001429 4002256 4502804 5003140 0 0 0 0 0 0 0 0 
check_ad      
206 1000084 2499951 3000001 4000165 4499696 5000080 0 0 0 0 0 0 0 0 
check_meter   
1 1000097 2500023 2999883 4000169 4499813 5000063 0 0 0 0 0 0 0 0 
DA_A          
1.000227 0.999002 0.999686 0.999174 0.998905 0.999328 0.000000 0.000000 0.000000 0.000000 0.000000 0.000000 0.000000 0.000000 
DA_B          
-1.000227 1223.444824 -486.847137 1051.130737 2125.670166 219.852264 0.000000 0.000000 0.000000 0.000000 0.000000 0.000000 0.000000 0.000000 
AD_A          
1.000292 1.000191 1.000318 1.000223 0.999886 1.000472 0.000000 0.000000 0.000000 0.000000 0.000000 0.000000 0.000000 0.000000 
AD_B
-478.139954 -377.171356 -694.375549 -408.856689 938.650757 -1698.697510 0.000000 0.000000 0.000000 0.000000 0.000000 0.000000 0.000000 0.000000 
AD_Ratio      
1.000000 -477.000000

ch08
setPointNum   
7 
setPoint      
0 1000000 2500000 3000000 4000000 4500000 5000000 0 0 0 0 0 0 0 0 
checkPointNum 
7 
checkPoint    
0 1000000 2500000 3000000 4000000 4500000 5000000 0 0 0 0 0 0 0 0 
set_ad        
703 1000899 2501448 3002561 4002350 4502495 5002897 0 0 0 0 0 0 0 0 
set_meter     
1 1000471 2501282 3002453 4002464 4502741 5003270 0 0 0 0 0 0 0 0 
check_ad      
130 1000142 2500141 2999584 4000056 4500135 5000155 0 0 0 0 0 0 0 0 
check_meter   
14 1000194 2500165 2999555 4000115 4500114 5000070 0 0 0 0 0 0 0 0 
DA_A          
0.999530 0.999460 0.997663 0.999989 0.999446 0.998943 0.000000 0.000000 0.000000 0.000000 0.000000 0.000000 0.000000 0.000000 
DA_B          
-0.999530 69.629021 4562.314941 -2419.973389 -247.862686 2017.865112 0.000000 0.000000 0.000000 0.000000 0.000000 0.000000 0.000000 0.000000 
AD_A          
1.000274 1.000175 1.000116 1.000222 1.000264 1.000254 0.000000 0.000000 0.000000 0.000000 0.000000 0.000000 0.000000 0.000000 
AD_B
-702.192566 -602.759705 -455.523499 -774.709229 -942.314087 -896.714966 0.000000 0.000000 0.000000 0.000000 0.000000 0.000000 0.000000 0.000000 
AD_Ratio      
1.000000 -701.000000

ch09
setPointNum   
7 
setPoint      
0 1000000 2500000 3000000 4000000 4500000 5000000 0 0 0 0 0 0 0 0 
checkPointNum 
7 
checkPoint    
0 1000000 2500000 3000000 4000000 4500000 5000000 0 0 0 0 0 0 0 0 
set_ad        
126 999981 2500328 3000993 4001043 4501496 5001634 0 0 0 0 0 0 0 0 
set_meter     
-1 1000007 2500735 3001367 4001677 4502159 5002285 0 0 0 0 0 0 0 0 
check_ad      
71 1000114 2500331 2999735 4000039 4499855 4999883 0 0 0 0 0 0 0 0 
check_meter   
-1 1000016 2500160 2999858 4000178 4500045 5000193 0 0 0 0 0 0 0 0 
DA_A          
0.999992 0.999515 0.998738 0.999690 0.999037 0.999748 0.000000 0.000000 0.000000 0.000000 0.000000 0.000000 0.000000 0.000000 
DA_B          
0.999992 478.101288 2421.938721 -436.864563 2176.901367 -1024.741821 0.000000 0.000000 0.000000 0.000000 0.000000 0.000000 0.000000 0.000000 
AD_A          
1.000153 1.000254 0.999934 1.000260 1.000058 0.999976 0.000000 0.000000 0.000000 0.000000 0.000000 0.000000 0.000000 0.000000 
AD_B
-127.019279 -227.936432 571.802490 -406.219177 402.149567 771.006104 0.000000 0.000000 0.000000 0.000000 0.000000 0.000000 0.000000 0.000000 
AD_Ratio      
1.000000 128.000000

ch10
setPointNum   
7 
setPoint      
0 1000000 2500000 3000000 4000000 4500000 5000000 0 0 0 0 0 0 0 0 
checkPointNum 
7 
checkPoint    
0 1000000 2500000 3000000 4000000 4500000 5000000 0 0 0 0 0 0 0 0 
set_ad        
593 998339 2498530 2999033 3999022 4499118 4999262 0 0 0 0 0 0 0 0 
set_meter     
-2 998320 2498775 2999406 3999564 4499957 5000003 0 0 0 0 0 0 0 0 
check_ad      
-383 1000131 2500334 3000203 4000259 4500091 4999933 0 0 0 0 0 0 0 0 
check_meter   
0 1000224 2500327 3000093 4000284 4500031 5000090 0 0 0 0 0 0 0 0 
DA_A          
1.001681 0.999697 0.998740 0.999842 0.999215 0.999908 0.000000 0.000000 0.000000 0.000000 0.000000 0.000000 0.000000 0.000000 
DA_B          
2.003362 1982.731934 4374.479492 1067.831299 3577.188232 456.957947 0.000000 0.000000 0.000000 0.000000 0.000000 0.000000 0.000000 0.000000 
AD_A          
1.000577 1.000176 1.000256 1.000169 1.000594 0.999804 0.000000 0.000000 0.000000 0.000000 0.000000 0.000000 0.000000 0.000000 
AD_B
-595.342346 -194.685287 -393.980865 -133.842148 -1832.963135 1720.573242 0.000000 0.000000 0.000000 0.000000 0.000000 0.000000 0.000000 0.000000 
AD_Ratio      
1.000000 298.000000

ch11
setPointNum   
7 
setPoint      
0 1000000 2500000 3000000 4000000 4500000 5000000 0 0 0 0 0 0 0 0 
checkPointNum 
7 
checkPoint    
0 1000000 2500000 3000000 4000000 4500000 5000000 0 0 0 0 0 0 0 0 
set_ad        
429 999047 2499747 3000050 4000194 4500802 5000743 0 0 0 0 0 0 0 0 
set_meter     
-2 999056 2499999 3000418 4000848 4501430 5001611 0 0 0 0 0 0 0 0 
check_ad      
-115 1000012 2499934 2999842 4000376 4499629 5000167 0 0 0 0 0 0 0 0 
check_meter   
0 999967 2500001 2999824 4000271 4499940 5000097 0 0 0 0 0 0 0 0 
DA_A          
1.000943 0.999372 0.999163 0.999570 0.998837 0.999638 0.000000 0.000000 0.000000 0.000000 0.000000 0.000000 0.000000 0.000000 
DA_B          
2.001886 1571.678589 2094.245117 871.625183 3803.572754 198.927994 0.000000 0.000000 0.000000 0.000000 0.000000 0.000000 0.000000 0.000000 
AD_A          
1.000441 1.000162 1.000232 1.000286 0.999948 1.000480 0.000000 0.000000 0.000000 0.000000 0.000000 0.000000 0.000000 0.000000 
AD_B
-431.189026 -152.770126 -327.590057 -489.890778 861.757446 -1532.639893 0.000000 0.000000 0.000000 0.000000 0.000000 0.000000 0.000000 0.000000 
AD_Ratio      
1.000000 216.000000

ch12
setPointNum   
7 
setPoint      
0 1000000 2500000 3000000 4000000 4500000 5000000 0 0 0 0 0 0 0 0 
checkPointNum 
7 
checkPoint    
0 1000000 2500000 3000000 4000000 4500000 5000000 0 0 0 0 0 0 0 0 
set_ad        
451 998462 2499122 2999734 3999732 4500188 5000335 0 0 0 0 0 0 0 0 
set_meter     
-4 998314 2499207 2999795 4000196 4500697 5000911 0 0 0 0 0 0 0 0 
check_ad      
89 1000039 2500068 2999737 4000191 4499576 4999796 0 0 0 0 0 0 0 0 
check_meter   
-3 1000178 2500180 2999814 4000222 4499818 5000007 0 0 0 0 0 0 0 0 
DA_A          
1.001685 0.999405 0.998825 0.999599 0.998999 0.999572 0.000000 0.000000 0.000000 0.000000 0.000000 0.000000 0.000000 0.000000 
DA_B          
4.006739 2279.976074 3728.615234 1407.435669 3808.184082 1228.474243 0.000000 0.000000 0.000000 0.000000 0.000000 0.000000 0.000000 0.000000 
AD_A          
1.000308 1.000155 0.999952 1.000403 1.000090 1.000134 0.000000 0.000000 0.000000 0.000000 0.000000 0.000000 0.000000 0.000000 
AD_B
-455.138733 -303.026215 204.811203 -1147.895264 104.352119 -93.847954 0.000000 0.000000 0.000000 0.000000 0.000000 0.000000 0.000000 0.000000 
AD_Ratio      
1.000000 114.000000

ch13
setPointNum   
7 
setPoint      
0 1000000 2500000 3000000 4000000 4500000 5000000 0 0 0 0 0 0 0 0 
checkPointNum 
7 
checkPoint    
0 1000000 2500000 3000000 4000000 4500000 5000000 0 0 0 0 0 0 0 0 
set_ad        
304 997847 2498129 2998629 3998715 4498859 4999003 0 0 0 0 0 0 0 0 
set_meter     
-6 997823 2498463 2999055 3999240 4499695 4999798 0 0 0 0 0 0 0 0 
check_ad      
-58 999959 2500137 3000068 4000051 4499998 5000099 0 0 0 0 0 0 0 0 
check_meter   
-4 999982 2500101 2999939 4000156 4499989 5000276 0 0 0 0 0 0 0 0 
DA_A          
1.002176 0.999574 0.998817 0.999815 0.999091 0.999794 0.000000 0.000000 0.000000 0.000000 0.000000 0.000000 0.000000 0.000000 
DA_B          
6.013054 2602.556152 4491.681641 1499.722534 4395.999512 1231.746216 0.000000 0.000000 0.000000 0.000000 0.000000 0.000000 0.000000 0.000000 
AD_A          
1.000287 1.000239 1.000184 1.000099 1.000622 0.999918 0.000000 0.000000 0.000000 0.000000 0.000000 0.000000 0.000000 0.000000 
AD_B
-310.087158 -262.108063 -125.196541 129.161255 -1961.484619 1204.800171 0.000000 0.000000 0.000000 0.000000 0.000000 0.000000 0.000000 0.000000 
AD_Ratio      
1.000000 52.000000

ch14
setPointNum   
7 
setPoint      
0 1000000 2500000 3000000 4000000 4500000 5000000 0 0 0 0 0 0 0 0 
checkPointNum 
7 
checkPoint    
0 1000000 2500000 3000000 4000000 4500000 5000000 0 0 0 0 0 0 0 0 
set_ad        
456 999581 2499872 3000070 4000164 4500464 5000461 0 0 0 0 0 0 0 0 
set_meter     
1 999420 2499984 3000447 4000624 4501014 5001102 0 0 0 0 0 0 0 0 
check_ad      
-118 1000116 2499974 2999978 4000001 4499729 4999814 0 0 0 0 0 0 0 0 
check_meter   
1 1000028 2499964 2999814 4000014 4499805 4999875 0 0 0 0 0 0 0 0 
DA_A          
1.000581 0.999624 0.999075 0.999823 0.999221 0.999824 0.000000 0.000000 0.000000 0.000000 0.000000 0.000000 0.000000 0.000000 
DA_B          
-1.000581 955.640686 2328.843506 83.985138 2494.054688 -221.960938 0.000000 0.000000 0.000000 0.000000 0.000000 0.000000 0.000000 0.000000 
AD_A          
1.000294 1.000182 1.000530 1.000083 1.000180 1.000182 0.000000 0.000000 0.000000 0.000000 0.000000 0.000000 0.000000 0.000000 
AD_B
-455.134186 -342.888458 -1212.407715 128.017593 -259.597748 -269.089355 0.000000 0.000000 0.000000 0.000000 0.000000 0.000000 0.000000 0.000000 
AD_Ratio      
1.000000 -454.000000

ch15
setPointNum   
7 
setPoint      
0 1000000 2500000 3000000 4000000 4500000 5000000 0 0 0 0 0 0 0 0 
checkPointNum 
7 
checkPoint    
0 1000000 2500000 3000000 4000000 4500000 5000000 0 0 0 0 0 0 0 0 
set_ad        
363 999497 2499745 3000248 4000138 4500492 5000487 0 0 0 0 0 0 0 0 
set_meter     
0 999293 2499896 3000381 4000597 4501091 5001165 0 0 0 0 0 0 0 0 
check_ad      
37 1000085 2500227 2999796 4000008 4499582 4999906 0 0 0 0 0 0 0 0 
check_meter   
1 1000202 2500268 2999756 4000002 4499852 4999948 0 0 0 0 0 0 0 0 
DA_A          
1.000708 0.999598 0.999031 0.999784 0.999013 0.999852 0.000000 0.000000 0.000000 0.000000 0.000000 0.000000 0.000000 0.000000 
DA_B          
0.000000 1108.554321 2526.549316 266.942352 3351.688477 -424.937103 0.000000 0.000000 0.000000 0.000000 0.000000 0.000000 0.000000 0.000000 
AD_A          
1.000159 1.000237 0.999964 1.000326 1.000280 1.000158 0.000000 0.000000 0.000000 0.000000 0.000000 0.000000 0.000000 0.000000 
AD_B
-363.057770 -440.508514 240.900375 -845.188477 -660.246216 -112.084846 0.000000 0.000000 0.000000 0.000000 0.000000 0.000000 0.000000 0.000000 
AD_Ratio      
1.000000 -362.000000

ch16
setPointNum   
7 
setPoint      
0 1000000 2500000 3000000 4000000 4500000 5000000 0 0 0 0 0 0 0 0 
checkPointNum 
7 
checkPoint    
0 1000000 2500000 3000000 4000000 4500000 5000000 0 0 0 0 0 0 0 0 
set_ad        
851 999324 2499680 3000036 3999983 4500383 5000383 0 0 0 0 0 0 0 0 
set_meter     
-2 998938 2499533 3000076 4000222 4500614 5000764 0 0 0 0 0 0 0 0 
check_ad      
-226 1000138 2500171 2999847 4000353 4499937 4999979 0 0 0 0 0 0 0 0 
check_meter   
-1 1000186 2500175 2999768 4000213 4500006 4999865 0 0 0 0 0 0 0 0 
DA_A          
1.001061 0.999604 0.998915 0.999854 0.999217 0.999700 0.000000 0.000000 0.000000 0.000000 0.000000 0.000000 0.000000 0.000000 
DA_B          
2.002122 1458.088257 3178.548096 361.947144 2911.717285 735.779236 0.000000 0.000000 0.000000 0.000000 0.000000 0.000000 0.000000 0.000000 
AD_A          
1.000468 1.000159 1.000374 1.000199 0.999984 1.000300 0.000000 0.000000 0.000000 0.000000 0.000000 0.000000 0.000000 0.000000 
AD_B
-853.398010 -545.187866 -1081.215210 -557.038818 302.948578 -1119.114868 0.000000 0.000000 0.000000 0.000000 0.000000 0.000000 0.000000 0.000000 
AD_Ratio      
1.000000 427.000000

range2
ch01
setPointNum   
0 
setPoint      
0 0 0 0 0 0 0 0 0 0 0 0 0 0 0 
checkPointNum 
0 
checkPoint    
0 0 0 0 0 0 0 0 0 0 0 0 0 0 0 
set_ad        
0 0 0 0 0 0 0 0 0 0 0 0 0 0 0 
set_meter     
0 0 0 0 0 0 0 0 0 0 0 0 0 0 0 
check_ad      
0 0 0 0 0 0 0 0 0 0 0 0 0 0 0 
check_meter   
0 0 0 0 0 0 0 0 0 0 0 0 0 0 0 
DA_A          
1.000000 1.000000 1.000000 1.000000 1.000000 1.000000 1.000000 1.000000 1.000000 1.000000 1.000000 1.000000 1.000000 1.000000 
DA_B          
0.000000 0.000000 0.000000 0.000000 0.000000 0.000000 0.000000 0.000000 0.000000 0.000000 0.000000 0.000000 0.000000 0.000000 
AD_A          
1.000000 1.000000 1.000000 1.000000 1.000000 1.000000 1.000000 1.000000 1.000000 1.000000 1.000000 1.000000 1.000000 1.000000 
AD_B
0.000000 0.000000 0.000000 0.000000 0.000000 0.000000 0.000000 0.000000 0.000000 0.000000 0.000000 0.000000 0.000000 0.000000 
AD_Ratio      
1.000000 1.000000

ch02
setPointNum   
0 
setPoint      
0 0 0 0 0 0 0 0 0 0 0 0 0 0 0 
checkPointNum 
0 
checkPoint    
0 0 0 0 0 0 0 0 0 0 0 0 0 0 0 
set_ad        
0 0 0 0 0 0 0 0 0 0 0 0 0 0 0 
set_meter     
0 0 0 0 0 0 0 0 0 0 0 0 0 0 0 
check_ad      
0 0 0 0 0 0 0 0 0 0 0 0 0 0 0 
check_meter   
0 0 0 0 0 0 0 0 0 0 0 0 0 0 0 
DA_A          
1.000000 1.000000 1.000000 1.000000 1.000000 1.000000 1.000000 1.000000 1.000000 1.000000 1.000000 1.000000 1.000000 1.000000 
DA_B          
0.000000 0.000000 0.000000 0.000000 0.000000 0.000000 0.000000 0.000000 0.000000 0.000000 0.000000 0.000000 0.000000 0.000000 
AD_A          
1.000000 1.000000 1.000000 1.000000 1.000000 1.000000 1.000000 1.000000 1.000000 1.000000 1.000000 1.000000 1.000000 1.000000 
AD_B
0.000000 0.000000 0.000000 0.000000 0.000000 0.000000 0.000000 0.000000 0.000000 0.000000 0.000000 0.000000 0.000000 0.000000 
AD_Ratio      
1.000000 1.000000

ch03
setPointNum   
0 
setPoint      
0 0 0 0 0 0 0 0 0 0 0 0 0 0 0 
checkPointNum 
0 
checkPoint    
0 0 0 0 0 0 0 0 0 0 0 0 0 0 0 
set_ad        
0 0 0 0 0 0 0 0 0 0 0 0 0 0 0 
set_meter     
0 0 0 0 0 0 0 0 0 0 0 0 0 0 0 
check_ad      
0 0 0 0 0 0 0 0 0 0 0 0 0 0 0 
check_meter   
0 0 0 0 0 0 0 0 0 0 0 0 0 0 0 
DA_A          
1.000000 1.000000 1.000000 1.000000 1.000000 1.000000 1.000000 1.000000 1.000000 1.000000 1.000000 1.000000 1.000000 1.000000 
DA_B          
0.000000 0.000000 0.000000 0.000000 0.000000 0.000000 0.000000 0.000000 0.000000 0.000000 0.000000 0.000000 0.000000 0.000000 
AD_A          
1.000000 1.000000 1.000000 1.000000 1.000000 1.000000 1.000000 1.000000 1.000000 1.000000 1.000000 1.000000 1.000000 1.000000 
AD_B
0.000000 0.000000 0.000000 0.000000 0.000000 0.000000 0.000000 0.000000 0.000000 0.000000 0.000000 0.000000 0.000000 0.000000 
AD_Ratio      
1.000000 1.000000

ch04
setPointNum   
0 
setPoint      
0 0 0 0 0 0 0 0 0 0 0 0 0 0 0 
checkPointNum 
0 
checkPoint    
0 0 0 0 0 0 0 0 0 0 0 0 0 0 0 
set_ad        
0 0 0 0 0 0 0 0 0 0 0 0 0 0 0 
set_meter     
0 0 0 0 0 0 0 0 0 0 0 0 0 0 0 
check_ad      
0 0 0 0 0 0 0 0 0 0 0 0 0 0 0 
check_meter   
0 0 0 0 0 0 0 0 0 0 0 0 0 0 0 
DA_A          
1.000000 1.000000 1.000000 1.000000 1.000000 1.000000 1.000000 1.000000 1.000000 1.000000 1.000000 1.000000 1.000000 1.000000 
DA_B          
0.000000 0.000000 0.000000 0.000000 0.000000 0.000000 0.000000 0.000000 0.000000 0.000000 0.000000 0.000000 0.000000 0.000000 
AD_A          
1.000000 1.000000 1.000000 1.000000 1.000000 1.000000 1.000000 1.000000 1.000000 1.000000 1.000000 1.000000 1.000000 1.000000 
AD_B
0.000000 0.000000 0.000000 0.000000 0.000000 0.000000 0.000000 0.000000 0.000000 0.000000 0.000000 0.000000 0.000000 0.000000 
AD_Ratio      
1.000000 1.000000

ch05
setPointNum   
0 
setPoint      
0 0 0 0 0 0 0 0 0 0 0 0 0 0 0 
checkPointNum 
0 
checkPoint    
0 0 0 0 0 0 0 0 0 0 0 0 0 0 0 
set_ad        
0 0 0 0 0 0 0 0 0 0 0 0 0 0 0 
set_meter     
0 0 0 0 0 0 0 0 0 0 0 0 0 0 0 
check_ad      
0 0 0 0 0 0 0 0 0 0 0 0 0 0 0 
check_meter   
0 0 0 0 0 0 0 0 0 0 0 0 0 0 0 
DA_A          
1.000000 1.000000 1.000000 1.000000 1.000000 1.000000 1.000000 1.000000 1.000000 1.000000 1.000000 1.000000 1.000000 1.000000 
DA_B          
0.000000 0.000000 0.000000 0.000000 0.000000 0.000000 0.000000 0.000000 0.000000 0.000000 0.000000 0.000000 0.000000 0.000000 
AD_A          
1.000000 1.000000 1.000000 1.000000 1.000000 1.000000 1.000000 1.000000 1.000000 1.000000 1.000000 1.000000 1.000000 1.000000 
AD_B
0.000000 0.000000 0.000000 0.000000 0.000000 0.000000 0.000000 0.000000 0.000000 0.000000 0.000000 0.000000 0.000000 0.000000 
AD_Ratio      
1.000000 1.000000

ch06
setPointNum   
0 
setPoint      
0 0 0 0 0 0 0 0 0 0 0 0 0 0 0 
checkPointNum 
0 
checkPoint    
0 0 0 0 0 0 0 0 0 0 0 0 0 0 0 
set_ad        
0 0 0 0 0 0 0 0 0 0 0 0 0 0 0 
set_meter     
0 0 0 0 0 0 0 0 0 0 0 0 0 0 0 
check_ad      
0 0 0 0 0 0 0 0 0 0 0 0 0 0 0 
check_meter   
0 0 0 0 0 0 0 0 0 0 0 0 0 0 0 
DA_A          
1.000000 1.000000 1.000000 1.000000 1.000000 1.000000 1.000000 1.000000 1.000000 1.000000 1.000000 1.000000 1.000000 1.000000 
DA_B          
0.000000 0.000000 0.000000 0.000000 0.000000 0.000000 0.000000 0.000000 0.000000 0.000000 0.000000 0.000000 0.000000 0.000000 
AD_A          
1.000000 1.000000 1.000000 1.000000 1.000000 1.000000 1.000000 1.000000 1.000000 1.000000 1.000000 1.000000 1.000000 1.000000 
AD_B
0.000000 0.000000 0.000000 0.000000 0.000000 0.000000 0.000000 0.000000 0.000000 0.000000 0.000000 0.000000 0.000000 0.000000 
AD_Ratio      
1.000000 1.000000

ch07
setPointNum   
0 
setPoint      
0 0 0 0 0 0 0 0 0 0 0 0 0 0 0 
checkPointNum 
0 
checkPoint    
0 0 0 0 0 0 0 0 0 0 0 0 0 0 0 
set_ad        
0 0 0 0 0 0 0 0 0 0 0 0 0 0 0 
set_meter     
0 0 0 0 0 0 0 0 0 0 0 0 0 0 0 
check_ad      
0 0 0 0 0 0 0 0 0 0 0 0 0 0 0 
check_meter   
0 0 0 0 0 0 0 0 0 0 0 0 0 0 0 
DA_A          
1.000000 1.000000 1.000000 1.000000 1.000000 1.000000 1.000000 1.000000 1.000000 1.000000 1.000000 1.000000 1.000000 1.000000 
DA_B          
0.000000 0.000000 0.000000 0.000000 0.000000 0.000000 0.000000 0.000000 0.000000 0.000000 0.000000 0.000000 0.000000 0.000000 
AD_A          
1.000000 1.000000 1.000000 1.000000 1.000000 1.000000 1.000000 1.000000 1.000000 1.000000 1.000000 1.000000 1.000000 1.000000 
AD_B
0.000000 0.000000 0.000000 0.000000 0.000000 0.000000 0.000000 0.000000 0.000000 0.000000 0.000000 0.000000 0.000000 0.000000 
AD_Ratio      
1.000000 1.000000

ch08
setPointNum   
0 
setPoint      
0 0 0 0 0 0 0 0 0 0 0 0 0 0 0 
checkPointNum 
0 
checkPoint    
0 0 0 0 0 0 0 0 0 0 0 0 0 0 0 
set_ad        
0 0 0 0 0 0 0 0 0 0 0 0 0 0 0 
set_meter     
0 0 0 0 0 0 0 0 0 0 0 0 0 0 0 
check_ad      
0 0 0 0 0 0 0 0 0 0 0 0 0 0 0 
check_meter   
0 0 0 0 0 0 0 0 0 0 0 0 0 0 0 
DA_A          
1.000000 1.000000 1.000000 1.000000 1.000000 1.000000 1.000000 1.000000 1.000000 1.000000 1.000000 1.000000 1.000000 1.000000 
DA_B          
0.000000 0.000000 0.000000 0.000000 0.000000 0.000000 0.000000 0.000000 0.000000 0.000000 0.000000 0.000000 0.000000 0.000000 
AD_A          
1.000000 1.000000 1.000000 1.000000 1.000000 1.000000 1.000000 1.000000 1.000000 1.000000 1.000000 1.000000 1.000000 1.000000 
AD_B
0.000000 0.000000 0.000000 0.000000 0.000000 0.000000 0.000000 0.000000 0.000000 0.000000 0.000000 0.000000 0.000000 0.000000 
AD_Ratio      
1.000000 1.000000

ch09
setPointNum   
0 
setPoint      
0 0 0 0 0 0 0 0 0 0 0 0 0 0 0 
checkPointNum 
0 
checkPoint    
0 0 0 0 0 0 0 0 0 0 0 0 0 0 0 
set_ad        
0 0 0 0 0 0 0 0 0 0 0 0 0 0 0 
set_meter     
0 0 0 0 0 0 0 0 0 0 0 0 0 0 0 
check_ad      
0 0 0 0 0 0 0 0 0 0 0 0 0 0 0 
check_meter   
0 0 0 0 0 0 0 0 0 0 0 0 0 0 0 
DA_A          
1.000000 1.000000 1.000000 1.000000 1.000000 1.000000 1.000000 1.000000 1.000000 1.000000 1.000000 1.000000 1.000000 1.000000 
DA_B          
0.000000 0.000000 0.000000 0.000000 0.000000 0.000000 0.000000 0.000000 0.000000 0.000000 0.000000 0.000000 0.000000 0.000000 
AD_A          
1.000000 1.000000 1.000000 1.000000 1.000000 1.000000 1.000000 1.000000 1.000000 1.000000 1.000000 1.000000 1.000000 1.000000 
AD_B
0.000000 0.000000 0.000000 0.000000 0.000000 0.000000 0.000000 0.000000 0.000000 0.000000 0.000000 0.000000 0.000000 0.000000 
AD_Ratio      
1.000000 1.000000

ch10
setPointNum   
0 
setPoint      
0 0 0 0 0 0 0 0 0 0 0 0 0 0 0 
checkPointNum 
0 
checkPoint    
0 0 0 0 0 0 0 0 0 0 0 0 0 0 0 
set_ad        
0 0 0 0 0 0 0 0 0 0 0 0 0 0 0 
set_meter     
0 0 0 0 0 0 0 0 0 0 0 0 0 0 0 
check_ad      
0 0 0 0 0 0 0 0 0 0 0 0 0 0 0 
check_meter   
0 0 0 0 0 0 0 0 0 0 0 0 0 0 0 
DA_A          
1.000000 1.000000 1.000000 1.000000 1.000000 1.000000 1.000000 1.000000 1.000000 1.000000 1.000000 1.000000 1.000000 1.000000 
DA_B          
0.000000 0.000000 0.000000 0.000000 0.000000 0.000000 0.000000 0.000000 0.000000 0.000000 0.000000 0.000000 0.000000 0.000000 
AD_A          
1.000000 1.000000 1.000000 1.000000 1.000000 1.000000 1.000000 1.000000 1.000000 1.000000 1.000000 1.000000 1.000000 1.000000 
AD_B
0.000000 0.000000 0.000000 0.000000 0.000000 0.000000 0.000000 0.000000 0.000000 0.000000 0.000000 0.000000 0.000000 0.000000 
AD_Ratio      
1.000000 1.000000

ch11
setPointNum   
0 
setPoint      
0 0 0 0 0 0 0 0 0 0 0 0 0 0 0 
checkPointNum 
0 
checkPoint    
0 0 0 0 0 0 0 0 0 0 0 0 0 0 0 
set_ad        
0 0 0 0 0 0 0 0 0 0 0 0 0 0 0 
set_meter     
0 0 0 0 0 0 0 0 0 0 0 0 0 0 0 
check_ad      
0 0 0 0 0 0 0 0 0 0 0 0 0 0 0 
check_meter   
0 0 0 0 0 0 0 0 0 0 0 0 0 0 0 
DA_A          
1.000000 1.000000 1.000000 1.000000 1.000000 1.000000 1.000000 1.000000 1.000000 1.000000 1.000000 1.000000 1.000000 1.000000 
DA_B          
0.000000 0.000000 0.000000 0.000000 0.000000 0.000000 0.000000 0.000000 0.000000 0.000000 0.000000 0.000000 0.000000 0.000000 
AD_A          
1.000000 1.000000 1.000000 1.000000 1.000000 1.000000 1.000000 1.000000 1.000000 1.000000 1.000000 1.000000 1.000000 1.000000 
AD_B
0.000000 0.000000 0.000000 0.000000 0.000000 0.000000 0.000000 0.000000 0.000000 0.000000 0.000000 0.000000 0.000000 0.000000 
AD_Ratio      
1.000000 1.000000

ch12
setPointNum   
0 
setPoint      
0 0 0 0 0 0 0 0 0 0 0 0 0 0 0 
checkPointNum 
0 
checkPoint    
0 0 0 0 0 0 0 0 0 0 0 0 0 0 0 
set_ad        
0 0 0 0 0 0 0 0 0 0 0 0 0 0 0 
set_meter     
0 0 0 0 0 0 0 0 0 0 0 0 0 0 0 
check_ad      
0 0 0 0 0 0 0 0 0 0 0 0 0 0 0 
check_meter   
0 0 0 0 0 0 0 0 0 0 0 0 0 0 0 
DA_A          
1.000000 1.000000 1.000000 1.000000 1.000000 1.000000 1.000000 1.000000 1.000000 1.000000 1.000000 1.000000 1.000000 1.000000 
DA_B          
0.000000 0.000000 0.000000 0.000000 0.000000 0.000000 0.000000 0.000000 0.000000 0.000000 0.000000 0.000000 0.000000 0.000000 
AD_A          
1.000000 1.000000 1.000000 1.000000 1.000000 1.000000 1.000000 1.000000 1.000000 1.000000 1.000000 1.000000 1.000000 1.000000 
AD_B
0.000000 0.000000 0.000000 0.000000 0.000000 0.000000 0.000000 0.000000 0.000000 0.000000 0.000000 0.000000 0.000000 0.000000 
AD_Ratio      
1.000000 1.000000

ch13
setPointNum   
0 
setPoint      
0 0 0 0 0 0 0 0 0 0 0 0 0 0 0 
checkPointNum 
0 
checkPoint    
0 0 0 0 0 0 0 0 0 0 0 0 0 0 0 
set_ad        
0 0 0 0 0 0 0 0 0 0 0 0 0 0 0 
set_meter     
0 0 0 0 0 0 0 0 0 0 0 0 0 0 0 
check_ad      
0 0 0 0 0 0 0 0 0 0 0 0 0 0 0 
check_meter   
0 0 0 0 0 0 0 0 0 0 0 0 0 0 0 
DA_A          
1.000000 1.000000 1.000000 1.000000 1.000000 1.000000 1.000000 1.000000 1.000000 1.000000 1.000000 1.000000 1.000000 1.000000 
DA_B          
0.000000 0.000000 0.000000 0.000000 0.000000 0.000000 0.000000 0.000000 0.000000 0.000000 0.000000 0.000000 0.000000 0.000000 
AD_A          
1.000000 1.000000 1.000000 1.000000 1.000000 1.000000 1.000000 1.000000 1.000000 1.000000 1.000000 1.000000 1.000000 1.000000 
AD_B
0.000000 0.000000 0.000000 0.000000 0.000000 0.000000 0.000000 0.000000 0.000000 0.000000 0.000000 0.000000 0.000000 0.000000 
AD_Ratio      
1.000000 1.000000

ch14
setPointNum   
0 
setPoint      
0 0 0 0 0 0 0 0 0 0 0 0 0 0 0 
checkPointNum 
0 
checkPoint    
0 0 0 0 0 0 0 0 0 0 0 0 0 0 0 
set_ad        
0 0 0 0 0 0 0 0 0 0 0 0 0 0 0 
set_meter     
0 0 0 0 0 0 0 0 0 0 0 0 0 0 0 
check_ad      
0 0 0 0 0 0 0 0 0 0 0 0 0 0 0 
check_meter   
0 0 0 0 0 0 0 0 0 0 0 0 0 0 0 
DA_A          
1.000000 1.000000 1.000000 1.000000 1.000000 1.000000 1.000000 1.000000 1.000000 1.000000 1.000000 1.000000 1.000000 1.000000 
DA_B          
0.000000 0.000000 0.000000 0.000000 0.000000 0.000000 0.000000 0.000000 0.000000 0.000000 0.000000 0.000000 0.000000 0.000000 
AD_A          
1.000000 1.000000 1.000000 1.000000 1.000000 1.000000 1.000000 1.000000 1.000000 1.000000 1.000000 1.000000 1.000000 1.000000 
AD_B
0.000000 0.000000 0.000000 0.000000 0.000000 0.000000 0.000000 0.000000 0.000000 0.000000 0.000000 0.000000 0.000000 0.000000 
AD_Ratio      
1.000000 1.000000

ch15
setPointNum   
0 
setPoint      
0 0 0 0 0 0 0 0 0 0 0 0 0 0 0 
checkPointNum 
0 
checkPoint    
0 0 0 0 0 0 0 0 0 0 0 0 0 0 0 
set_ad        
0 0 0 0 0 0 0 0 0 0 0 0 0 0 0 
set_meter     
0 0 0 0 0 0 0 0 0 0 0 0 0 0 0 
check_ad      
0 0 0 0 0 0 0 0 0 0 0 0 0 0 0 
check_meter   
0 0 0 0 0 0 0 0 0 0 0 0 0 0 0 
DA_A          
1.000000 1.000000 1.000000 1.000000 1.000000 1.000000 1.000000 1.000000 1.000000 1.000000 1.000000 1.000000 1.000000 1.000000 
DA_B          
0.000000 0.000000 0.000000 0.000000 0.000000 0.000000 0.000000 0.000000 0.000000 0.000000 0.000000 0.000000 0.000000 0.000000 
AD_A          
1.000000 1.000000 1.000000 1.000000 1.000000 1.000000 1.000000 1.000000 1.000000 1.000000 1.000000 1.000000 1.000000 1.000000 
AD_B
0.000000 0.000000 0.000000 0.000000 0.000000 0.000000 0.000000 0.000000 0.000000 0.000000 0.000000 0.000000 0.000000 0.000000 
AD_Ratio      
1.000000 1.000000

ch16
setPointNum   
0 
setPoint      
0 0 0 0 0 0 0 0 0 0 0 0 0 0 0 
checkPointNum 
0 
checkPoint    
0 0 0 0 0 0 0 0 0 0 0 0 0 0 0 
set_ad        
0 0 0 0 0 0 0 0 0 0 0 0 0 0 0 
set_meter     
0 0 0 0 0 0 0 0 0 0 0 0 0 0 0 
check_ad      
0 0 0 0 0 0 0 0 0 0 0 0 0 0 0 
check_meter   
0 0 0 0 0 0 0 0 0 0 0 0 0 0 0 
DA_A          
1.000000 1.000000 1.000000 1.000000 1.000000 1.000000 1.000000 1.000000 1.000000 1.000000 1.000000 1.000000 1.000000 1.000000 
DA_B          
0.000000 0.000000 0.000000 0.000000 0.000000 0.000000 0.000000 0.000000 0.000000 0.000000 0.000000 0.000000 0.000000 0.000000 
AD_A          
1.000000 1.000000 1.000000 1.000000 1.000000 1.000000 1.000000 1.000000 1.000000 1.000000 1.000000 1.000000 1.000000 1.000000 
AD_B
0.000000 0.000000 0.000000 0.000000 0.000000 0.000000 0.000000 0.000000 0.000000 0.000000 0.000000 0.000000 0.000000 0.000000 
AD_Ratio      
1.000000 1.000000

range3
ch01
setPointNum   
0 
setPoint      
0 0 0 0 0 0 0 0 0 0 0 0 0 0 0 
checkPointNum 
0 
checkPoint    
0 0 0 0 0 0 0 0 0 0 0 0 0 0 0 
set_ad        
0 0 0 0 0 0 0 0 0 0 0 0 0 0 0 
set_meter     
0 0 0 0 0 0 0 0 0 0 0 0 0 0 0 
check_ad      
0 0 0 0 0 0 0 0 0 0 0 0 0 0 0 
check_meter   
0 0 0 0 0 0 0 0 0 0 0 0 0 0 0 
DA_A          
1.000000 1.000000 1.000000 1.000000 1.000000 1.000000 1.000000 1.000000 1.000000 1.000000 1.000000 1.000000 1.000000 1.000000 
DA_B          
0.000000 0.000000 0.000000 0.000000 0.000000 0.000000 0.000000 0.000000 0.000000 0.000000 0.000000 0.000000 0.000000 0.000000 
AD_A          
1.000000 1.000000 1.000000 1.000000 1.000000 1.000000 1.000000 1.000000 1.000000 1.000000 1.000000 1.000000 1.000000 1.000000 
AD_B
0.000000 0.000000 0.000000 0.000000 0.000000 0.000000 0.000000 0.000000 0.000000 0.000000 0.000000 0.000000 0.000000 0.000000 
AD_Ratio      
1.000000 1.000000

ch02
setPointNum   
0 
setPoint      
0 0 0 0 0 0 0 0 0 0 0 0 0 0 0 
checkPointNum 
0 
checkPoint    
0 0 0 0 0 0 0 0 0 0 0 0 0 0 0 
set_ad        
0 0 0 0 0 0 0 0 0 0 0 0 0 0 0 
set_meter     
0 0 0 0 0 0 0 0 0 0 0 0 0 0 0 
check_ad      
0 0 0 0 0 0 0 0 0 0 0 0 0 0 0 
check_meter   
0 0 0 0 0 0 0 0 0 0 0 0 0 0 0 
DA_A          
1.000000 1.000000 1.000000 1.000000 1.000000 1.000000 1.000000 1.000000 1.000000 1.000000 1.000000 1.000000 1.000000 1.000000 
DA_B          
0.000000 0.000000 0.000000 0.000000 0.000000 0.000000 0.000000 0.000000 0.000000 0.000000 0.000000 0.000000 0.000000 0.000000 
AD_A          
1.000000 1.000000 1.000000 1.000000 1.000000 1.000000 1.000000 1.000000 1.000000 1.000000 1.000000 1.000000 1.000000 1.000000 
AD_B
0.000000 0.000000 0.000000 0.000000 0.000000 0.000000 0.000000 0.000000 0.000000 0.000000 0.000000 0.000000 0.000000 0.000000 
AD_Ratio      
1.000000 1.000000

ch03
setPointNum   
0 
setPoint      
0 0 0 0 0 0 0 0 0 0 0 0 0 0 0 
checkPointNum 
0 
checkPoint    
0 0 0 0 0 0 0 0 0 0 0 0 0 0 0 
set_ad        
0 0 0 0 0 0 0 0 0 0 0 0 0 0 0 
set_meter     
0 0 0 0 0 0 0 0 0 0 0 0 0 0 0 
check_ad      
0 0 0 0 0 0 0 0 0 0 0 0 0 0 0 
check_meter   
0 0 0 0 0 0 0 0 0 0 0 0 0 0 0 
DA_A          
1.000000 1.000000 1.000000 1.000000 1.000000 1.000000 1.000000 1.000000 1.000000 1.000000 1.000000 1.000000 1.000000 1.000000 
DA_B          
0.000000 0.000000 0.000000 0.000000 0.000000 0.000000 0.000000 0.000000 0.000000 0.000000 0.000000 0.000000 0.000000 0.000000 
AD_A          
1.000000 1.000000 1.000000 1.000000 1.000000 1.000000 1.000000 1.000000 1.000000 1.000000 1.000000 1.000000 1.000000 1.000000 
AD_B
0.000000 0.000000 0.000000 0.000000 0.000000 0.000000 0.000000 0.000000 0.000000 0.000000 0.000000 0.000000 0.000000 0.000000 
AD_Ratio      
1.000000 1.000000

ch04
setPointNum   
0 
setPoint      
0 0 0 0 0 0 0 0 0 0 0 0 0 0 0 
checkPointNum 
0 
checkPoint    
0 0 0 0 0 0 0 0 0 0 0 0 0 0 0 
set_ad        
0 0 0 0 0 0 0 0 0 0 0 0 0 0 0 
set_meter     
0 0 0 0 0 0 0 0 0 0 0 0 0 0 0 
check_ad      
0 0 0 0 0 0 0 0 0 0 0 0 0 0 0 
check_meter   
0 0 0 0 0 0 0 0 0 0 0 0 0 0 0 
DA_A          
1.000000 1.000000 1.000000 1.000000 1.000000 1.000000 1.000000 1.000000 1.000000 1.000000 1.000000 1.000000 1.000000 1.000000 
DA_B          
0.000000 0.000000 0.000000 0.000000 0.000000 0.000000 0.000000 0.000000 0.000000 0.000000 0.000000 0.000000 0.000000 0.000000 
AD_A          
1.000000 1.000000 1.000000 1.000000 1.000000 1.000000 1.000000 1.000000 1.000000 1.000000 1.000000 1.000000 1.000000 1.000000 
AD_B
0.000000 0.000000 0.000000 0.000000 0.000000 0.000000 0.000000 0.000000 0.000000 0.000000 0.000000 0.000000 0.000000 0.000000 
AD_Ratio      
1.000000 1.000000

ch05
setPointNum   
0 
setPoint      
0 0 0 0 0 0 0 0 0 0 0 0 0 0 0 
checkPointNum 
0 
checkPoint    
0 0 0 0 0 0 0 0 0 0 0 0 0 0 0 
set_ad        
0 0 0 0 0 0 0 0 0 0 0 0 0 0 0 
set_meter     
0 0 0 0 0 0 0 0 0 0 0 0 0 0 0 
check_ad      
0 0 0 0 0 0 0 0 0 0 0 0 0 0 0 
check_meter   
0 0 0 0 0 0 0 0 0 0 0 0 0 0 0 
DA_A          
1.000000 1.000000 1.000000 1.000000 1.000000 1.000000 1.000000 1.000000 1.000000 1.000000 1.000000 1.000000 1.000000 1.000000 
DA_B          
0.000000 0.000000 0.000000 0.000000 0.000000 0.000000 0.000000 0.000000 0.000000 0.000000 0.000000 0.000000 0.000000 0.000000 
AD_A          
1.000000 1.000000 1.000000 1.000000 1.000000 1.000000 1.000000 1.000000 1.000000 1.000000 1.000000 1.000000 1.000000 1.000000 
AD_B
0.000000 0.000000 0.000000 0.000000 0.000000 0.000000 0.000000 0.000000 0.000000 0.000000 0.000000 0.000000 0.000000 0.000000 
AD_Ratio      
1.000000 1.000000

ch06
setPointNum   
0 
setPoint      
0 0 0 0 0 0 0 0 0 0 0 0 0 0 0 
checkPointNum 
0 
checkPoint    
0 0 0 0 0 0 0 0 0 0 0 0 0 0 0 
set_ad        
0 0 0 0 0 0 0 0 0 0 0 0 0 0 0 
set_meter     
0 0 0 0 0 0 0 0 0 0 0 0 0 0 0 
check_ad      
0 0 0 0 0 0 0 0 0 0 0 0 0 0 0 
check_meter   
0 0 0 0 0 0 0 0 0 0 0 0 0 0 0 
DA_A          
1.000000 1.000000 1.000000 1.000000 1.000000 1.000000 1.000000 1.000000 1.000000 1.000000 1.000000 1.000000 1.000000 1.000000 
DA_B          
0.000000 0.000000 0.000000 0.000000 0.000000 0.000000 0.000000 0.000000 0.000000 0.000000 0.000000 0.000000 0.000000 0.000000 
AD_A          
1.000000 1.000000 1.000000 1.000000 1.000000 1.000000 1.000000 1.000000 1.000000 1.000000 1.000000 1.000000 1.000000 1.000000 
AD_B
0.000000 0.000000 0.000000 0.000000 0.000000 0.000000 0.000000 0.000000 0.000000 0.000000 0.000000 0.000000 0.000000 0.000000 
AD_Ratio      
1.000000 1.000000

ch07
setPointNum   
0 
setPoint      
0 0 0 0 0 0 0 0 0 0 0 0 0 0 0 
checkPointNum 
0 
checkPoint    
0 0 0 0 0 0 0 0 0 0 0 0 0 0 0 
set_ad        
0 0 0 0 0 0 0 0 0 0 0 0 0 0 0 
set_meter     
0 0 0 0 0 0 0 0 0 0 0 0 0 0 0 
check_ad      
0 0 0 0 0 0 0 0 0 0 0 0 0 0 0 
check_meter   
0 0 0 0 0 0 0 0 0 0 0 0 0 0 0 
DA_A          
1.000000 1.000000 1.000000 1.000000 1.000000 1.000000 1.000000 1.000000 1.000000 1.000000 1.000000 1.000000 1.000000 1.000000 
DA_B          
0.000000 0.000000 0.000000 0.000000 0.000000 0.000000 0.000000 0.000000 0.000000 0.000000 0.000000 0.000000 0.000000 0.000000 
AD_A          
1.000000 1.000000 1.000000 1.000000 1.000000 1.000000 1.000000 1.000000 1.000000 1.000000 1.000000 1.000000 1.000000 1.000000 
AD_B
0.000000 0.000000 0.000000 0.000000 0.000000 0.000000 0.000000 0.000000 0.000000 0.000000 0.000000 0.000000 0.000000 0.000000 
AD_Ratio      
1.000000 1.000000

ch08
setPointNum   
0 
setPoint      
0 0 0 0 0 0 0 0 0 0 0 0 0 0 0 
checkPointNum 
0 
checkPoint    
0 0 0 0 0 0 0 0 0 0 0 0 0 0 0 
set_ad        
0 0 0 0 0 0 0 0 0 0 0 0 0 0 0 
set_meter     
0 0 0 0 0 0 0 0 0 0 0 0 0 0 0 
check_ad      
0 0 0 0 0 0 0 0 0 0 0 0 0 0 0 
check_meter   
0 0 0 0 0 0 0 0 0 0 0 0 0 0 0 
DA_A          
1.000000 1.000000 1.000000 1.000000 1.000000 1.000000 1.000000 1.000000 1.000000 1.000000 1.000000 1.000000 1.000000 1.000000 
DA_B          
0.000000 0.000000 0.000000 0.000000 0.000000 0.000000 0.000000 0.000000 0.000000 0.000000 0.000000 0.000000 0.000000 0.000000 
AD_A          
1.000000 1.000000 1.000000 1.000000 1.000000 1.000000 1.000000 1.000000 1.000000 1.000000 1.000000 1.000000 1.000000 1.000000 
AD_B
0.000000 0.000000 0.000000 0.000000 0.000000 0.000000 0.000000 0.000000 0.000000 0.000000 0.000000 0.000000 0.000000 0.000000 
AD_Ratio      
1.000000 1.000000

ch09
setPointNum   
0 
setPoint      
0 0 0 0 0 0 0 0 0 0 0 0 0 0 0 
checkPointNum 
0 
checkPoint    
0 0 0 0 0 0 0 0 0 0 0 0 0 0 0 
set_ad        
0 0 0 0 0 0 0 0 0 0 0 0 0 0 0 
set_meter     
0 0 0 0 0 0 0 0 0 0 0 0 0 0 0 
check_ad      
0 0 0 0 0 0 0 0 0 0 0 0 0 0 0 
check_meter   
0 0 0 0 0 0 0 0 0 0 0 0 0 0 0 
DA_A          
1.000000 1.000000 1.000000 1.000000 1.000000 1.000000 1.000000 1.000000 1.000000 1.000000 1.000000 1.000000 1.000000 1.000000 
DA_B          
0.000000 0.000000 0.000000 0.000000 0.000000 0.000000 0.000000 0.000000 0.000000 0.000000 0.000000 0.000000 0.000000 0.000000 
AD_A          
1.000000 1.000000 1.000000 1.000000 1.000000 1.000000 1.000000 1.000000 1.000000 1.000000 1.000000 1.000000 1.000000 1.000000 
AD_B
0.000000 0.000000 0.000000 0.000000 0.000000 0.000000 0.000000 0.000000 0.000000 0.000000 0.000000 0.000000 0.000000 0.000000 
AD_Ratio      
1.000000 1.000000

ch10
setPointNum   
0 
setPoint      
0 0 0 0 0 0 0 0 0 0 0 0 0 0 0 
checkPointNum 
0 
checkPoint    
0 0 0 0 0 0 0 0 0 0 0 0 0 0 0 
set_ad        
0 0 0 0 0 0 0 0 0 0 0 0 0 0 0 
set_meter     
0 0 0 0 0 0 0 0 0 0 0 0 0 0 0 
check_ad      
0 0 0 0 0 0 0 0 0 0 0 0 0 0 0 
check_meter   
0 0 0 0 0 0 0 0 0 0 0 0 0 0 0 
DA_A          
1.000000 1.000000 1.000000 1.000000 1.000000 1.000000 1.000000 1.000000 1.000000 1.000000 1.000000 1.000000 1.000000 1.000000 
DA_B          
0.000000 0.000000 0.000000 0.000000 0.000000 0.000000 0.000000 0.000000 0.000000 0.000000 0.000000 0.000000 0.000000 0.000000 
AD_A          
1.000000 1.000000 1.000000 1.000000 1.000000 1.000000 1.000000 1.000000 1.000000 1.000000 1.000000 1.000000 1.000000 1.000000 
AD_B
0.000000 0.000000 0.000000 0.000000 0.000000 0.000000 0.000000 0.000000 0.000000 0.000000 0.000000 0.000000 0.000000 0.000000 
AD_Ratio      
1.000000 1.000000

ch11
setPointNum   
0 
setPoint      
0 0 0 0 0 0 0 0 0 0 0 0 0 0 0 
checkPointNum 
0 
checkPoint    
0 0 0 0 0 0 0 0 0 0 0 0 0 0 0 
set_ad        
0 0 0 0 0 0 0 0 0 0 0 0 0 0 0 
set_meter     
0 0 0 0 0 0 0 0 0 0 0 0 0 0 0 
check_ad      
0 0 0 0 0 0 0 0 0 0 0 0 0 0 0 
check_meter   
0 0 0 0 0 0 0 0 0 0 0 0 0 0 0 
DA_A          
1.000000 1.000000 1.000000 1.000000 1.000000 1.000000 1.000000 1.000000 1.000000 1.000000 1.000000 1.000000 1.000000 1.000000 
DA_B          
0.000000 0.000000 0.000000 0.000000 0.000000 0.000000 0.000000 0.000000 0.000000 0.000000 0.000000 0.000000 0.000000 0.000000 
AD_A          
1.000000 1.000000 1.000000 1.000000 1.000000 1.000000 1.000000 1.000000 1.000000 1.000000 1.000000 1.000000 1.000000 1.000000 
AD_B
0.000000 0.000000 0.000000 0.000000 0.000000 0.000000 0.000000 0.000000 0.000000 0.000000 0.000000 0.000000 0.000000 0.000000 
AD_Ratio      
1.000000 1.000000

ch12
setPointNum   
0 
setPoint      
0 0 0 0 0 0 0 0 0 0 0 0 0 0 0 
checkPointNum 
0 
checkPoint    
0 0 0 0 0 0 0 0 0 0 0 0 0 0 0 
set_ad        
0 0 0 0 0 0 0 0 0 0 0 0 0 0 0 
set_meter     
0 0 0 0 0 0 0 0 0 0 0 0 0 0 0 
check_ad      
0 0 0 0 0 0 0 0 0 0 0 0 0 0 0 
check_meter   
0 0 0 0 0 0 0 0 0 0 0 0 0 0 0 
DA_A          
1.000000 1.000000 1.000000 1.000000 1.000000 1.000000 1.000000 1.000000 1.000000 1.000000 1.000000 1.000000 1.000000 1.000000 
DA_B          
0.000000 0.000000 0.000000 0.000000 0.000000 0.000000 0.000000 0.000000 0.000000 0.000000 0.000000 0.000000 0.000000 0.000000 
AD_A          
1.000000 1.000000 1.000000 1.000000 1.000000 1.000000 1.000000 1.000000 1.000000 1.000000 1.000000 1.000000 1.000000 1.000000 
AD_B
0.000000 0.000000 0.000000 0.000000 0.000000 0.000000 0.000000 0.000000 0.000000 0.000000 0.000000 0.000000 0.000000 0.000000 
AD_Ratio      
1.000000 1.000000

ch13
setPointNum   
0 
setPoint      
0 0 0 0 0 0 0 0 0 0 0 0 0 0 0 
checkPointNum 
0 
checkPoint    
0 0 0 0 0 0 0 0 0 0 0 0 0 0 0 
set_ad        
0 0 0 0 0 0 0 0 0 0 0 0 0 0 0 
set_meter     
0 0 0 0 0 0 0 0 0 0 0 0 0 0 0 
check_ad      
0 0 0 0 0 0 0 0 0 0 0 0 0 0 0 
check_meter   
0 0 0 0 0 0 0 0 0 0 0 0 0 0 0 
DA_A          
1.000000 1.000000 1.000000 1.000000 1.000000 1.000000 1.000000 1.000000 1.000000 1.000000 1.000000 1.000000 1.000000 1.000000 
DA_B          
0.000000 0.000000 0.000000 0.000000 0.000000 0.000000 0.000000 0.000000 0.000000 0.000000 0.000000 0.000000 0.000000 0.000000 
AD_A          
1.000000 1.000000 1.000000 1.000000 1.000000 1.000000 1.000000 1.000000 1.000000 1.000000 1.000000 1.000000 1.000000 1.000000 
AD_B
0.000000 0.000000 0.000000 0.000000 0.000000 0.000000 0.000000 0.000000 0.000000 0.000000 0.000000 0.000000 0.000000 0.000000 
AD_Ratio      
1.000000 1.000000

ch14
setPointNum   
0 
setPoint      
0 0 0 0 0 0 0 0 0 0 0 0 0 0 0 
checkPointNum 
0 
checkPoint    
0 0 0 0 0 0 0 0 0 0 0 0 0 0 0 
set_ad        
0 0 0 0 0 0 0 0 0 0 0 0 0 0 0 
set_meter     
0 0 0 0 0 0 0 0 0 0 0 0 0 0 0 
check_ad      
0 0 0 0 0 0 0 0 0 0 0 0 0 0 0 
check_meter   
0 0 0 0 0 0 0 0 0 0 0 0 0 0 0 
DA_A          
1.000000 1.000000 1.000000 1.000000 1.000000 1.000000 1.000000 1.000000 1.000000 1.000000 1.000000 1.000000 1.000000 1.000000 
DA_B          
0.000000 0.000000 0.000000 0.000000 0.000000 0.000000 0.000000 0.000000 0.000000 0.000000 0.000000 0.000000 0.000000 0.000000 
AD_A          
1.000000 1.000000 1.000000 1.000000 1.000000 1.000000 1.000000 1.000000 1.000000 1.000000 1.000000 1.000000 1.000000 1.000000 
AD_B
0.000000 0.000000 0.000000 0.000000 0.000000 0.000000 0.000000 0.000000 0.000000 0.000000 0.000000 0.000000 0.000000 0.000000 
AD_Ratio      
1.000000 1.000000

ch15
setPointNum   
0 
setPoint      
0 0 0 0 0 0 0 0 0 0 0 0 0 0 0 
checkPointNum 
0 
checkPoint    
0 0 0 0 0 0 0 0 0 0 0 0 0 0 0 
set_ad        
0 0 0 0 0 0 0 0 0 0 0 0 0 0 0 
set_meter     
0 0 0 0 0 0 0 0 0 0 0 0 0 0 0 
check_ad      
0 0 0 0 0 0 0 0 0 0 0 0 0 0 0 
check_meter   
0 0 0 0 0 0 0 0 0 0 0 0 0 0 0 
DA_A          
1.000000 1.000000 1.000000 1.000000 1.000000 1.000000 1.000000 1.000000 1.000000 1.000000 1.000000 1.000000 1.000000 1.000000 
DA_B          
0.000000 0.000000 0.000000 0.000000 0.000000 0.000000 0.000000 0.000000 0.000000 0.000000 0.000000 0.000000 0.000000 0.000000 
AD_A          
1.000000 1.000000 1.000000 1.000000 1.000000 1.000000 1.000000 1.000000 1.000000 1.000000 1.000000 1.000000 1.000000 1.000000 
AD_B
0.000000 0.000000 0.000000 0.000000 0.000000 0.000000 0.000000 0.000000 0.000000 0.000000 0.000000 0.000000 0.000000 0.000000 
AD_Ratio      
1.000000 1.000000

ch16
setPointNum   
0 
setPoint      
0 0 0 0 0 0 0 0 0 0 0 0 0 0 0 
checkPointNum 
0 
checkPoint    
0 0 0 0 0 0 0 0 0 0 0 0 0 0 0 
set_ad        
0 0 0 0 0 0 0 0 0 0 0 0 0 0 0 
set_meter     
0 0 0 0 0 0 0 0 0 0 0 0 0 0 0 
check_ad      
0 0 0 0 0 0 0 0 0 0 0 0 0 0 0 
check_meter   
0 0 0 0 0 0 0 0 0 0 0 0 0 0 0 
DA_A          
1.000000 1.000000 1.000000 1.000000 1.000000 1.000000 1.000000 1.000000 1.000000 1.000000 1.000000 1.000000 1.000000 1.000000 
DA_B          
0.000000 0.000000 0.000000 0.000000 0.000000 0.000000 0.000000 0.000000 0.000000 0.000000 0.000000 0.000000 0.000000 0.000000 
AD_A          
1.000000 1.000000 1.000000 1.000000 1.000000 1.000000 1.000000 1.000000 1.000000 1.000000 1.000000 1.000000 1.000000 1.000000 
AD_B
0.000000 0.000000 0.000000 0.000000 0.000000 0.000000 0.000000 0.000000 0.000000 0.000000 0.000000 0.000000 0.000000 0.000000 
AD_Ratio      
1.000000 1.000000

range4
ch01
setPointNum   
0 
setPoint      
0 0 0 0 0 0 0 0 0 0 0 0 0 0 0 
checkPointNum 
0 
checkPoint    
0 0 0 0 0 0 0 0 0 0 0 0 0 0 0 
set_ad        
0 0 0 0 0 0 0 0 0 0 0 0 0 0 0 
set_meter     
0 0 0 0 0 0 0 0 0 0 0 0 0 0 0 
check_ad      
0 0 0 0 0 0 0 0 0 0 0 0 0 0 0 
check_meter   
0 0 0 0 0 0 0 0 0 0 0 0 0 0 0 
DA_A          
1.000000 1.000000 1.000000 1.000000 1.000000 1.000000 1.000000 1.000000 1.000000 1.000000 1.000000 1.000000 1.000000 1.000000 
DA_B          
0.000000 0.000000 0.000000 0.000000 0.000000 0.000000 0.000000 0.000000 0.000000 0.000000 0.000000 0.000000 0.000000 0.000000 
AD_A          
1.000000 1.000000 1.000000 1.000000 1.000000 1.000000 1.000000 1.000000 1.000000 1.000000 1.000000 1.000000 1.000000 1.000000 
AD_B
0.000000 0.000000 0.000000 0.000000 0.000000 0.000000 0.000000 0.000000 0.000000 0.000000 0.000000 0.000000 0.000000 0.000000 
AD_Ratio      
1.000000 1.000000

ch02
setPointNum   
0 
setPoint      
0 0 0 0 0 0 0 0 0 0 0 0 0 0 0 
checkPointNum 
0 
checkPoint    
0 0 0 0 0 0 0 0 0 0 0 0 0 0 0 
set_ad        
0 0 0 0 0 0 0 0 0 0 0 0 0 0 0 
set_meter     
0 0 0 0 0 0 0 0 0 0 0 0 0 0 0 
check_ad      
0 0 0 0 0 0 0 0 0 0 0 0 0 0 0 
check_meter   
0 0 0 0 0 0 0 0 0 0 0 0 0 0 0 
DA_A          
1.000000 1.000000 1.000000 1.000000 1.000000 1.000000 1.000000 1.000000 1.000000 1.000000 1.000000 1.000000 1.000000 1.000000 
DA_B          
0.000000 0.000000 0.000000 0.000000 0.000000 0.000000 0.000000 0.000000 0.000000 0.000000 0.000000 0.000000 0.000000 0.000000 
AD_A          
1.000000 1.000000 1.000000 1.000000 1.000000 1.000000 1.000000 1.000000 1.000000 1.000000 1.000000 1.000000 1.000000 1.000000 
AD_B
0.000000 0.000000 0.000000 0.000000 0.000000 0.000000 0.000000 0.000000 0.000000 0.000000 0.000000 0.000000 0.000000 0.000000 
AD_Ratio      
1.000000 1.000000

ch03
setPointNum   
0 
setPoint      
0 0 0 0 0 0 0 0 0 0 0 0 0 0 0 
checkPointNum 
0 
checkPoint    
0 0 0 0 0 0 0 0 0 0 0 0 0 0 0 
set_ad        
0 0 0 0 0 0 0 0 0 0 0 0 0 0 0 
set_meter     
0 0 0 0 0 0 0 0 0 0 0 0 0 0 0 
check_ad      
0 0 0 0 0 0 0 0 0 0 0 0 0 0 0 
check_meter   
0 0 0 0 0 0 0 0 0 0 0 0 0 0 0 
DA_A          
1.000000 1.000000 1.000000 1.000000 1.000000 1.000000 1.000000 1.000000 1.000000 1.000000 1.000000 1.000000 1.000000 1.000000 
DA_B          
0.000000 0.000000 0.000000 0.000000 0.000000 0.000000 0.000000 0.000000 0.000000 0.000000 0.000000 0.000000 0.000000 0.000000 
AD_A          
1.000000 1.000000 1.000000 1.000000 1.000000 1.000000 1.000000 1.000000 1.000000 1.000000 1.000000 1.000000 1.000000 1.000000 
AD_B
0.000000 0.000000 0.000000 0.000000 0.000000 0.000000 0.000000 0.000000 0.000000 0.000000 0.000000 0.000000 0.000000 0.000000 
AD_Ratio      
1.000000 1.000000

ch04
setPointNum   
0 
setPoint      
0 0 0 0 0 0 0 0 0 0 0 0 0 0 0 
checkPointNum 
0 
checkPoint    
0 0 0 0 0 0 0 0 0 0 0 0 0 0 0 
set_ad        
0 0 0 0 0 0 0 0 0 0 0 0 0 0 0 
set_meter     
0 0 0 0 0 0 0 0 0 0 0 0 0 0 0 
check_ad      
0 0 0 0 0 0 0 0 0 0 0 0 0 0 0 
check_meter   
0 0 0 0 0 0 0 0 0 0 0 0 0 0 0 
DA_A          
1.000000 1.000000 1.000000 1.000000 1.000000 1.000000 1.000000 1.000000 1.000000 1.000000 1.000000 1.000000 1.000000 1.000000 
DA_B          
0.000000 0.000000 0.000000 0.000000 0.000000 0.000000 0.000000 0.000000 0.000000 0.000000 0.000000 0.000000 0.000000 0.000000 
AD_A          
1.000000 1.000000 1.000000 1.000000 1.000000 1.000000 1.000000 1.000000 1.000000 1.000000 1.000000 1.000000 1.000000 1.000000 
AD_B
0.000000 0.000000 0.000000 0.000000 0.000000 0.000000 0.000000 0.000000 0.000000 0.000000 0.000000 0.000000 0.000000 0.000000 
AD_Ratio      
1.000000 1.000000

ch05
setPointNum   
0 
setPoint      
0 0 0 0 0 0 0 0 0 0 0 0 0 0 0 
checkPointNum 
0 
checkPoint    
0 0 0 0 0 0 0 0 0 0 0 0 0 0 0 
set_ad        
0 0 0 0 0 0 0 0 0 0 0 0 0 0 0 
set_meter     
0 0 0 0 0 0 0 0 0 0 0 0 0 0 0 
check_ad      
0 0 0 0 0 0 0 0 0 0 0 0 0 0 0 
check_meter   
0 0 0 0 0 0 0 0 0 0 0 0 0 0 0 
DA_A          
1.000000 1.000000 1.000000 1.000000 1.000000 1.000000 1.000000 1.000000 1.000000 1.000000 1.000000 1.000000 1.000000 1.000000 
DA_B          
0.000000 0.000000 0.000000 0.000000 0.000000 0.000000 0.000000 0.000000 0.000000 0.000000 0.000000 0.000000 0.000000 0.000000 
AD_A          
1.000000 1.000000 1.000000 1.000000 1.000000 1.000000 1.000000 1.000000 1.000000 1.000000 1.000000 1.000000 1.000000 1.000000 
AD_B
0.000000 0.000000 0.000000 0.000000 0.000000 0.000000 0.000000 0.000000 0.000000 0.000000 0.000000 0.000000 0.000000 0.000000 
AD_Ratio      
1.000000 1.000000

ch06
setPointNum   
0 
setPoint      
0 0 0 0 0 0 0 0 0 0 0 0 0 0 0 
checkPointNum 
0 
checkPoint    
0 0 0 0 0 0 0 0 0 0 0 0 0 0 0 
set_ad        
0 0 0 0 0 0 0 0 0 0 0 0 0 0 0 
set_meter     
0 0 0 0 0 0 0 0 0 0 0 0 0 0 0 
check_ad      
0 0 0 0 0 0 0 0 0 0 0 0 0 0 0 
check_meter   
0 0 0 0 0 0 0 0 0 0 0 0 0 0 0 
DA_A          
1.000000 1.000000 1.000000 1.000000 1.000000 1.000000 1.000000 1.000000 1.000000 1.000000 1.000000 1.000000 1.000000 1.000000 
DA_B          
0.000000 0.000000 0.000000 0.000000 0.000000 0.000000 0.000000 0.000000 0.000000 0.000000 0.000000 0.000000 0.000000 0.000000 
AD_A          
1.000000 1.000000 1.000000 1.000000 1.000000 1.000000 1.000000 1.000000 1.000000 1.000000 1.000000 1.000000 1.000000 1.000000 
AD_B
0.000000 0.000000 0.000000 0.000000 0.000000 0.000000 0.000000 0.000000 0.000000 0.000000 0.000000 0.000000 0.000000 0.000000 
AD_Ratio      
1.000000 1.000000

ch07
setPointNum   
0 
setPoint      
0 0 0 0 0 0 0 0 0 0 0 0 0 0 0 
checkPointNum 
0 
checkPoint    
0 0 0 0 0 0 0 0 0 0 0 0 0 0 0 
set_ad        
0 0 0 0 0 0 0 0 0 0 0 0 0 0 0 
set_meter     
0 0 0 0 0 0 0 0 0 0 0 0 0 0 0 
check_ad      
0 0 0 0 0 0 0 0 0 0 0 0 0 0 0 
check_meter   
0 0 0 0 0 0 0 0 0 0 0 0 0 0 0 
DA_A          
1.000000 1.000000 1.000000 1.000000 1.000000 1.000000 1.000000 1.000000 1.000000 1.000000 1.000000 1.000000 1.000000 1.000000 
DA_B          
0.000000 0.000000 0.000000 0.000000 0.000000 0.000000 0.000000 0.000000 0.000000 0.000000 0.000000 0.000000 0.000000 0.000000 
AD_A          
1.000000 1.000000 1.000000 1.000000 1.000000 1.000000 1.000000 1.000000 1.000000 1.000000 1.000000 1.000000 1.000000 1.000000 
AD_B
0.000000 0.000000 0.000000 0.000000 0.000000 0.000000 0.000000 0.000000 0.000000 0.000000 0.000000 0.000000 0.000000 0.000000 
AD_Ratio      
1.000000 1.000000

ch08
setPointNum   
0 
setPoint      
0 0 0 0 0 0 0 0 0 0 0 0 0 0 0 
checkPointNum 
0 
checkPoint    
0 0 0 0 0 0 0 0 0 0 0 0 0 0 0 
set_ad        
0 0 0 0 0 0 0 0 0 0 0 0 0 0 0 
set_meter     
0 0 0 0 0 0 0 0 0 0 0 0 0 0 0 
check_ad      
0 0 0 0 0 0 0 0 0 0 0 0 0 0 0 
check_meter   
0 0 0 0 0 0 0 0 0 0 0 0 0 0 0 
DA_A          
1.000000 1.000000 1.000000 1.000000 1.000000 1.000000 1.000000 1.000000 1.000000 1.000000 1.000000 1.000000 1.000000 1.000000 
DA_B          
0.000000 0.000000 0.000000 0.000000 0.000000 0.000000 0.000000 0.000000 0.000000 0.000000 0.000000 0.000000 0.000000 0.000000 
AD_A          
1.000000 1.000000 1.000000 1.000000 1.000000 1.000000 1.000000 1.000000 1.000000 1.000000 1.000000 1.000000 1.000000 1.000000 
AD_B
0.000000 0.000000 0.000000 0.000000 0.000000 0.000000 0.000000 0.000000 0.000000 0.000000 0.000000 0.000000 0.000000 0.000000 
AD_Ratio      
1.000000 1.000000

ch09
setPointNum   
0 
setPoint      
0 0 0 0 0 0 0 0 0 0 0 0 0 0 0 
checkPointNum 
0 
checkPoint    
0 0 0 0 0 0 0 0 0 0 0 0 0 0 0 
set_ad        
0 0 0 0 0 0 0 0 0 0 0 0 0 0 0 
set_meter     
0 0 0 0 0 0 0 0 0 0 0 0 0 0 0 
check_ad      
0 0 0 0 0 0 0 0 0 0 0 0 0 0 0 
check_meter   
0 0 0 0 0 0 0 0 0 0 0 0 0 0 0 
DA_A          
1.000000 1.000000 1.000000 1.000000 1.000000 1.000000 1.000000 1.000000 1.000000 1.000000 1.000000 1.000000 1.000000 1.000000 
DA_B          
0.000000 0.000000 0.000000 0.000000 0.000000 0.000000 0.000000 0.000000 0.000000 0.000000 0.000000 0.000000 0.000000 0.000000 
AD_A          
1.000000 1.000000 1.000000 1.000000 1.000000 1.000000 1.000000 1.000000 1.000000 1.000000 1.000000 1.000000 1.000000 1.000000 
AD_B
0.000000 0.000000 0.000000 0.000000 0.000000 0.000000 0.000000 0.000000 0.000000 0.000000 0.000000 0.000000 0.000000 0.000000 
AD_Ratio      
1.000000 1.000000

ch10
setPointNum   
0 
setPoint      
0 0 0 0 0 0 0 0 0 0 0 0 0 0 0 
checkPointNum 
0 
checkPoint    
0 0 0 0 0 0 0 0 0 0 0 0 0 0 0 
set_ad        
0 0 0 0 0 0 0 0 0 0 0 0 0 0 0 
set_meter     
0 0 0 0 0 0 0 0 0 0 0 0 0 0 0 
check_ad      
0 0 0 0 0 0 0 0 0 0 0 0 0 0 0 
check_meter   
0 0 0 0 0 0 0 0 0 0 0 0 0 0 0 
DA_A          
1.000000 1.000000 1.000000 1.000000 1.000000 1.000000 1.000000 1.000000 1.000000 1.000000 1.000000 1.000000 1.000000 1.000000 
DA_B          
0.000000 0.000000 0.000000 0.000000 0.000000 0.000000 0.000000 0.000000 0.000000 0.000000 0.000000 0.000000 0.000000 0.000000 
AD_A          
1.000000 1.000000 1.000000 1.000000 1.000000 1.000000 1.000000 1.000000 1.000000 1.000000 1.000000 1.000000 1.000000 1.000000 
AD_B
0.000000 0.000000 0.000000 0.000000 0.000000 0.000000 0.000000 0.000000 0.000000 0.000000 0.000000 0.000000 0.000000 0.000000 
AD_Ratio      
1.000000 1.000000

ch11
setPointNum   
0 
setPoint      
0 0 0 0 0 0 0 0 0 0 0 0 0 0 0 
checkPointNum 
0 
checkPoint    
0 0 0 0 0 0 0 0 0 0 0 0 0 0 0 
set_ad        
0 0 0 0 0 0 0 0 0 0 0 0 0 0 0 
set_meter     
0 0 0 0 0 0 0 0 0 0 0 0 0 0 0 
check_ad      
0 0 0 0 0 0 0 0 0 0 0 0 0 0 0 
check_meter   
0 0 0 0 0 0 0 0 0 0 0 0 0 0 0 
DA_A          
1.000000 1.000000 1.000000 1.000000 1.000000 1.000000 1.000000 1.000000 1.000000 1.000000 1.000000 1.000000 1.000000 1.000000 
DA_B          
0.000000 0.000000 0.000000 0.000000 0.000000 0.000000 0.000000 0.000000 0.000000 0.000000 0.000000 0.000000 0.000000 0.000000 
AD_A          
1.000000 1.000000 1.000000 1.000000 1.000000 1.000000 1.000000 1.000000 1.000000 1.000000 1.000000 1.000000 1.000000 1.000000 
AD_B
0.000000 0.000000 0.000000 0.000000 0.000000 0.000000 0.000000 0.000000 0.000000 0.000000 0.000000 0.000000 0.000000 0.000000 
AD_Ratio      
1.000000 1.000000

ch12
setPointNum   
0 
setPoint      
0 0 0 0 0 0 0 0 0 0 0 0 0 0 0 
checkPointNum 
0 
checkPoint    
0 0 0 0 0 0 0 0 0 0 0 0 0 0 0 
set_ad        
0 0 0 0 0 0 0 0 0 0 0 0 0 0 0 
set_meter     
0 0 0 0 0 0 0 0 0 0 0 0 0 0 0 
check_ad      
0 0 0 0 0 0 0 0 0 0 0 0 0 0 0 
check_meter   
0 0 0 0 0 0 0 0 0 0 0 0 0 0 0 
DA_A          
1.000000 1.000000 1.000000 1.000000 1.000000 1.000000 1.000000 1.000000 1.000000 1.000000 1.000000 1.000000 1.000000 1.000000 
DA_B          
0.000000 0.000000 0.000000 0.000000 0.000000 0.000000 0.000000 0.000000 0.000000 0.000000 0.000000 0.000000 0.000000 0.000000 
AD_A          
1.000000 1.000000 1.000000 1.000000 1.000000 1.000000 1.000000 1.000000 1.000000 1.000000 1.000000 1.000000 1.000000 1.000000 
AD_B
0.000000 0.000000 0.000000 0.000000 0.000000 0.000000 0.000000 0.000000 0.000000 0.000000 0.000000 0.000000 0.000000 0.000000 
AD_Ratio      
1.000000 1.000000

ch13
setPointNum   
0 
setPoint      
0 0 0 0 0 0 0 0 0 0 0 0 0 0 0 
checkPointNum 
0 
checkPoint    
0 0 0 0 0 0 0 0 0 0 0 0 0 0 0 
set_ad        
0 0 0 0 0 0 0 0 0 0 0 0 0 0 0 
set_meter     
0 0 0 0 0 0 0 0 0 0 0 0 0 0 0 
check_ad      
0 0 0 0 0 0 0 0 0 0 0 0 0 0 0 
check_meter   
0 0 0 0 0 0 0 0 0 0 0 0 0 0 0 
DA_A          
1.000000 1.000000 1.000000 1.000000 1.000000 1.000000 1.000000 1.000000 1.000000 1.000000 1.000000 1.000000 1.000000 1.000000 
DA_B          
0.000000 0.000000 0.000000 0.000000 0.000000 0.000000 0.000000 0.000000 0.000000 0.000000 0.000000 0.000000 0.000000 0.000000 
AD_A          
1.000000 1.000000 1.000000 1.000000 1.000000 1.000000 1.000000 1.000000 1.000000 1.000000 1.000000 1.000000 1.000000 1.000000 
AD_B
0.000000 0.000000 0.000000 0.000000 0.000000 0.000000 0.000000 0.000000 0.000000 0.000000 0.000000 0.000000 0.000000 0.000000 
AD_Ratio      
1.000000 1.000000

ch14
setPointNum   
0 
setPoint      
0 0 0 0 0 0 0 0 0 0 0 0 0 0 0 
checkPointNum 
0 
checkPoint    
0 0 0 0 0 0 0 0 0 0 0 0 0 0 0 
set_ad        
0 0 0 0 0 0 0 0 0 0 0 0 0 0 0 
set_meter     
0 0 0 0 0 0 0 0 0 0 0 0 0 0 0 
check_ad      
0 0 0 0 0 0 0 0 0 0 0 0 0 0 0 
check_meter   
0 0 0 0 0 0 0 0 0 0 0 0 0 0 0 
DA_A          
1.000000 1.000000 1.000000 1.000000 1.000000 1.000000 1.000000 1.000000 1.000000 1.000000 1.000000 1.000000 1.000000 1.000000 
DA_B          
0.000000 0.000000 0.000000 0.000000 0.000000 0.000000 0.000000 0.000000 0.000000 0.000000 0.000000 0.000000 0.000000 0.000000 
AD_A          
1.000000 1.000000 1.000000 1.000000 1.000000 1.000000 1.000000 1.000000 1.000000 1.000000 1.000000 1.000000 1.000000 1.000000 
AD_B
0.000000 0.000000 0.000000 0.000000 0.000000 0.000000 0.000000 0.000000 0.000000 0.000000 0.000000 0.000000 0.000000 0.000000 
AD_Ratio      
1.000000 1.000000

ch15
setPointNum   
0 
setPoint      
0 0 0 0 0 0 0 0 0 0 0 0 0 0 0 
checkPointNum 
0 
checkPoint    
0 0 0 0 0 0 0 0 0 0 0 0 0 0 0 
set_ad        
0 0 0 0 0 0 0 0 0 0 0 0 0 0 0 
set_meter     
0 0 0 0 0 0 0 0 0 0 0 0 0 0 0 
check_ad      
0 0 0 0 0 0 0 0 0 0 0 0 0 0 0 
check_meter   
0 0 0 0 0 0 0 0 0 0 0 0 0 0 0 
DA_A          
1.000000 1.000000 1.000000 1.000000 1.000000 1.000000 1.000000 1.000000 1.000000 1.000000 1.000000 1.000000 1.000000 1.000000 
DA_B          
0.000000 0.000000 0.000000 0.000000 0.000000 0.000000 0.000000 0.000000 0.000000 0.000000 0.000000 0.000000 0.000000 0.000000 
AD_A          
1.000000 1.000000 1.000000 1.000000 1.000000 1.000000 1.000000 1.000000 1.000000 1.000000 1.000000 1.000000 1.000000 1.000000 
AD_B
0.000000 0.000000 0.000000 0.000000 0.000000 0.000000 0.000000 0.000000 0.000000 0.000000 0.000000 0.000000 0.000000 0.000000 
AD_Ratio      
1.000000 1.000000

ch16
setPointNum   
0 
setPoint      
0 0 0 0 0 0 0 0 0 0 0 0 0 0 0 
checkPointNum 
0 
checkPoint    
0 0 0 0 0 0 0 0 0 0 0 0 0 0 0 
set_ad        
0 0 0 0 0 0 0 0 0 0 0 0 0 0 0 
set_meter     
0 0 0 0 0 0 0 0 0 0 0 0 0 0 0 
check_ad      
0 0 0 0 0 0 0 0 0 0 0 0 0 0 0 
check_meter   
0 0 0 0 0 0 0 0 0 0 0 0 0 0 0 
DA_A          
1.000000 1.000000 1.000000 1.000000 1.000000 1.000000 1.000000 1.000000 1.000000 1.000000 1.000000 1.000000 1.000000 1.000000 
DA_B          
0.000000 0.000000 0.000000 0.000000 0.000000 0.000000 0.000000 0.000000 0.000000 0.000000 0.000000 0.000000 0.000000 0.000000 
AD_A          
1.000000 1.000000 1.000000 1.000000 1.000000 1.000000 1.000000 1.000000 1.000000 1.000000 1.000000 1.000000 1.000000 1.000000 
AD_B
0.000000 0.000000 0.000000 0.000000 0.000000 0.000000 0.000000 0.000000 0.000000 0.000000 0.000000 0.000000 0.000000 0.000000 
AD_Ratio      
1.000000 1.000000

current
range1
ch01
setPointNum   
11 
setPoint      
-10000000 -8000000 -6000000 -4000000 -2000000 0 2000000 4000000 6000000 8000000 10000000 0 0 0 0 
checkPointNum 
11 
checkPoint    
-10000000 -8000000 -6000000 -4000000 -2000000 0 2000000 4000000 6000000 8000000 10000000 0 0 0 0 
set_ad        
-10018791 -8020740 -6022274 -4025106 -2024872 105 1972119 3971203 5969186 7968635 9967892 0 0 0 0 
set_meter     
-9995770 -8001660 -6007570 -4013670 -2019490 -60 1967750 3961700 5955510 7949510 9943790 0 0 0 0 
check_ad      
-10000385 -7999942 -6000096 -3998972 -2000536 -82 1999565 3998482 6000696 8000233 9999057 0 0 0 0 
check_meter   
-10000080 -8000090 -6000420 -4000260 -2000860 -40 1999570 3999830 5999990 8000100 9999760 0 0 0 0 
DA_A          
1.002954 1.002964 1.003059 1.002918 0.990378 1.016358 1.003034 1.003105 1.003009 1.002868 0.000000 0.000000 0.000000 0.000000 
DA_B          
25294.492188 25374.982422 25949.144531 25383.867188 59.422707 60.981499 26279.496094 26000.470703 26569.708984 27689.191406 0.000000 0.000000 0.000000 0.000000 
AD_A          
0.998028 0.997810 0.998364 0.996973 0.997261 0.997868 0.997432 0.997911 0.997275 0.997511 0.000000 0.000000 0.000000 0.000000 
AD_B
3259.714844 1517.150146 4849.650391 -746.570496 -164.712372 -164.776154 695.749146 -1208.720215 2591.529053 712.317749 0.000000 0.000000 0.000000 0.000000 
AD_Ratio      
1.000000 1.000000

ch02
setPointNum   
11 
setPoint      
-10000000 -8000000 -6000000 -4000000 -2000000 0 2000000 4000000 6000000 8000000 10000000 0 0 0 0 
checkPointNum 
11 
checkPoint    
-10000000 -8000000 -6000000 -4000000 -2000000 0 2000000 4000000 6000000 8000000 10000000 0 0 0 0 
set_ad        
-10057664 -8054636 -6051030 -4049028 -2044992 -914 1960666 3963923 5967612 7970854 9974173 0 0 0 0 
set_meter     
-10027570 -8029950 -6032480 -4035460 -2037930 10 1956220 3953970 5951330 7948880 9946690 0 0 0 0 
check_ad      
-9999987 -8000331 -6001028 -4000111 -2001358 -256 2000280 3999597 5999575 7999591 10000327 0 0 0 0 
check_meter   
-9999990 -8000240 -6000560 -3999740 -2000540 -110 2000560 3999850 6000350 7999820 9999860 0 0 0 0 
DA_A          
1.001191 1.001267 1.001492 1.001237 0.981383 1.022385 1.001126 1.001322 1.001227 1.001096 0.000000 0.000000 0.000000 0.000000 
DA_B          
39517.023438 40120.753906 41481.808594 40449.957031 -9.813831 -10.223851 41576.773438 40803.859375 41370.679688 42406.433594 0.000000 0.000000 0.000000 0.000000 
AD_A          
0.997300 0.996938 0.997512 0.996754 0.996997 0.997262 0.997251 0.996841 0.997159 0.997250 0.000000 0.000000 0.000000 0.000000 
AD_B
2939.188965 18.851620 3491.957275 423.038452 921.255432 921.497864 943.916382 2567.739746 674.337524 -54.657806 0.000000 0.000000 0.000000 0.000000 
AD_Ratio      
1.000000 1.000000

ch03
setPointNum   
11 
setPoint      
-10000000 -8000000 -6000000 -4000000 -2000000 0 2000000 4000000 6000000 8000000 10000000 0 0 0 0 
checkPointNum 
11 
checkPoint    
-10000000 -8000000 -6000000 -4000000 -2000000 0 2000000 4000000 6000000 8000000 10000000 0 0 0 0 
set_ad        
-9964319 -7971812 -5977529 -3985208 -1991440 -236 1995446 3988829 5983065 7976299 9971169 0 0 0 0 
set_meter     
-9937530 -7949080 -5961000 -3973140 -1984870 0 1990690 3978770 5966770 7954950 9943290 0 0 0 0 
check_ad      
-9999654 -8000315 -6000346 -3999246 -1999399 441 1999737 4000260 5999884 8000029 9999341 0 0 0 0 
check_meter   
-10000310 -8000530 -6000300 -4000050 -2000610 -70 1999770 3999650 6000020 7999790 9999810 0 0 0 0 
DA_A          
1.005809 1.005996 1.006107 1.005900 1.007623 1.004677 1.005996 1.006036 1.005945 1.005864 0.000000 0.000000 0.000000 0.000000 
DA_B          
-4747.416504 -3259.426270 -2595.756348 -3420.058594 0.000000 0.000000 -2625.648926 -2786.720215 -2243.257568 -1599.324097 0.000000 0.000000 0.000000 0.000000 
AD_A          
0.997964 0.996890 0.997761 0.997242 0.996819 0.997499 0.997340 0.996873 0.997464 0.996727 0.000000 0.000000 0.000000 0.000000 
AD_B
6500.367676 -2063.452637 3144.732666 1078.419678 235.249283 235.409668 552.488220 2414.116455 -1124.472900 4760.587402 0.000000 0.000000 0.000000 0.000000 
AD_Ratio      
1.000000 1.000000

ch04
setPointNum   
11 
setPoint      
-10000000 -8000000 -6000000 -4000000 -2000000 0 2000000 4000000 6000000 8000000 10000000 0 0 0 0 
checkPointNum 
11 
checkPoint    
-10000000 -8000000 -6000000 -4000000 -2000000 0 2000000 4000000 6000000 8000000 10000000 0 0 0 0 
set_ad        
-10046944 -8047404 -6047376 -4047921 -2047449 -988 1952474 3952051 5951964 7952572 9952848 0 0 0 0 
set_meter     
-10007410 -8014830 -6022550 -4030390 -2037990 0 1946210 3938740 5930980 7923380 9915800 0 0 0 0 
check_ad      
-9999606 -8000083 -6000386 -3999751 -2000398 189 1999573 4000589 6000653 8000120 10000109 0 0 0 0 
check_meter   
-10000070 -8000240 -6000110 -3999900 -2000880 0 2000220 4000270 6000140 7999790 9999580 0 0 0 0 
DA_A          
1.003724 1.003875 1.003935 1.003814 0.981359 1.027638 1.003749 1.003895 1.003814 1.003804 0.000000 0.000000 0.000000 0.000000 
DA_B          
44675.746094 45887.125000 46251.304688 45763.902344 0.000000 0.000000 46493.652344 45918.164062 46396.304688 46476.144531 0.000000 0.000000 0.000000 0.000000 
AD_A          
0.996519 0.996126 0.996351 0.995965 0.995861 0.996288 0.996476 0.996163 0.995897 0.996073 0.000000 0.000000 0.000000 0.000000 
AD_B
4562.591309 1398.793335 2762.183594 1197.445557 983.910339 984.332153 616.997498 1851.703247 3435.436768 2041.392578 0.000000 0.000000 0.000000 0.000000 
AD_Ratio      
1.000000 1.000000

ch05
setPointNum   
11 
setPoint      
-10000000 -8000000 -6000000 -4000000 -2000000 0 2000000 4000000 6000000 8000000 10000000 0 0 0 0 
checkPointNum 
11 
checkPoint    
-10000000 -8000000 -6000000 -4000000 -2000000 0 2000000 4000000 6000000 8000000 10000000 0 0 0 0 
set_ad        
-10081468 -8078587 -6075919 -4072890 -2069795 52 1936168 3939661 5942293 7946807 9950213 0 0 0 0 
set_meter     
-10052790 -8055380 -6058090 -4060960 -2063670 0 1930110 3927590 5924690 7921990 9919580 0 0 0 0 
check_ad      
-9999392 -7999803 -5999394 -3999658 -2001542 223 2000372 4000487 6001276 8000329 10000316 0 0 0 0 
check_meter   
-10000010 -8000040 -6000050 -3999910 -2001970 -20 2000190 4000100 6000210 8000230 10000160 0 0 0 0 
DA_A          
1.001297 1.001357 1.001437 1.001357 0.969147 1.036210 1.001262 1.001452 1.001352 1.001206 0.000000 0.000000 0.000000 0.000000 
DA_B          
65825.242188 66309.851562 66795.851562 66470.070312 0.000000 0.000000 67454.992188 66706.726562 67300.859375 68452.484375 0.000000 0.000000 0.000000 0.000000 
AD_A          
0.997268 0.997315 0.997055 0.997102 0.997016 0.996898 0.996999 0.997238 0.996401 0.997097 0.000000 0.000000 0.000000 0.000000 
AD_B
1139.812988 1512.619873 -64.822899 126.702377 -51.844818 -51.838692 -247.059708 -1188.219360 3782.583496 -1746.973511 0.000000 0.000000 0.000000 0.000000 
AD_Ratio      
1.000000 1.000000

ch06
setPointNum   
11 
setPoint      
-10000000 -8000000 -6000000 -4000000 -2000000 0 2000000 4000000 6000000 8000000 10000000 0 0 0 0 
checkPointNum 
11 
checkPoint    
-10000000 -8000000 -6000000 -4000000 -2000000 0 2000000 4000000 6000000 8000000 10000000 0 0 0 0 
set_ad        
-10029927 -8030379 -6030651 -4030944 -2030625 -943 1969175 3969877 5969884 7970659 9971536 0 0 0 0 
set_meter     
-10002660 -8007940 -6013250 -4018820 -2023970 0 1964690 3959590 5953980 7948640 9943630 0 0 0 0 
check_ad      
-9999740 -7999458 -6000010 -3999601 -2000588 -45 2000226 3998945 6000721 7999802 9999385 0 0 0 0 
check_meter   
-10000030 -7999790 -6000030 -3999750 -2000550 -40 2000230 3999810 6000330 8000070 9999840 0 0 0 0 
DA_A          
1.002647 1.002662 1.002793 1.002582 0.988157 1.017972 1.002557 1.002813 1.002677 1.002511 0.000000 0.000000 0.000000 0.000000 
DA_B          
29136.921875 29257.679688 30043.671875 29195.177734 0.000000 0.000000 30287.232422 29272.107422 30080.314453 31398.654297 0.000000 0.000000 0.000000 0.000000 
AD_A          
0.997585 0.997481 0.997361 0.997266 0.997186 0.997245 0.997100 0.997191 0.996944 0.997058 0.000000 0.000000 0.000000 0.000000 
AD_B
3049.282959 2207.723877 1486.795898 1103.141479 940.346191 940.401855 1225.572266 862.360535 2341.850098 1432.351318 0.000000 0.000000 0.000000 0.000000 
AD_Ratio      
1.000000 1.000000

ch07
setPointNum   
11 
setPoint      
-10000000 -8000000 -6000000 -4000000 -2000000 0 2000000 4000000 6000000 8000000 10000000 0 0 0 0 
checkPointNum 
11 
checkPoint    
-10000000 -8000000 -6000000 -4000000 -2000000 0 2000000 4000000 6000000 8000000 10000000 0 0 0 0 
set_ad        
-10026089 -8028815 -6031361 -4034513 -2037155 240 1957836 3954799 5952353 7950676 9948400 0 0 0 0 
set_meter     
-10000390 -8008120 -6015940 -4024040 -2031970 -100 1951720 3943700 5935600 7927780 9920020 0 0 0 0 
check_ad      
-9999808 -8000207 -6000688 -4000007 -2000708 -87 1999590 4000238 6001075 8000286 9999979 0 0 0 0 
check_meter   
-10000170 -8000200 -6000360 -4000080 -2000770 -30 1999980 3999700 6000070 7999980 10000100 0 0 0 0 
DA_A          
1.003880 1.003925 1.004066 1.003981 0.984315 1.024685 1.004026 1.004066 1.003925 1.003895 0.000000 0.000000 0.000000 0.000000 
DA_B          
39191.476562 39554.660156 40403.632812 40058.832031 98.431496 102.468468 40422.093750 40263.066406 41100.703125 41340.402344 0.000000 0.000000 0.000000 0.000000 
AD_A          
0.997495 0.997360 0.997522 0.997352 0.997288 0.997049 0.997505 0.997170 0.996926 0.997255 0.000000 0.000000 0.000000 0.000000 
AD_B
579.487427 -503.971436 475.859344 -208.362457 -339.349182 -339.291870 -1230.633179 94.906921 1544.995117 -1070.408936 0.000000 0.000000 0.000000 0.000000 
AD_Ratio      
1.000000 1.000000

ch08
setPointNum   
11 
setPoint      
-10000000 -8000000 -6000000 -4000000 -2000000 0 2000000 4000000 6000000 8000000 10000000 0 0 0 0 
checkPointNum 
11 
checkPoint    
-10000000 -8000000 -6000000 -4000000 -2000000 0 2000000 4000000 6000000 8000000 10000000 0 0 0 0 
set_ad        
-9996440 -7999363 -6001349 -4003368 -2005293 -403 1990369 3989089 5987385 7985775 9984253 0 0 0 0 
set_meter     
-9970130 -7977680 -5984540 -3992290 -1999130 0 1984690 3978130 5970180 7963240 9955880 0 0 0 0 
check_ad      
-10000458 -7999779 -6000132 -4000647 -2000101 121 1999614 3999152 5999808 7999726 10000269 0 0 0 0 
check_meter   
-10000500 -7999690 -6000480 -4000300 -2000510 20 2000430 3999440 6000790 7999940 9999990 0 0 0 0 
DA_A          
1.003789 1.003442 1.003890 1.003432 1.000435 1.007714 1.003291 1.003991 1.003482 1.003694 0.000000 0.000000 0.000000 0.000000 
DA_B          
7909.859863 5137.622070 7820.303711 5990.487305 0.000000 0.000000 8778.794922 5993.825684 9031.338867 7347.037109 0.000000 0.000000 0.000000 0.000000 
AD_A          
0.997683 0.997561 0.997132 0.997540 0.997127 0.996945 0.997358 0.996874 0.997333 0.997079 0.000000 0.000000 0.000000 0.000000 
AD_B
3149.386719 2169.175049 -405.243347 1230.244629 401.842194 401.768799 -421.060760 1509.548096 -1235.763794 793.229980 0.000000 0.000000 0.000000 0.000000 
AD_Ratio      
1.000000 1.000000

ch09
setPointNum   
11 
setPoint      
-10000000 -8000000 -6000000 -4000000 -2000000 0 2000000 4000000 6000000 8000000 10000000 0 0 0 0 
checkPointNum 
11 
checkPoint    
-10000000 -8000000 -6000000 -4000000 -2000000 0 2000000 4000000 6000000 8000000 10000000 0 0 0 0 
set_ad        
-10052432 -8052339 -6051139 -4051053 -2050620 67 1949558 3950306 5951486 7952412 9953602 0 0 0 0 
set_meter     
-10024790 -8029650 -6034550 -4039850 -2044800 -30 1944440 3939530 5934400 7929600 9924610 0 0 0 0 
check_ad      
-9999193 -7999642 -5999851 -3999719 -2001033 -114 2000562 4000391 6000294 8000908 9999849 0 0 0 0 
check_meter   
-9999940 -8000060 -5999960 -3999880 -2001210 -50 2000300 3999840 6000010 7999770 10000110 0 0 0 0 
DA_A          
1.002436 1.002456 1.002657 1.002481 0.978105 1.028558 1.002461 1.002572 1.002406 1.002501 0.000000 0.000000 0.000000 0.000000 
DA_B          
49209.578125 49370.957031 50584.046875 49873.437500 29.343153 30.856737 50774.652344 50339.121094 51323.175781 50566.164062 0.000000 0.000000 0.000000 0.000000 
AD_A          
0.997524 0.996952 0.997307 0.997309 0.997115 0.997424 0.997172 0.996847 0.997138 0.996912 0.000000 0.000000 0.000000 0.000000 
AD_B
2748.309814 -1855.906982 293.983368 301.950928 -96.806679 -96.827438 395.237640 1679.866455 -54.781036 1746.340820 0.000000 0.000000 0.000000 0.000000 
AD_Ratio      
1.000000 1.000000

ch10
setPointNum   
11 
setPoint      
-10000000 -8000000 -6000000 -4000000 -2000000 0 2000000 4000000 6000000 8000000 10000000 0 0 0 0 
checkPointNum 
11 
checkPoint    
-10000000 -8000000 -6000000 -4000000 -2000000 0 2000000 4000000 6000000 8000000 10000000 0 0 0 0 
set_ad        
-10043053 -8045707 -6047430 -4050070 -2051282 -1029 1944878 3942965 5941479 7940201 9938893 0 0 0 0 
set_meter     
-10020840 -8026910 -6033250 -4039730 -2046010 0 1940770 3934690 5928400 7922100 9916040 0 0 0 0 
check_ad      
-10000680 -8000193 -6000386 -4000014 -2001503 730 1999377 3999090 6000487 8000851 10000690 0 0 0 0 
check_meter   
-9999840 -8000250 -6000230 -3999970 -2001160 -60 1999890 3999900 5999990 8000030 10000100 0 0 0 0 
DA_A          
1.003044 1.003180 1.003250 1.003150 0.977512 1.030519 1.003049 1.003155 1.003160 1.003039 0.000000 0.000000 0.000000 0.000000 
DA_B          
51345.835938 52436.222656 52861.269531 52454.707031 0.000000 0.000000 53312.070312 52896.359375 52866.531250 53823.082031 0.000000 0.000000 0.000000 0.000000 
AD_A          
0.998290 0.997689 0.998077 0.997464 0.997931 0.997360 0.997914 0.997596 0.997487 0.997622 0.000000 0.000000 0.000000 0.000000 
AD_B
5036.672363 207.470505 2553.587646 70.899544 1026.870483 1026.283569 -51.967091 1203.044067 1849.593140 777.263977 0.000000 0.000000 0.000000 0.000000 
AD_Ratio      
1.000000 1.000000

ch11
setPointNum   
11 
setPoint      
-10000000 -8000000 -6000000 -4000000 -2000000 0 2000000 4000000 6000000 8000000 10000000 0 0 0 0 
checkPointNum 
11 
checkPoint    
-10000000 -8000000 -6000000 -4000000 -2000000 0 2000000 4000000 6000000 8000000 10000000 0 0 0 0 
set_ad        
-10067691 -8065057 -6062790 -4060343 -2058249 -73 1948131 3951755 5954693 7958321 9961151 0 0 0 0 
set_meter     
-10039930 -8042680 -6045280 -4048350 -2051070 -40 1942500 3939890 5937240 7934460 9932120 0 0 0 0 
check_ad      
-10000101 -8000638 -5999839 -3999815 -2000363 -26 1999787 3999652 5999697 7999838 10000158 0 0 0 0 
check_meter   
-10000150 -8000120 -6000130 -4000270 -2001590 10 2000330 4000100 6000090 8000130 9999560 0 0 0 0 
DA_A          
1.001377 1.001302 1.001537 1.001362 0.975120 1.029580 1.001307 1.001327 1.001392 1.001171 0.000000 0.000000 0.000000 0.000000 
DA_B          
53753.910156 53149.093750 54573.769531 53863.253906 39.004791 41.183193 54961.726562 54882.718750 54495.750000 56245.808594 0.000000 0.000000 0.000000 0.000000 
AD_A          
0.997312 0.997569 0.997245 0.997595 0.996528 0.997093 0.996889 0.997210 0.996802 0.997419 0.000000 0.000000 0.000000 0.000000 
AD_B
694.422485 2772.905029 806.230835 2229.976318 32.746544 32.787769 430.341187 -839.992249 1591.290039 -3317.808838 0.000000 0.000000 0.000000 0.000000 
AD_Ratio      
1.000000 1.000000

ch12
setPointNum   
11 
setPoint      
-10000000 -8000000 -6000000 -4000000 -2000000 0 2000000 4000000 6000000 8000000 10000000 0 0 0 0 
checkPointNum 
11 
checkPoint    
-10000000 -8000000 -6000000 -4000000 -2000000 0 2000000 4000000 6000000 8000000 10000000 0 0 0 0 
set_ad        
-10026550 -8029128 -6031219 -4033667 -2035848 -1252 1960158 3958453 5957072 7955008 9953877 0 0 0 0 
set_meter     
-9999170 -8006530 -6013870 -4021430 -2028950 -50 1955430 3947920 5940450 7933210 9925650 0 0 0 0 
check_ad      
-9999907 -7999477 -5999762 -3999741 -2000137 60 1999435 3999374 5999501 8000294 9999623 0 0 0 0 
check_meter   
-9999760 -8000220 -6000210 -4000120 -2000610 -40 1999850 3999730 5999700 7999740 9999750 0 0 0 0 
DA_A          
1.003694 1.003684 1.003794 1.003774 0.985756 1.022767 1.003769 1.003749 1.003633 1.003794 0.000000 0.000000 0.000000 0.000000 
DA_B          
36102.859375 36022.203125 36688.683594 36607.644531 49.287792 51.138340 37199.683594 37279.238281 37967.441406 36688.683594 0.000000 0.000000 0.000000 0.000000 
AD_A          
0.997606 0.997373 0.997441 0.997328 0.997200 0.996977 0.997095 0.996953 0.997409 0.996784 0.000000 0.000000 0.000000 0.000000 
AD_B
3375.577148 1503.499268 1914.312134 1457.370728 1198.494995 1198.214844 966.212891 1526.837524 -1189.171021 3787.842041 0.000000 0.000000 0.000000 0.000000 
AD_Ratio      
1.000000 1.000000

ch13
setPointNum   
11 
setPoint      
-10000000 -8000000 -6000000 -4000000 -2000000 0 2000000 4000000 6000000 8000000 10000000 0 0 0 0 
checkPointNum 
11 
checkPoint    
-10000000 -8000000 -6000000 -4000000 -2000000 0 2000000 4000000 6000000 8000000 10000000 0 0 0 0 
set_ad        
-9999606 -8002370 -6004138 -4007332 -2009606 149 1985973 3984253 5982715 7980766 9979132 0 0 0 0 
set_meter     
-9970940 -7978710 -5986890 -3995310 -2003600 -60 1979470 3971360 5962970 7954830 9947100 0 0 0 0 
check_ad      
-10000786 -8000304 -6000967 -4000209 -1999883 -77 1999853 3999727 5999323 8000118 9999662 0 0 0 0 
check_meter   
-10000090 -8000300 -6000510 -4000100 -2000000 0 2000140 3999710 6000110 8000160 9999880 0 0 0 0 
DA_A          
1.003900 1.004107 1.004228 1.004162 0.998233 1.010341 1.004071 1.004213 1.004087 1.003880 0.000000 0.000000 0.000000 0.000000 
DA_B          
9828.182617 11476.940430 12201.368164 11939.489258 59.893986 60.620449 12470.568359 11909.961914 12661.532227 14305.290039 0.000000 0.000000 0.000000 0.000000 
AD_A          
0.997494 0.996791 0.997383 0.996989 0.996908 0.996831 0.996802 0.996571 0.996901 0.996949 0.000000 0.000000 0.000000 0.000000 
AD_B
3602.348145 -2018.297852 1534.092285 -45.775719 -208.539230 -208.527756 -152.354706 767.555725 -1207.440918 -1590.735107 0.000000 0.000000 0.000000 0.000000 
AD_Ratio      
1.000000 1.000000

ch14
setPointNum   
11 
setPoint      
-10000000 -8000000 -6000000 -4000000 -2000000 0 2000000 4000000 6000000 8000000 10000000 0 0 0 0 
checkPointNum 
11 
checkPoint    
-10000000 -8000000 -6000000 -4000000 -2000000 0 2000000 4000000 6000000 8000000 10000000 0 0 0 0 
set_ad        
-9971691 -7978344 -5986113 -3993680 -1999970 -453 1986218 3980155 5973158 7967539 9961092 0 0 0 0 
set_meter     
-9945640 -7957500 -5969580 -3981890 -1993940 -50 1981460 3969670 5957270 7945290 9933670 0 0 0 0 
check_ad      
-10000009 -8000247 -6000384 -3999393 -1999659 -44 2000462 4000102 6000365 8000248 10000058 0 0 0 0 
check_meter   
-10000410 -8000020 -6000500 -3999940 -2000060 0 1999910 3999690 6000080 8000130 9999630 0 0 0 0 
DA_A          
1.005965 1.006077 1.006193 1.006062 1.003064 1.009331 1.005930 1.006239 1.006026 1.005844 0.000000 0.000000 0.000000 0.000000 
DA_B          
4969.468750 5855.366211 6550.317383 6026.308594 50.153217 50.466564 6790.027344 5564.500000 6830.916992 8278.095703 0.000000 0.000000 0.000000 0.000000 
AD_A          
0.997388 0.997836 0.997620 0.997111 0.997186 0.997402 0.997128 0.997289 0.996811 0.997405 0.000000 0.000000 0.000000 0.000000 
AD_B
3.053989 3579.615967 2283.018311 251.914322 401.725189 401.823181 946.829407 305.138031 3163.153320 -1574.315552 0.000000 0.000000 0.000000 0.000000 
AD_Ratio      
1.000000 1.000000

ch15
setPointNum   
11 
setPoint      
-10000000 -8000000 -6000000 -4000000 -2000000 0 2000000 4000000 6000000 8000000 10000000 0 0 0 0 
checkPointNum 
11 
checkPoint    
-10000000 -8000000 -6000000 -4000000 -2000000 0 2000000 4000000 6000000 8000000 10000000 0 0 0 0 
set_ad        
-10055893 -8047401 -6038832 -4030534 -2021721 407 1995366 4003900 6012854 8022503 10031719 0 0 0 0 
set_meter     
-10033650 -8029470 -6025140 -4021280 -2017190 -50 1990070 3994220 5998200 8002420 10006800 0 0 0 0 
check_ad      
-10000455 -7999763 -5999611 -4000248 -1999815 380 2000012 4000138 6001128 7999690 9999983 0 0 0 0 
check_meter   
-10000150 -8000100 -6000530 -4000250 -2000410 -60 1999900 3999720 5999960 7999870 9999540 0 0 0 0 
DA_A          
0.997914 0.997840 0.998074 0.997959 0.991503 1.004964 0.997929 0.998014 0.997894 0.997815 0.000000 0.000000 0.000000 0.000000 
DA_B          
12723.408203 12123.751953 13533.879883 13073.265625 49.575142 50.248226 14050.844727 13712.711914 14429.553711 15067.002930 0.000000 0.000000 0.000000 0.000000 
AD_A          
0.997853 0.997890 0.997790 0.997649 0.997533 0.997574 0.997817 0.997524 0.997299 0.997593 0.000000 0.000000 0.000000 0.000000 
AD_B
654.160889 947.300232 347.199371 -222.348511 -455.996063 -456.012787 -940.741638 233.317383 1589.525269 -773.565613 0.000000 0.000000 0.000000 0.000000 
AD_Ratio      
1.000000 1.000000

ch16
setPointNum   
11 
setPoint      
-10000000 -8000000 -6000000 -4000000 -2000000 0 2000000 4000000 6000000 8000000 10000000 0 0 0 0 
checkPointNum 
11 
checkPoint    
-10000000 -8000000 -6000000 -4000000 -2000000 0 2000000 4000000 6000000 8000000 10000000 0 0 0 0 
set_ad        
-10020364 -8020068 -6018748 -4018274 -2016867 759 1985305 3986932 5988483 7990378 9991167 0 0 0 0 
set_meter     
-9999920 -8003140 -6006470 -4009750 -2013030 -10 1980120 3976970 5973810 7970720 9967750 0 0 0 0 
check_ad      
-9999823 -7999905 -6000686 -3999727 -2000886 284 1999999 3999645 6000712 7999600 10001141 0 0 0 0 
check_meter   
-10000680 -8000620 -6000460 -4000430 -2000610 -20 1999570 3999280 5999860 7999390 9999470 0 0 0 0 
DA_A          
1.001613 1.001668 1.001643 1.001643 0.993532 1.010035 1.001577 1.001583 1.001547 1.001487 0.000000 0.000000 0.000000 0.000000 
DA_B          
16045.833984 16487.451172 16336.791992 16336.791992 9.935321 10.100347 16756.390625 16736.443359 16946.181641 17425.876953 0.000000 0.000000 0.000000 0.000000 
AD_A          
0.998242 0.997677 0.998123 0.997658 0.997717 0.997775 0.997613 0.997646 0.997510 0.998121 0.000000 0.000000 0.000000 0.000000 
AD_B
2830.806885 -1706.359375 983.486816 -886.205017 -767.267273 -767.311096 -446.953400 -578.058899 239.164597 -4646.006836 0.000000 0.000000 0.000000 0.000000 
AD_Ratio      
1.000000 1.000000

range2
ch01
setPointNum   
11 
setPoint      
-1000000 -800000 -600000 -400000 -200000 0 200000 400000 600000 800000 1000000 0 0 0 0 
checkPointNum 
11 
checkPoint    
-1000000 -800000 -600000 -400000 -200000 0 200000 400000 600000 800000 1000000 0 0 0 0 
set_ad        
-995473 -795656 -595906 -395996 -196066 6440 203549 403619 603386 803327 1003279 0 0 0 0 
set_meter     
-998980 -799620 -600360 -401110 -201890 -10 196640 395950 595180 794410 993780 0 0 0 0 
check_ad      
-1000079 -800043 -599982 -400074 -200055 17 200111 399911 600025 799907 999857 0 0 0 0 
check_meter   
-999920 -800000 -600040 -399960 -199930 -30 200030 400000 599980 800030 999910 0 0 0 0 
DA_A          
1.003210 1.003714 1.003764 1.003915 0.990688 1.017035 1.003462 1.003865 1.003865 1.003160 0.000000 0.000000 0.000000 0.000000 
DA_B          
2186.998291 2589.581543 2619.824463 2680.453857 9.906876 10.170354 2679.243408 2519.700928 2519.700928 3079.701172 0.000000 0.000000 0.000000 0.000000 
AD_A          
0.997713 0.997547 0.996698 0.996449 0.996909 0.997671 0.996201 0.997312 0.996444 0.997089 0.000000 0.000000 0.000000 0.000000 
AD_B
-5783.739258 -5915.796875 -6421.375000 -6520.277832 -6430.092285 -6435.003418 -6135.784668 -6584.019043 -6060.329590 -6578.757324 0.000000 0.000000 0.000000 0.000000 
AD_Ratio      
1.000000 1.000000

ch02
setPointNum   
11 
setPoint      
-1000000 -800000 -600000 -400000 -200000 0 200000 400000 600000 800000 1000000 0 0 0 0 
checkPointNum 
11 
checkPoint    
-1000000 -800000 -600000 -400000 -200000 0 200000 400000 600000 800000 1000000 0 0 0 0 
set_ad        
-999426 -799142 -598799 -398534 -198232 6396 202563 402706 603185 803441 1003780 0 0 0 0 
set_meter     
-1002710 -802940 -603240 -403490 -203820 -40 195550 395200 594850 794580 994330 0 0 0 0 
check_ad      
-999931 -800019 -599965 -399989 -200065 -14 199870 400048 599888 800044 999936 0 0 0 0 
check_meter   
-999950 -800020 -600100 -400040 -200080 -60 199910 399970 600040 800050 1000050 0 0 0 0 
DA_A          
1.001151 1.001502 1.001252 1.001653 0.981451 1.022547 1.001753 1.001753 1.001352 1.001252 0.000000 0.000000 0.000000 0.000000 
DA_B          
3864.444092 4146.219238 3994.993652 4156.858887 39.258022 40.901886 4107.187500 4107.187500 4345.866699 4425.531738 0.000000 0.000000 0.000000 0.000000 
AD_A          
0.997434 0.996791 0.997428 0.996845 0.995856 0.997059 0.997537 0.995865 0.997373 0.997060 0.000000 0.000000 0.000000 0.000000 
AD_B
-5848.882812 -6362.842773 -5980.867188 -6213.468750 -6409.494141 -6417.187012 -6514.039062 -5840.771973 -6750.651367 -6498.870117 0.000000 0.000000 0.000000 0.000000 
AD_Ratio      
1.000000 1.000000

ch03
setPointNum   
11 
setPoint      
-1000000 -800000 -600000 -400000 -200000 0 200000 400000 600000 800000 1000000 0 0 0 0 
checkPointNum 
11 
checkPoint    
-1000000 -800000 -600000 -400000 -200000 0 200000 400000 600000 800000 1000000 0 0 0 0 
set_ad        
-990108 -790726 -591364 -392125 -192622 6375 206014 405359 604713 804183 1003587 0 0 0 0 
set_meter     
-993370 -794580 -595820 -397110 -198340 0 199030 397780 596560 795290 994010 0 0 0 0 
check_ad      
-999906 -800097 -599991 -399957 -200027 33 199947 400016 600026 800009 999936 0 0 0 0 
check_meter   
-999860 -799940 -599950 -399940 -200010 -20 200070 400050 600040 799940 999940 0 0 0 0 
DA_A          
1.006087 1.006239 1.006492 1.006188 1.008369 1.004874 1.006289 1.006137 1.006391 1.006441 0.000000 0.000000 0.000000 0.000000 
DA_B          
-583.530334 -462.869781 -312.012482 -432.660858 -0.000000 0.000000 -281.761017 -221.350235 -372.364502 -412.640900 0.000000 0.000000 0.000000 0.000000 
AD_A          
0.997031 0.996980 0.997345 0.996326 0.996698 0.996949 0.997015 0.997121 0.996290 0.996570 0.000000 0.000000 0.000000 0.000000 
AD_B
-6201.803711 -6241.702148 -6026.132324 -6425.718262 -6353.952637 -6355.553223 -6369.094727 -6411.849609 -5909.616699 -6134.473633 0.000000 0.000000 0.000000 0.000000 
AD_Ratio      
1.000000 1.000000

ch04
setPointNum   
11 
setPoint      
-1000000 -800000 -600000 -400000 -200000 0 200000 400000 600000 800000 1000000 0 0 0 0 
checkPointNum 
11 
checkPoint    
-1000000 -800000 -600000 -400000 -200000 0 200000 400000 600000 800000 1000000 0 0 0 0 
set_ad        
-998059 -798185 -598171 -398250 -198290 6414 201841 401855 601857 801876 1001963 0 0 0 0 
set_meter     
-1001640 -802190 -602790 -403420 -204030 -60 194820 394240 593600 793030 992490 0 0 0 0 
check_ad      
-1000024 -800071 -600039 -399927 -199791 26 200094 400067 599992 799962 1000021 0 0 0 0 
check_meter   
-1000000 -800020 -600030 -400000 -199990 0 200050 400040 600060 800050 1000000 0 0 0 0 
DA_A          
1.002758 1.003009 1.003160 1.003059 0.980536 1.026273 1.002908 1.003210 1.002858 1.002707 0.000000 0.000000 0.000000 0.000000 
DA_B          
4402.105957 4603.811523 4694.788574 4654.195312 58.832180 61.576355 4613.378906 4494.381836 4703.404785 4823.021973 0.000000 0.000000 0.000000 0.000000 
AD_A          
0.997879 0.996930 0.997244 0.997149 0.996414 0.997201 0.997030 0.996790 0.997055 0.996866 0.000000 0.000000 0.000000 0.000000 
AD_B
-5698.218750 -6455.256348 -6267.612305 -6305.239746 -6451.001465 -6456.047363 -6421.574219 -6325.058105 -6484.699707 -6333.211914 0.000000 0.000000 0.000000 0.000000 
AD_Ratio      
1.000000 1.000000

ch05
setPointNum   
11 
setPoint      
-1000000 -800000 -600000 -400000 -200000 0 200000 400000 600000 800000 1000000 0 0 0 0 
checkPointNum 
11 
checkPoint    
-1000000 -800000 -600000 -400000 -200000 0 200000 400000 600000 800000 1000000 0 0 0 0 
set_ad        
-1001772 -801473 -601090 -400920 -200510 6521 200101 400394 600736 801200 1001569 0 0 0 0 
set_meter     
-1004920 -805230 -605620 -405950 -206260 0 192980 392670 592320 791960 991700 0 0 0 0 
check_ad      
-999940 -800021 -600111 -399898 -200202 -50 199910 400044 600039 799982 999811 0 0 0 0 
check_meter   
-1000030 -800010 -600010 -399980 -200250 -30 200030 400050 600090 800000 1000010 0 0 0 0 
DA_A          
1.001552 1.001954 1.001653 1.001552 0.969650 1.036377 1.001552 1.001753 1.001803 1.001302 0.000000 0.000000 0.000000 0.000000 
DA_B          
6480.043945 6803.266602 6620.924316 6580.199219 0.000000 0.000000 6720.416504 6641.623047 6611.901367 7009.111816 0.000000 0.000000 0.000000 0.000000 
AD_A          
0.996960 0.996142 0.997502 0.996407 0.996276 0.996900 0.996989 0.996546 0.995890 0.996861 0.000000 0.000000 0.000000 0.000000 
AD_B
-6193.842285 -6848.772461 -6031.448730 -6470.359375 -6496.715332 -6500.788086 -6518.578125 -6341.001465 -5946.696289 -6724.866211 0.000000 0.000000 0.000000 0.000000 
AD_Ratio      
1.000000 1.000000

ch06
setPointNum   
11 
setPoint      
-1000000 -800000 -600000 -400000 -200000 0 200000 400000 600000 800000 1000000 0 0 0 0 
checkPointNum 
11 
checkPoint    
-1000000 -800000 -600000 -400000 -200000 0 200000 400000 600000 800000 1000000 0 0 0 0 
set_ad        
-996702 -796741 -596665 -396714 -196682 6421 203272 403432 603431 803480 1003478 0 0 0 0 
set_meter     
-1000010 -800490 -601210 -401800 -202410 -20 196350 395690 595080 794460 993820 0 0 0 0 
check_ad      
-999976 -799909 -599938 -399967 -199935 6 200075 400037 600044 800053 1000047 0 0 0 0 
check_meter   
-1000030 -800090 -599950 -399930 -200020 0 200130 400050 599920 800020 1000080 0 0 0 0 
DA_A          
1.002406 1.003613 1.002959 1.003059 0.988191 1.018486 1.003311 1.003059 1.003110 1.003210 0.000000 0.000000 0.000000 0.000000 
DA_B          
2415.797852 3382.175781 2988.816895 3029.239258 19.763823 20.369711 2999.899658 3099.453369 3069.515381 2989.566650 0.000000 0.000000 0.000000 0.000000 
AD_A          
0.997795 0.996022 0.997294 0.996791 0.996489 0.997557 0.995903 0.996955 0.996656 0.996810 0.000000 0.000000 0.000000 0.000000 
AD_B
-5506.156738 -6918.824707 -6159.374512 -6359.248047 -6418.458984 -6425.310547 -6089.250977 -6513.543457 -6333.017578 -6456.873047 0.000000 0.000000 0.000000 0.000000 
AD_Ratio      
1.000000 1.000000

ch07
setPointNum   
11 
setPoint      
-1000000 -800000 -600000 -400000 -200000 0 200000 400000 600000 800000 1000000 0 0 0 0 
checkPointNum 
11 
checkPoint    
-1000000 -800000 -600000 -400000 -200000 0 200000 400000 600000 800000 1000000 0 0 0 0 
set_ad        
-996095 -796520 -596715 -397047 -197198 6440 202256 402000 601752 801649 1001420 0 0 0 0 
set_meter     
-999540 -800430 -601310 -402180 -203140 0 195190 394320 593380 792600 991720 0 0 0 0 
check_ad      
-1000035 -799953 -600016 -399939 -200084 24 200002 400023 599990 799928 999933 0 0 0 0 
check_meter   
-1000050 -799990 -599950 -399960 -199980 -20 199940 400050 600080 799910 999980 0 0 0 0 
DA_A          
1.004470 1.004419 1.004369 1.004823 0.984543 1.024643 1.004369 1.004722 1.003915 1.004419 0.000000 0.000000 0.000000 0.000000 
DA_B          
4007.834961 3967.456787 3937.126465 4119.774902 0.000000 0.000000 3957.213867 3817.944336 4296.757324 3897.147461 0.000000 0.000000 0.000000 0.000000 
AD_A          
0.997670 0.996572 0.997306 0.995952 0.997554 0.996803 0.996926 0.996536 0.996613 0.996741 0.000000 0.000000 0.000000 0.000000 
AD_B
-5765.852539 -6640.743652 -6202.832520 -6740.268555 -6424.250977 -6419.412109 -6444.278320 -6287.353027 -6334.020020 -6436.641113 0.000000 0.000000 0.000000 0.000000 
AD_Ratio      
1.000000 1.000000

ch08
setPointNum   
11 
setPoint      
-1000000 -800000 -600000 -400000 -200000 0 200000 400000 600000 800000 1000000 0 0 0 0 
checkPointNum 
11 
checkPoint    
-1000000 -800000 -600000 -400000 -200000 0 200000 400000 600000 800000 1000000 0 0 0 0 
set_ad        
-993177 -793402 -593566 -393899 -194070 6481 205435 405430 605194 805033 1004838 0 0 0 0 
set_meter     
-996730 -797600 -598330 -399090 -199840 -50 198430 397620 596780 796040 995290 0 0 0 0 
check_ad      
-1000056 -800034 -600089 -400034 -200065 -144 200042 399895 600049 800003 1000000 0 0 0 0 
check_meter   
-1000060 -799940 -599970 -400050 -200070 -70 200000 400000 600120 799990 999970 0 0 0 0 
DA_A          
1.004369 1.003663 1.003814 1.003764 1.001051 1.007658 1.004066 1.004218 1.003714 1.003764 0.000000 0.000000 0.000000 0.000000 
DA_B          
1084.718506 521.904968 612.326843 592.220825 50.052555 50.382912 763.090515 702.952393 1003.713745 963.613525 0.000000 0.000000 0.000000 0.000000 
AD_A          
0.996771 0.997168 0.997861 0.997102 0.996205 0.997618 0.995975 0.996976 0.997103 0.997222 0.000000 0.000000 0.000000 0.000000 
AD_B
-6759.603027 -6445.170410 -6033.376953 -6332.313477 -6506.407715 -6515.559082 -6178.103516 -6584.154785 -6660.551758 -6756.853027 0.000000 0.000000 0.000000 0.000000 
AD_Ratio      
1.000000 1.000000

ch09
setPointNum   
11 
setPoint      
-1000000 -800000 -600000 -400000 -200000 0 200000 400000 600000 800000 1000000 0 0 0 0 
checkPointNum 
11 
checkPoint    
-1000000 -800000 -600000 -400000 -200000 0 200000 400000 600000 800000 1000000 0 0 0 0 
set_ad        
-998475 -798520 -598449 -398368 -198320 6711 201785 401876 601907 802052 1002002 0 0 0 0 
set_meter     
-1002780 -803210 -603670 -404050 -204480 -20 194640 394190 593740 793340 992880 0 0 0 0 
check_ad      
-1000044 -799860 -599915 -399974 -200220 0 199849 399877 599899 799916 999996 0 0 0 0 
check_meter   
-999980 -799990 -599950 -400040 -200100 10 199960 399970 600040 800030 1000130 0 0 0 0 
DA_A          
1.002155 1.002305 1.001904 1.002155 0.978186 1.027432 1.002255 1.002255 1.002004 1.002305 0.000000 0.000000 0.000000 0.000000 
DA_B          
4940.622559 5061.641602 4819.156250 4920.579102 19.563728 20.548649 4921.072266 4921.072266 5070.140137 4831.111328 0.000000 0.000000 0.000000 0.000000 
AD_A          
0.998075 0.997346 0.997696 0.997611 0.997215 0.997878 0.997296 0.997595 0.997277 0.997949 0.000000 0.000000 0.000000 0.000000 
AD_B
-6227.497070 -6809.318359 -6599.866699 -6633.871094 -6712.310059 -6716.757324 -6599.419922 -6719.638184 -6527.991699 -7067.382324 0.000000 0.000000 0.000000 0.000000 
AD_Ratio      
1.000000 1.000000

ch10
setPointNum   
11 
setPoint      
-1000000 -800000 -600000 -400000 -200000 0 200000 400000 600000 800000 1000000 0 0 0 0 
checkPointNum 
11 
checkPoint    
-1000000 -800000 -600000 -400000 -200000 0 200000 400000 600000 800000 1000000 0 0 0 0 
set_ad        
-997685 -797993 -598125 -398367 -198526 6658 201159 401119 600801 800712 1000658 0 0 0 0 
set_meter     
-1001600 -802360 -603060 -403800 -204480 0 193950 393220 592480 791750 991010 0 0 0 0 
check_ad      
-1000157 -800108 -600124 -399999 -200093 10 199957 399867 600068 800047 999948 0 0 0 0 
check_meter   
-1000060 -799990 -600030 -400040 -200180 10 199970 399930 600020 800060 1000000 0 0 0 0 
DA_A          
1.003814 1.003512 1.003714 1.003412 0.978091 1.031194 1.003663 1.003714 1.003663 1.003714 0.000000 0.000000 0.000000 0.000000 
DA_B          
5420.598145 5178.123535 5299.608398 5177.604004 0.000000 0.000000 5339.489258 5319.682617 5349.525879 5309.645508 0.000000 0.000000 0.000000 0.000000 
AD_A          
0.997737 0.997158 0.997507 0.997393 0.996569 0.997167 0.996549 0.997887 0.996794 0.996569 0.000000 0.000000 0.000000 0.000000 
AD_B
-6173.245605 -6634.796875 -6426.135742 -6471.571777 -6635.155762 -6639.138672 -6514.862793 -7051.291016 -6394.575684 -6214.815918 0.000000 0.000000 0.000000 0.000000 
AD_Ratio      
1.000000 1.000000

ch11
setPointNum   
11 
setPoint      
-1000000 -800000 -600000 -400000 -200000 0 200000 400000 600000 800000 1000000 0 0 0 0 
checkPointNum 
11 
checkPoint    
-1000000 -800000 -600000 -400000 -200000 0 200000 400000 600000 800000 1000000 0 0 0 0 
set_ad        
-1000144 -799934 -599590 -399386 -199061 6557 201518 401904 602165 802502 1002868 0 0 0 0 
set_meter     
-1003790 -804100 -604350 -404710 -205020 -60 194290 393980 593600 793310 993050 0 0 0 0 
check_ad      
-999990 -800015 -600050 -399984 -200202 -113 199959 399956 599922 799969 999846 0 0 0 0 
check_meter   
-999970 -799970 -600040 -400030 -200080 -60 200000 399960 600010 799990 999980 0 0 0 0 
DA_A          
1.001552 1.001252 1.001803 1.001552 0.975800 1.029071 1.001552 1.001904 1.001452 1.001302 0.000000 0.000000 0.000000 0.000000 
DA_B          
5348.290039 5106.382812 5439.791504 5338.274414 58.548008 61.744274 5408.382812 5270.013184 5538.030273 5657.354492 0.000000 0.000000 0.000000 0.000000 
AD_A          
0.997403 0.997035 0.997183 0.996830 0.996800 0.996866 0.996527 0.996799 0.996870 0.996876 0.000000 0.000000 0.000000 0.000000 
AD_B
-6243.646973 -6537.724609 -6449.121094 -6589.993164 -6596.017090 -6596.450684 -6528.068359 -6637.576660 -6680.388184 -6684.756836 0.000000 0.000000 0.000000 0.000000 
AD_Ratio      
1.000000 1.000000

ch12
setPointNum   
11 
setPoint      
-1000000 -800000 -600000 -400000 -200000 0 200000 400000 600000 800000 1000000 0 0 0 0 
checkPointNum 
11 
checkPoint    
-1000000 -800000 -600000 -400000 -200000 0 200000 400000 600000 800000 1000000 0 0 0 0 
set_ad        
-996059 -796235 -596412 -396765 -196904 6625 202756 402576 602421 802218 1001948 0 0 0 0 
set_meter     
-999740 -800500 -601270 -402110 -202860 -50 195420 394670 593830 793050 992280 0 0 0 0 
check_ad      
-999877 -800035 -600126 -399985 -200188 40 199915 399930 599873 800009 1000154 0 0 0 0 
check_meter   
-999950 -799990 -600070 -400010 -200060 0 199970 399960 599960 799940 999960 0 0 0 0 
DA_A          
1.003814 1.003865 1.004218 1.003764 0.986145 1.023175 1.003764 1.004218 1.003915 1.003865 0.000000 0.000000 0.000000 0.000000 
DA_B          
3553.503418 3593.836182 3805.985107 3623.588379 49.307232 51.158745 3844.416504 3665.394775 3844.995361 3884.957031 0.000000 0.000000 0.000000 0.000000 
AD_A          
0.997077 0.997032 0.997561 0.996943 0.996467 0.996630 0.997147 0.996572 0.997112 0.997497 0.000000 0.000000 0.000000 0.000000 
AD_B
-6592.054199 -6627.927734 -6312.831055 -6557.959961 -6651.596191 -6652.672363 -6757.625000 -6526.107910 -6851.249512 -7159.743652 0.000000 0.000000 0.000000 0.000000 
AD_Ratio      
1.000000 1.000000

ch13
setPointNum   
11 
setPoint      
-1000000 -800000 -600000 -400000 -200000 0 200000 400000 600000 800000 1000000 0 0 0 0 
checkPointNum 
11 
checkPoint    
-1000000 -800000 -600000 -400000 -200000 0 200000 400000 600000 800000 1000000 0 0 0 0 
set_ad        
-993458 -793681 -593882 -394113 -194352 6680 205202 405046 604814 804577 1004634 0 0 0 0 
set_meter     
-996920 -797760 -598550 -399440 -200260 -40 198000 397190 596350 795540 994700 0 0 0 0 
check_ad      
-999870 -800000 -599978 -400070 -199937 -214 200006 400046 600012 800054 999905 0 0 0 0 
check_meter   
-999990 -799970 -600000 -400020 -200000 -10 200100 400050 600010 799940 999980 0 0 0 0 
DA_A          
1.004218 1.003966 1.004470 1.004117 0.998901 1.009897 1.004066 1.004218 1.004066 1.004218 0.000000 0.000000 0.000000 0.000000 
DA_B          
1124.723877 923.648438 1225.453247 1084.446289 39.956047 40.395878 1194.839111 1134.765991 1224.961060 1104.639526 0.000000 0.000000 0.000000 0.000000 
AD_A          
0.996912 0.997052 0.996701 0.997092 0.995961 0.997572 0.996727 0.996956 0.997132 0.995516 0.000000 0.000000 0.000000 0.000000 
AD_B
-6530.239258 -6418.742188 -6627.104004 -6473.268066 -6693.018555 -6703.781250 -6530.465820 -6623.229980 -6729.151855 -5429.500488 0.000000 0.000000 0.000000 0.000000 
AD_Ratio      
1.000000 1.000000

ch14
setPointNum   
11 
setPoint      
-1000000 -800000 -600000 -400000 -200000 0 200000 400000 600000 800000 1000000 0 0 0 0 
checkPointNum 
11 
checkPoint    
-1000000 -800000 -600000 -400000 -200000 0 200000 400000 600000 800000 1000000 0 0 0 0 
set_ad        
-990533 -791283 -591974 -392724 -193454 6595 205212 404703 603983 803407 1002823 0 0 0 0 
set_meter     
-993940 -795240 -596610 -397940 -199270 -30 198040 396740 595300 794010 992710 0 0 0 0 
check_ad      
-999987 -799944 -599971 -399906 -199826 -56 200032 399949 600009 800048 999882 0 0 0 0 
check_meter   
-999900 -799970 -599970 -400010 -200010 -50 200010 399960 600050 799990 999970 0 0 0 0 
DA_A          
1.006543 1.006897 1.006695 1.006695 1.003814 1.009744 1.006543 1.007252 1.006492 1.006543 0.000000 0.000000 0.000000 0.000000 
DA_B          
442.878723 724.966003 604.016724 604.016724 30.114435 30.292320 664.318054 382.755829 835.388245 795.168579 0.000000 0.000000 0.000000 0.000000 
AD_A          
0.997240 0.996593 0.997089 0.996989 0.995956 0.997246 0.996035 0.996387 0.996420 0.996410 0.000000 0.000000 0.000000 0.000000 
AD_B
-6141.219238 -6652.719727 -6359.186523 -6398.488281 -6598.329590 -6606.836914 -6358.315918 -6500.805176 -6520.552734 -6512.379883 0.000000 0.000000 0.000000 0.000000 
AD_Ratio      
1.000000 1.000000

ch15
setPointNum   
11 
setPoint      
-1000000 -800000 -600000 -400000 -200000 0 200000 400000 600000 800000 1000000 0 0 0 0 
checkPointNum 
11 
checkPoint    
-1000000 -800000 -600000 -400000 -200000 0 200000 400000 600000 800000 1000000 0 0 0 0 
set_ad        
-998944 -798033 -597216 -396343 -195594 6646 206205 407105 608123 808969 1009863 0 0 0 0 
set_meter     
-1002980 -802470 -602210 -401850 -201580 -60 199060 399450 599710 800070 1000450 0 0 0 0 
check_ad      
-999932 -800058 -600008 -399963 -199866 -63 199999 399985 599975 800099 1000013 0 0 0 0 
check_meter   
-999990 -800120 -600050 -400070 -199960 -20 200000 399960 600050 800020 999990 0 0 0 0 
DA_A          
0.997456 0.998702 0.998203 0.998652 0.992457 1.004419 0.998054 0.998702 0.998203 0.998104 0.000000 0.000000 0.000000 0.000000 
DA_B          
428.906281 1428.143433 1127.969604 1308.233887 59.547440 60.265167 1327.411499 1068.610840 1367.538452 1447.250244 0.000000 0.000000 0.000000 0.000000 
AD_A          
0.998004 0.997226 0.997446 0.997614 0.996440 0.997800 0.997461 0.996229 0.997580 0.997441 0.000000 0.000000 0.000000 0.000000 
AD_B
-6029.800781 -6650.479980 -6519.201660 -6452.699707 -6682.339355 -6691.379883 -6621.532715 -6119.885742 -6941.485840 -6829.201660 0.000000 0.000000 0.000000 0.000000 
AD_Ratio      
1.000000 1.000000

ch16
setPointNum   
11 
setPoint      
-1000000 -800000 -600000 -400000 -200000 0 200000 400000 600000 800000 1000000 0 0 0 0 
checkPointNum 
11 
checkPoint    
-1000000 -800000 -600000 -400000 -200000 0 200000 400000 600000 800000 1000000 0 0 0 0 
set_ad        
-995456 -795293 -595374 -395207 -195224 6553 205136 405329 605477 805667 1005887 0 0 0 0 
set_meter     
-999010 -799550 -599970 -400580 -201070 -50 197880 397380 596890 796350 995880 0 0 0 0 
check_ad      
-1000041 -800131 -599893 -399943 -199875 94 199993 400032 600013 799987 1000044 0 0 0 0 
check_meter   
-999970 -799960 -600070 -399900 -200000 0 199970 399990 599970 799980 1000010 0 0 0 0 
DA_A          
1.002707 1.002104 1.003059 1.002456 0.994926 1.010458 1.002506 1.002456 1.002707 1.002356 0.000000 0.000000 0.000000 0.000000 
DA_B          
1714.629517 1232.588379 1805.506836 1563.831421 49.746292 50.522911 1624.060181 1644.027832 1494.033936 1774.169312 0.000000 0.000000 0.000000 0.000000 
AD_A          
0.996488 0.998304 0.996118 0.997635 0.996248 0.996712 0.996538 0.996812 0.996353 0.996554 0.000000 0.000000 0.000000 0.000000 
AD_B
-7050.178223 -5605.567871 -6907.098145 -6307.744141 -6578.415527 -6581.451660 -6545.889160 -6656.956543 -6379.106445 -6540.502930 0.000000 0.000000 0.000000 0.000000 
AD_Ratio      
1.000000 1.000000

range3
ch01
setPointNum   
0 
setPoint      
0 0 0 0 0 0 0 0 0 0 0 0 0 0 0 
checkPointNum 
0 
checkPoint    
0 0 0 0 0 0 0 0 0 0 0 0 0 0 0 
set_ad        
0 0 0 0 0 0 0 0 0 0 0 0 0 0 0 
set_meter     
0 0 0 0 0 0 0 0 0 0 0 0 0 0 0 
check_ad      
0 0 0 0 0 0 0 0 0 0 0 0 0 0 0 
check_meter   
0 0 0 0 0 0 0 0 0 0 0 0 0 0 0 
DA_A          
1.000000 1.000000 1.000000 1.000000 1.000000 1.000000 1.000000 1.000000 1.000000 1.000000 1.000000 1.000000 1.000000 1.000000 
DA_B          
0.000000 0.000000 0.000000 0.000000 0.000000 0.000000 0.000000 0.000000 0.000000 0.000000 0.000000 0.000000 0.000000 0.000000 
AD_A          
1.000000 1.000000 1.000000 1.000000 1.000000 1.000000 1.000000 1.000000 1.000000 1.000000 1.000000 1.000000 1.000000 1.000000 
AD_B
0.000000 0.000000 0.000000 0.000000 0.000000 0.000000 0.000000 0.000000 0.000000 0.000000 0.000000 0.000000 0.000000 0.000000 
AD_Ratio      
1.000000 1.000000

ch02
setPointNum   
0 
setPoint      
0 0 0 0 0 0 0 0 0 0 0 0 0 0 0 
checkPointNum 
0 
checkPoint    
0 0 0 0 0 0 0 0 0 0 0 0 0 0 0 
set_ad        
0 0 0 0 0 0 0 0 0 0 0 0 0 0 0 
set_meter     
0 0 0 0 0 0 0 0 0 0 0 0 0 0 0 
check_ad      
0 0 0 0 0 0 0 0 0 0 0 0 0 0 0 
check_meter   
0 0 0 0 0 0 0 0 0 0 0 0 0 0 0 
DA_A          
1.000000 1.000000 1.000000 1.000000 1.000000 1.000000 1.000000 1.000000 1.000000 1.000000 1.000000 1.000000 1.000000 1.000000 
DA_B          
0.000000 0.000000 0.000000 0.000000 0.000000 0.000000 0.000000 0.000000 0.000000 0.000000 0.000000 0.000000 0.000000 0.000000 
AD_A          
1.000000 1.000000 1.000000 1.000000 1.000000 1.000000 1.000000 1.000000 1.000000 1.000000 1.000000 1.000000 1.000000 1.000000 
AD_B
0.000000 0.000000 0.000000 0.000000 0.000000 0.000000 0.000000 0.000000 0.000000 0.000000 0.000000 0.000000 0.000000 0.000000 
AD_Ratio      
1.000000 1.000000

ch03
setPointNum   
0 
setPoint      
0 0 0 0 0 0 0 0 0 0 0 0 0 0 0 
checkPointNum 
0 
checkPoint    
0 0 0 0 0 0 0 0 0 0 0 0 0 0 0 
set_ad        
0 0 0 0 0 0 0 0 0 0 0 0 0 0 0 
set_meter     
0 0 0 0 0 0 0 0 0 0 0 0 0 0 0 
check_ad      
0 0 0 0 0 0 0 0 0 0 0 0 0 0 0 
check_meter   
0 0 0 0 0 0 0 0 0 0 0 0 0 0 0 
DA_A          
1.000000 1.000000 1.000000 1.000000 1.000000 1.000000 1.000000 1.000000 1.000000 1.000000 1.000000 1.000000 1.000000 1.000000 
DA_B          
0.000000 0.000000 0.000000 0.000000 0.000000 0.000000 0.000000 0.000000 0.000000 0.000000 0.000000 0.000000 0.000000 0.000000 
AD_A          
1.000000 1.000000 1.000000 1.000000 1.000000 1.000000 1.000000 1.000000 1.000000 1.000000 1.000000 1.000000 1.000000 1.000000 
AD_B
0.000000 0.000000 0.000000 0.000000 0.000000 0.000000 0.000000 0.000000 0.000000 0.000000 0.000000 0.000000 0.000000 0.000000 
AD_Ratio      
1.000000 1.000000

ch04
setPointNum   
0 
setPoint      
0 0 0 0 0 0 0 0 0 0 0 0 0 0 0 
checkPointNum 
0 
checkPoint    
0 0 0 0 0 0 0 0 0 0 0 0 0 0 0 
set_ad        
0 0 0 0 0 0 0 0 0 0 0 0 0 0 0 
set_meter     
0 0 0 0 0 0 0 0 0 0 0 0 0 0 0 
check_ad      
0 0 0 0 0 0 0 0 0 0 0 0 0 0 0 
check_meter   
0 0 0 0 0 0 0 0 0 0 0 0 0 0 0 
DA_A          
1.000000 1.000000 1.000000 1.000000 1.000000 1.000000 1.000000 1.000000 1.000000 1.000000 1.000000 1.000000 1.000000 1.000000 
DA_B          
0.000000 0.000000 0.000000 0.000000 0.000000 0.000000 0.000000 0.000000 0.000000 0.000000 0.000000 0.000000 0.000000 0.000000 
AD_A          
1.000000 1.000000 1.000000 1.000000 1.000000 1.000000 1.000000 1.000000 1.000000 1.000000 1.000000 1.000000 1.000000 1.000000 
AD_B
0.000000 0.000000 0.000000 0.000000 0.000000 0.000000 0.000000 0.000000 0.000000 0.000000 0.000000 0.000000 0.000000 0.000000 
AD_Ratio      
1.000000 1.000000

ch05
setPointNum   
0 
setPoint      
0 0 0 0 0 0 0 0 0 0 0 0 0 0 0 
checkPointNum 
0 
checkPoint    
0 0 0 0 0 0 0 0 0 0 0 0 0 0 0 
set_ad        
0 0 0 0 0 0 0 0 0 0 0 0 0 0 0 
set_meter     
0 0 0 0 0 0 0 0 0 0 0 0 0 0 0 
check_ad      
0 0 0 0 0 0 0 0 0 0 0 0 0 0 0 
check_meter   
0 0 0 0 0 0 0 0 0 0 0 0 0 0 0 
DA_A          
1.000000 1.000000 1.000000 1.000000 1.000000 1.000000 1.000000 1.000000 1.000000 1.000000 1.000000 1.000000 1.000000 1.000000 
DA_B          
0.000000 0.000000 0.000000 0.000000 0.000000 0.000000 0.000000 0.000000 0.000000 0.000000 0.000000 0.000000 0.000000 0.000000 
AD_A          
1.000000 1.000000 1.000000 1.000000 1.000000 1.000000 1.000000 1.000000 1.000000 1.000000 1.000000 1.000000 1.000000 1.000000 
AD_B
0.000000 0.000000 0.000000 0.000000 0.000000 0.000000 0.000000 0.000000 0.000000 0.000000 0.000000 0.000000 0.000000 0.000000 
AD_Ratio      
1.000000 1.000000

ch06
setPointNum   
0 
setPoint      
0 0 0 0 0 0 0 0 0 0 0 0 0 0 0 
checkPointNum 
0 
checkPoint    
0 0 0 0 0 0 0 0 0 0 0 0 0 0 0 
set_ad        
0 0 0 0 0 0 0 0 0 0 0 0 0 0 0 
set_meter     
0 0 0 0 0 0 0 0 0 0 0 0 0 0 0 
check_ad      
0 0 0 0 0 0 0 0 0 0 0 0 0 0 0 
check_meter   
0 0 0 0 0 0 0 0 0 0 0 0 0 0 0 
DA_A          
1.000000 1.000000 1.000000 1.000000 1.000000 1.000000 1.000000 1.000000 1.000000 1.000000 1.000000 1.000000 1.000000 1.000000 
DA_B          
0.000000 0.000000 0.000000 0.000000 0.000000 0.000000 0.000000 0.000000 0.000000 0.000000 0.000000 0.000000 0.000000 0.000000 
AD_A          
1.000000 1.000000 1.000000 1.000000 1.000000 1.000000 1.000000 1.000000 1.000000 1.000000 1.000000 1.000000 1.000000 1.000000 
AD_B
0.000000 0.000000 0.000000 0.000000 0.000000 0.000000 0.000000 0.000000 0.000000 0.000000 0.000000 0.000000 0.000000 0.000000 
AD_Ratio      
1.000000 1.000000

ch07
setPointNum   
0 
setPoint      
0 0 0 0 0 0 0 0 0 0 0 0 0 0 0 
checkPointNum 
0 
checkPoint    
0 0 0 0 0 0 0 0 0 0 0 0 0 0 0 
set_ad        
0 0 0 0 0 0 0 0 0 0 0 0 0 0 0 
set_meter     
0 0 0 0 0 0 0 0 0 0 0 0 0 0 0 
check_ad      
0 0 0 0 0 0 0 0 0 0 0 0 0 0 0 
check_meter   
0 0 0 0 0 0 0 0 0 0 0 0 0 0 0 
DA_A          
1.000000 1.000000 1.000000 1.000000 1.000000 1.000000 1.000000 1.000000 1.000000 1.000000 1.000000 1.000000 1.000000 1.000000 
DA_B          
0.000000 0.000000 0.000000 0.000000 0.000000 0.000000 0.000000 0.000000 0.000000 0.000000 0.000000 0.000000 0.000000 0.000000 
AD_A          
1.000000 1.000000 1.000000 1.000000 1.000000 1.000000 1.000000 1.000000 1.000000 1.000000 1.000000 1.000000 1.000000 1.000000 
AD_B
0.000000 0.000000 0.000000 0.000000 0.000000 0.000000 0.000000 0.000000 0.000000 0.000000 0.000000 0.000000 0.000000 0.000000 
AD_Ratio      
1.000000 1.000000

ch08
setPointNum   
0 
setPoint      
0 0 0 0 0 0 0 0 0 0 0 0 0 0 0 
checkPointNum 
0 
checkPoint    
0 0 0 0 0 0 0 0 0 0 0 0 0 0 0 
set_ad        
0 0 0 0 0 0 0 0 0 0 0 0 0 0 0 
set_meter     
0 0 0 0 0 0 0 0 0 0 0 0 0 0 0 
check_ad      
0 0 0 0 0 0 0 0 0 0 0 0 0 0 0 
check_meter   
0 0 0 0 0 0 0 0 0 0 0 0 0 0 0 
DA_A          
1.000000 1.000000 1.000000 1.000000 1.000000 1.000000 1.000000 1.000000 1.000000 1.000000 1.000000 1.000000 1.000000 1.000000 
DA_B          
0.000000 0.000000 0.000000 0.000000 0.000000 0.000000 0.000000 0.000000 0.000000 0.000000 0.000000 0.000000 0.000000 0.000000 
AD_A          
1.000000 1.000000 1.000000 1.000000 1.000000 1.000000 1.000000 1.000000 1.000000 1.000000 1.000000 1.000000 1.000000 1.000000 
AD_B
0.000000 0.000000 0.000000 0.000000 0.000000 0.000000 0.000000 0.000000 0.000000 0.000000 0.000000 0.000000 0.000000 0.000000 
AD_Ratio      
1.000000 1.000000

ch09
setPointNum   
0 
setPoint      
0 0 0 0 0 0 0 0 0 0 0 0 0 0 0 
checkPointNum 
0 
checkPoint    
0 0 0 0 0 0 0 0 0 0 0 0 0 0 0 
set_ad        
0 0 0 0 0 0 0 0 0 0 0 0 0 0 0 
set_meter     
0 0 0 0 0 0 0 0 0 0 0 0 0 0 0 
check_ad      
0 0 0 0 0 0 0 0 0 0 0 0 0 0 0 
check_meter   
0 0 0 0 0 0 0 0 0 0 0 0 0 0 0 
DA_A          
1.000000 1.000000 1.000000 1.000000 1.000000 1.000000 1.000000 1.000000 1.000000 1.000000 1.000000 1.000000 1.000000 1.000000 
DA_B          
0.000000 0.000000 0.000000 0.000000 0.000000 0.000000 0.000000 0.000000 0.000000 0.000000 0.000000 0.000000 0.000000 0.000000 
AD_A          
1.000000 1.000000 1.000000 1.000000 1.000000 1.000000 1.000000 1.000000 1.000000 1.000000 1.000000 1.000000 1.000000 1.000000 
AD_B
0.000000 0.000000 0.000000 0.000000 0.000000 0.000000 0.000000 0.000000 0.000000 0.000000 0.000000 0.000000 0.000000 0.000000 
AD_Ratio      
1.000000 1.000000

ch10
setPointNum   
0 
setPoint      
0 0 0 0 0 0 0 0 0 0 0 0 0 0 0 
checkPointNum 
0 
checkPoint    
0 0 0 0 0 0 0 0 0 0 0 0 0 0 0 
set_ad        
0 0 0 0 0 0 0 0 0 0 0 0 0 0 0 
set_meter     
0 0 0 0 0 0 0 0 0 0 0 0 0 0 0 
check_ad      
0 0 0 0 0 0 0 0 0 0 0 0 0 0 0 
check_meter   
0 0 0 0 0 0 0 0 0 0 0 0 0 0 0 
DA_A          
1.000000 1.000000 1.000000 1.000000 1.000000 1.000000 1.000000 1.000000 1.000000 1.000000 1.000000 1.000000 1.000000 1.000000 
DA_B          
0.000000 0.000000 0.000000 0.000000 0.000000 0.000000 0.000000 0.000000 0.000000 0.000000 0.000000 0.000000 0.000000 0.000000 
AD_A          
1.000000 1.000000 1.000000 1.000000 1.000000 1.000000 1.000000 1.000000 1.000000 1.000000 1.000000 1.000000 1.000000 1.000000 
AD_B
0.000000 0.000000 0.000000 0.000000 0.000000 0.000000 0.000000 0.000000 0.000000 0.000000 0.000000 0.000000 0.000000 0.000000 
AD_Ratio      
1.000000 1.000000

ch11
setPointNum   
0 
setPoint      
0 0 0 0 0 0 0 0 0 0 0 0 0 0 0 
checkPointNum 
0 
checkPoint    
0 0 0 0 0 0 0 0 0 0 0 0 0 0 0 
set_ad        
0 0 0 0 0 0 0 0 0 0 0 0 0 0 0 
set_meter     
0 0 0 0 0 0 0 0 0 0 0 0 0 0 0 
check_ad      
0 0 0 0 0 0 0 0 0 0 0 0 0 0 0 
check_meter   
0 0 0 0 0 0 0 0 0 0 0 0 0 0 0 
DA_A          
1.000000 1.000000 1.000000 1.000000 1.000000 1.000000 1.000000 1.000000 1.000000 1.000000 1.000000 1.000000 1.000000 1.000000 
DA_B          
0.000000 0.000000 0.000000 0.000000 0.000000 0.000000 0.000000 0.000000 0.000000 0.000000 0.000000 0.000000 0.000000 0.000000 
AD_A          
1.000000 1.000000 1.000000 1.000000 1.000000 1.000000 1.000000 1.000000 1.000000 1.000000 1.000000 1.000000 1.000000 1.000000 
AD_B
0.000000 0.000000 0.000000 0.000000 0.000000 0.000000 0.000000 0.000000 0.000000 0.000000 0.000000 0.000000 0.000000 0.000000 
AD_Ratio      
1.000000 1.000000

ch12
setPointNum   
0 
setPoint      
0 0 0 0 0 0 0 0 0 0 0 0 0 0 0 
checkPointNum 
0 
checkPoint    
0 0 0 0 0 0 0 0 0 0 0 0 0 0 0 
set_ad        
0 0 0 0 0 0 0 0 0 0 0 0 0 0 0 
set_meter     
0 0 0 0 0 0 0 0 0 0 0 0 0 0 0 
check_ad      
0 0 0 0 0 0 0 0 0 0 0 0 0 0 0 
check_meter   
0 0 0 0 0 0 0 0 0 0 0 0 0 0 0 
DA_A          
1.000000 1.000000 1.000000 1.000000 1.000000 1.000000 1.000000 1.000000 1.000000 1.000000 1.000000 1.000000 1.000000 1.000000 
DA_B          
0.000000 0.000000 0.000000 0.000000 0.000000 0.000000 0.000000 0.000000 0.000000 0.000000 0.000000 0.000000 0.000000 0.000000 
AD_A          
1.000000 1.000000 1.000000 1.000000 1.000000 1.000000 1.000000 1.000000 1.000000 1.000000 1.000000 1.000000 1.000000 1.000000 
AD_B
0.000000 0.000000 0.000000 0.000000 0.000000 0.000000 0.000000 0.000000 0.000000 0.000000 0.000000 0.000000 0.000000 0.000000 
AD_Ratio      
1.000000 1.000000

ch13
setPointNum   
0 
setPoint      
0 0 0 0 0 0 0 0 0 0 0 0 0 0 0 
checkPointNum 
0 
checkPoint    
0 0 0 0 0 0 0 0 0 0 0 0 0 0 0 
set_ad        
0 0 0 0 0 0 0 0 0 0 0 0 0 0 0 
set_meter     
0 0 0 0 0 0 0 0 0 0 0 0 0 0 0 
check_ad      
0 0 0 0 0 0 0 0 0 0 0 0 0 0 0 
check_meter   
0 0 0 0 0 0 0 0 0 0 0 0 0 0 0 
DA_A          
1.000000 1.000000 1.000000 1.000000 1.000000 1.000000 1.000000 1.000000 1.000000 1.000000 1.000000 1.000000 1.000000 1.000000 
DA_B          
0.000000 0.000000 0.000000 0.000000 0.000000 0.000000 0.000000 0.000000 0.000000 0.000000 0.000000 0.000000 0.000000 0.000000 
AD_A          
1.000000 1.000000 1.000000 1.000000 1.000000 1.000000 1.000000 1.000000 1.000000 1.000000 1.000000 1.000000 1.000000 1.000000 
AD_B
0.000000 0.000000 0.000000 0.000000 0.000000 0.000000 0.000000 0.000000 0.000000 0.000000 0.000000 0.000000 0.000000 0.000000 
AD_Ratio      
1.000000 1.000000

ch14
setPointNum   
0 
setPoint      
0 0 0 0 0 0 0 0 0 0 0 0 0 0 0 
checkPointNum 
0 
checkPoint    
0 0 0 0 0 0 0 0 0 0 0 0 0 0 0 
set_ad        
0 0 0 0 0 0 0 0 0 0 0 0 0 0 0 
set_meter     
0 0 0 0 0 0 0 0 0 0 0 0 0 0 0 
check_ad      
0 0 0 0 0 0 0 0 0 0 0 0 0 0 0 
check_meter   
0 0 0 0 0 0 0 0 0 0 0 0 0 0 0 
DA_A          
1.000000 1.000000 1.000000 1.000000 1.000000 1.000000 1.000000 1.000000 1.000000 1.000000 1.000000 1.000000 1.000000 1.000000 
DA_B          
0.000000 0.000000 0.000000 0.000000 0.000000 0.000000 0.000000 0.000000 0.000000 0.000000 0.000000 0.000000 0.000000 0.000000 
AD_A          
1.000000 1.000000 1.000000 1.000000 1.000000 1.000000 1.000000 1.000000 1.000000 1.000000 1.000000 1.000000 1.000000 1.000000 
AD_B
0.000000 0.000000 0.000000 0.000000 0.000000 0.000000 0.000000 0.000000 0.000000 0.000000 0.000000 0.000000 0.000000 0.000000 
AD_Ratio      
1.000000 1.000000

ch15
setPointNum   
0 
setPoint      
0 0 0 0 0 0 0 0 0 0 0 0 0 0 0 
checkPointNum 
0 
checkPoint    
0 0 0 0 0 0 0 0 0 0 0 0 0 0 0 
set_ad        
0 0 0 0 0 0 0 0 0 0 0 0 0 0 0 
set_meter     
0 0 0 0 0 0 0 0 0 0 0 0 0 0 0 
check_ad      
0 0 0 0 0 0 0 0 0 0 0 0 0 0 0 
check_meter   
0 0 0 0 0 0 0 0 0 0 0 0 0 0 0 
DA_A          
1.000000 1.000000 1.000000 1.000000 1.000000 1.000000 1.000000 1.000000 1.000000 1.000000 1.000000 1.000000 1.000000 1.000000 
DA_B          
0.000000 0.000000 0.000000 0.000000 0.000000 0.000000 0.000000 0.000000 0.000000 0.000000 0.000000 0.000000 0.000000 0.000000 
AD_A          
1.000000 1.000000 1.000000 1.000000 1.000000 1.000000 1.000000 1.000000 1.000000 1.000000 1.000000 1.000000 1.000000 1.000000 
AD_B
0.000000 0.000000 0.000000 0.000000 0.000000 0.000000 0.000000 0.000000 0.000000 0.000000 0.000000 0.000000 0.000000 0.000000 
AD_Ratio      
1.000000 1.000000

ch16
setPointNum   
0 
setPoint      
0 0 0 0 0 0 0 0 0 0 0 0 0 0 0 
checkPointNum 
0 
checkPoint    
0 0 0 0 0 0 0 0 0 0 0 0 0 0 0 
set_ad        
0 0 0 0 0 0 0 0 0 0 0 0 0 0 0 
set_meter     
0 0 0 0 0 0 0 0 0 0 0 0 0 0 0 
check_ad      
0 0 0 0 0 0 0 0 0 0 0 0 0 0 0 
check_meter   
0 0 0 0 0 0 0 0 0 0 0 0 0 0 0 
DA_A          
1.000000 1.000000 1.000000 1.000000 1.000000 1.000000 1.000000 1.000000 1.000000 1.000000 1.000000 1.000000 1.000000 1.000000 
DA_B          
0.000000 0.000000 0.000000 0.000000 0.000000 0.000000 0.000000 0.000000 0.000000 0.000000 0.000000 0.000000 0.000000 0.000000 
AD_A          
1.000000 1.000000 1.000000 1.000000 1.000000 1.000000 1.000000 1.000000 1.000000 1.000000 1.000000 1.000000 1.000000 1.000000 
AD_B
0.000000 0.000000 0.000000 0.000000 0.000000 0.000000 0.000000 0.000000 0.000000 0.000000 0.000000 0.000000 0.000000 0.000000 
AD_Ratio      
1.000000 1.000000

range4
ch01
setPointNum   
0 
setPoint      
0 0 0 0 0 0 0 0 0 0 0 0 0 0 0 
checkPointNum 
0 
checkPoint    
0 0 0 0 0 0 0 0 0 0 0 0 0 0 0 
set_ad        
0 0 0 0 0 0 0 0 0 0 0 0 0 0 0 
set_meter     
0 0 0 0 0 0 0 0 0 0 0 0 0 0 0 
check_ad      
0 0 0 0 0 0 0 0 0 0 0 0 0 0 0 
check_meter   
0 0 0 0 0 0 0 0 0 0 0 0 0 0 0 
DA_A          
1.000000 1.000000 1.000000 1.000000 1.000000 1.000000 1.000000 1.000000 1.000000 1.000000 1.000000 1.000000 1.000000 1.000000 
DA_B          
0.000000 0.000000 0.000000 0.000000 0.000000 0.000000 0.000000 0.000000 0.000000 0.000000 0.000000 0.000000 0.000000 0.000000 
AD_A          
1.000000 1.000000 1.000000 1.000000 1.000000 1.000000 1.000000 1.000000 1.000000 1.000000 1.000000 1.000000 1.000000 1.000000 
AD_B
0.000000 0.000000 0.000000 0.000000 0.000000 0.000000 0.000000 0.000000 0.000000 0.000000 0.000000 0.000000 0.000000 0.000000 
AD_Ratio      
1.000000 1.000000

ch02
setPointNum   
0 
setPoint      
0 0 0 0 0 0 0 0 0 0 0 0 0 0 0 
checkPointNum 
0 
checkPoint    
0 0 0 0 0 0 0 0 0 0 0 0 0 0 0 
set_ad        
0 0 0 0 0 0 0 0 0 0 0 0 0 0 0 
set_meter     
0 0 0 0 0 0 0 0 0 0 0 0 0 0 0 
check_ad      
0 0 0 0 0 0 0 0 0 0 0 0 0 0 0 
check_meter   
0 0 0 0 0 0 0 0 0 0 0 0 0 0 0 
DA_A          
1.000000 1.000000 1.000000 1.000000 1.000000 1.000000 1.000000 1.000000 1.000000 1.000000 1.000000 1.000000 1.000000 1.000000 
DA_B          
0.000000 0.000000 0.000000 0.000000 0.000000 0.000000 0.000000 0.000000 0.000000 0.000000 0.000000 0.000000 0.000000 0.000000 
AD_A          
1.000000 1.000000 1.000000 1.000000 1.000000 1.000000 1.000000 1.000000 1.000000 1.000000 1.000000 1.000000 1.000000 1.000000 
AD_B
0.000000 0.000000 0.000000 0.000000 0.000000 0.000000 0.000000 0.000000 0.000000 0.000000 0.000000 0.000000 0.000000 0.000000 
AD_Ratio      
1.000000 1.000000

ch03
setPointNum   
0 
setPoint      
0 0 0 0 0 0 0 0 0 0 0 0 0 0 0 
checkPointNum 
0 
checkPoint    
0 0 0 0 0 0 0 0 0 0 0 0 0 0 0 
set_ad        
0 0 0 0 0 0 0 0 0 0 0 0 0 0 0 
set_meter     
0 0 0 0 0 0 0 0 0 0 0 0 0 0 0 
check_ad      
0 0 0 0 0 0 0 0 0 0 0 0 0 0 0 
check_meter   
0 0 0 0 0 0 0 0 0 0 0 0 0 0 0 
DA_A          
1.000000 1.000000 1.000000 1.000000 1.000000 1.000000 1.000000 1.000000 1.000000 1.000000 1.000000 1.000000 1.000000 1.000000 
DA_B          
0.000000 0.000000 0.000000 0.000000 0.000000 0.000000 0.000000 0.000000 0.000000 0.000000 0.000000 0.000000 0.000000 0.000000 
AD_A          
1.000000 1.000000 1.000000 1.000000 1.000000 1.000000 1.000000 1.000000 1.000000 1.000000 1.000000 1.000000 1.000000 1.000000 
AD_B
0.000000 0.000000 0.000000 0.000000 0.000000 0.000000 0.000000 0.000000 0.000000 0.000000 0.000000 0.000000 0.000000 0.000000 
AD_Ratio      
1.000000 1.000000

ch04
setPointNum   
0 
setPoint      
0 0 0 0 0 0 0 0 0 0 0 0 0 0 0 
checkPointNum 
0 
checkPoint    
0 0 0 0 0 0 0 0 0 0 0 0 0 0 0 
set_ad        
0 0 0 0 0 0 0 0 0 0 0 0 0 0 0 
set_meter     
0 0 0 0 0 0 0 0 0 0 0 0 0 0 0 
check_ad      
0 0 0 0 0 0 0 0 0 0 0 0 0 0 0 
check_meter   
0 0 0 0 0 0 0 0 0 0 0 0 0 0 0 
DA_A          
1.000000 1.000000 1.000000 1.000000 1.000000 1.000000 1.000000 1.000000 1.000000 1.000000 1.000000 1.000000 1.000000 1.000000 
DA_B          
0.000000 0.000000 0.000000 0.000000 0.000000 0.000000 0.000000 0.000000 0.000000 0.000000 0.000000 0.000000 0.000000 0.000000 
AD_A          
1.000000 1.000000 1.000000 1.000000 1.000000 1.000000 1.000000 1.000000 1.000000 1.000000 1.000000 1.000000 1.000000 1.000000 
AD_B
0.000000 0.000000 0.000000 0.000000 0.000000 0.000000 0.000000 0.000000 0.000000 0.000000 0.000000 0.000000 0.000000 0.000000 
AD_Ratio      
1.000000 1.000000

ch05
setPointNum   
0 
setPoint      
0 0 0 0 0 0 0 0 0 0 0 0 0 0 0 
checkPointNum 
0 
checkPoint    
0 0 0 0 0 0 0 0 0 0 0 0 0 0 0 
set_ad        
0 0 0 0 0 0 0 0 0 0 0 0 0 0 0 
set_meter     
0 0 0 0 0 0 0 0 0 0 0 0 0 0 0 
check_ad      
0 0 0 0 0 0 0 0 0 0 0 0 0 0 0 
check_meter   
0 0 0 0 0 0 0 0 0 0 0 0 0 0 0 
DA_A          
1.000000 1.000000 1.000000 1.000000 1.000000 1.000000 1.000000 1.000000 1.000000 1.000000 1.000000 1.000000 1.000000 1.000000 
DA_B          
0.000000 0.000000 0.000000 0.000000 0.000000 0.000000 0.000000 0.000000 0.000000 0.000000 0.000000 0.000000 0.000000 0.000000 
AD_A          
1.000000 1.000000 1.000000 1.000000 1.000000 1.000000 1.000000 1.000000 1.000000 1.000000 1.000000 1.000000 1.000000 1.000000 
AD_B
0.000000 0.000000 0.000000 0.000000 0.000000 0.000000 0.000000 0.000000 0.000000 0.000000 0.000000 0.000000 0.000000 0.000000 
AD_Ratio      
1.000000 1.000000

ch06
setPointNum   
0 
setPoint      
0 0 0 0 0 0 0 0 0 0 0 0 0 0 0 
checkPointNum 
0 
checkPoint    
0 0 0 0 0 0 0 0 0 0 0 0 0 0 0 
set_ad        
0 0 0 0 0 0 0 0 0 0 0 0 0 0 0 
set_meter     
0 0 0 0 0 0 0 0 0 0 0 0 0 0 0 
check_ad      
0 0 0 0 0 0 0 0 0 0 0 0 0 0 0 
check_meter   
0 0 0 0 0 0 0 0 0 0 0 0 0 0 0 
DA_A          
1.000000 1.000000 1.000000 1.000000 1.000000 1.000000 1.000000 1.000000 1.000000 1.000000 1.000000 1.000000 1.000000 1.000000 
DA_B          
0.000000 0.000000 0.000000 0.000000 0.000000 0.000000 0.000000 0.000000 0.000000 0.000000 0.000000 0.000000 0.000000 0.000000 
AD_A          
1.000000 1.000000 1.000000 1.000000 1.000000 1.000000 1.000000 1.000000 1.000000 1.000000 1.000000 1.000000 1.000000 1.000000 
AD_B
0.000000 0.000000 0.000000 0.000000 0.000000 0.000000 0.000000 0.000000 0.000000 0.000000 0.000000 0.000000 0.000000 0.000000 
AD_Ratio      
1.000000 1.000000

ch07
setPointNum   
0 
setPoint      
0 0 0 0 0 0 0 0 0 0 0 0 0 0 0 
checkPointNum 
0 
checkPoint    
0 0 0 0 0 0 0 0 0 0 0 0 0 0 0 
set_ad        
0 0 0 0 0 0 0 0 0 0 0 0 0 0 0 
set_meter     
0 0 0 0 0 0 0 0 0 0 0 0 0 0 0 
check_ad      
0 0 0 0 0 0 0 0 0 0 0 0 0 0 0 
check_meter   
0 0 0 0 0 0 0 0 0 0 0 0 0 0 0 
DA_A          
1.000000 1.000000 1.000000 1.000000 1.000000 1.000000 1.000000 1.000000 1.000000 1.000000 1.000000 1.000000 1.000000 1.000000 
DA_B          
0.000000 0.000000 0.000000 0.000000 0.000000 0.000000 0.000000 0.000000 0.000000 0.000000 0.000000 0.000000 0.000000 0.000000 
AD_A          
1.000000 1.000000 1.000000 1.000000 1.000000 1.000000 1.000000 1.000000 1.000000 1.000000 1.000000 1.000000 1.000000 1.000000 
AD_B
0.000000 0.000000 0.000000 0.000000 0.000000 0.000000 0.000000 0.000000 0.000000 0.000000 0.000000 0.000000 0.000000 0.000000 
AD_Ratio      
1.000000 1.000000

ch08
setPointNum   
0 
setPoint      
0 0 0 0 0 0 0 0 0 0 0 0 0 0 0 
checkPointNum 
0 
checkPoint    
0 0 0 0 0 0 0 0 0 0 0 0 0 0 0 
set_ad        
0 0 0 0 0 0 0 0 0 0 0 0 0 0 0 
set_meter     
0 0 0 0 0 0 0 0 0 0 0 0 0 0 0 
check_ad      
0 0 0 0 0 0 0 0 0 0 0 0 0 0 0 
check_meter   
0 0 0 0 0 0 0 0 0 0 0 0 0 0 0 
DA_A          
1.000000 1.000000 1.000000 1.000000 1.000000 1.000000 1.000000 1.000000 1.000000 1.000000 1.000000 1.000000 1.000000 1.000000 
DA_B          
0.000000 0.000000 0.000000 0.000000 0.000000 0.000000 0.000000 0.000000 0.000000 0.000000 0.000000 0.000000 0.000000 0.000000 
AD_A          
1.000000 1.000000 1.000000 1.000000 1.000000 1.000000 1.000000 1.000000 1.000000 1.000000 1.000000 1.000000 1.000000 1.000000 
AD_B
0.000000 0.000000 0.000000 0.000000 0.000000 0.000000 0.000000 0.000000 0.000000 0.000000 0.000000 0.000000 0.000000 0.000000 
AD_Ratio      
1.000000 1.000000

ch09
setPointNum   
0 
setPoint      
0 0 0 0 0 0 0 0 0 0 0 0 0 0 0 
checkPointNum 
0 
checkPoint    
0 0 0 0 0 0 0 0 0 0 0 0 0 0 0 
set_ad        
0 0 0 0 0 0 0 0 0 0 0 0 0 0 0 
set_meter     
0 0 0 0 0 0 0 0 0 0 0 0 0 0 0 
check_ad      
0 0 0 0 0 0 0 0 0 0 0 0 0 0 0 
check_meter   
0 0 0 0 0 0 0 0 0 0 0 0 0 0 0 
DA_A          
1.000000 1.000000 1.000000 1.000000 1.000000 1.000000 1.000000 1.000000 1.000000 1.000000 1.000000 1.000000 1.000000 1.000000 
DA_B          
0.000000 0.000000 0.000000 0.000000 0.000000 0.000000 0.000000 0.000000 0.000000 0.000000 0.000000 0.000000 0.000000 0.000000 
AD_A          
1.000000 1.000000 1.000000 1.000000 1.000000 1.000000 1.000000 1.000000 1.000000 1.000000 1.000000 1.000000 1.000000 1.000000 
AD_B
0.000000 0.000000 0.000000 0.000000 0.000000 0.000000 0.000000 0.000000 0.000000 0.000000 0.000000 0.000000 0.000000 0.000000 
AD_Ratio      
1.000000 1.000000

ch10
setPointNum   
0 
setPoint      
0 0 0 0 0 0 0 0 0 0 0 0 0 0 0 
checkPointNum 
0 
checkPoint    
0 0 0 0 0 0 0 0 0 0 0 0 0 0 0 
set_ad        
0 0 0 0 0 0 0 0 0 0 0 0 0 0 0 
set_meter     
0 0 0 0 0 0 0 0 0 0 0 0 0 0 0 
check_ad      
0 0 0 0 0 0 0 0 0 0 0 0 0 0 0 
check_meter   
0 0 0 0 0 0 0 0 0 0 0 0 0 0 0 
DA_A          
1.000000 1.000000 1.000000 1.000000 1.000000 1.000000 1.000000 1.000000 1.000000 1.000000 1.000000 1.000000 1.000000 1.000000 
DA_B          
0.000000 0.000000 0.000000 0.000000 0.000000 0.000000 0.000000 0.000000 0.000000 0.000000 0.000000 0.000000 0.000000 0.000000 
AD_A          
1.000000 1.000000 1.000000 1.000000 1.000000 1.000000 1.000000 1.000000 1.000000 1.000000 1.000000 1.000000 1.000000 1.000000 
AD_B
0.000000 0.000000 0.000000 0.000000 0.000000 0.000000 0.000000 0.000000 0.000000 0.000000 0.000000 0.000000 0.000000 0.000000 
AD_Ratio      
1.000000 1.000000

ch11
setPointNum   
0 
setPoint      
0 0 0 0 0 0 0 0 0 0 0 0 0 0 0 
checkPointNum 
0 
checkPoint    
0 0 0 0 0 0 0 0 0 0 0 0 0 0 0 
set_ad        
0 0 0 0 0 0 0 0 0 0 0 0 0 0 0 
set_meter     
0 0 0 0 0 0 0 0 0 0 0 0 0 0 0 
check_ad      
0 0 0 0 0 0 0 0 0 0 0 0 0 0 0 
check_meter   
0 0 0 0 0 0 0 0 0 0 0 0 0 0 0 
DA_A          
1.000000 1.000000 1.000000 1.000000 1.000000 1.000000 1.000000 1.000000 1.000000 1.000000 1.000000 1.000000 1.000000 1.000000 
DA_B          
0.000000 0.000000 0.000000 0.000000 0.000000 0.000000 0.000000 0.000000 0.000000 0.000000 0.000000 0.000000 0.000000 0.000000 
AD_A          
1.000000 1.000000 1.000000 1.000000 1.000000 1.000000 1.000000 1.000000 1.000000 1.000000 1.000000 1.000000 1.000000 1.000000 
AD_B
0.000000 0.000000 0.000000 0.000000 0.000000 0.000000 0.000000 0.000000 0.000000 0.000000 0.000000 0.000000 0.000000 0.000000 
AD_Ratio      
1.000000 1.000000

ch12
setPointNum   
0 
setPoint      
0 0 0 0 0 0 0 0 0 0 0 0 0 0 0 
checkPointNum 
0 
checkPoint    
0 0 0 0 0 0 0 0 0 0 0 0 0 0 0 
set_ad        
0 0 0 0 0 0 0 0 0 0 0 0 0 0 0 
set_meter     
0 0 0 0 0 0 0 0 0 0 0 0 0 0 0 
check_ad      
0 0 0 0 0 0 0 0 0 0 0 0 0 0 0 
check_meter   
0 0 0 0 0 0 0 0 0 0 0 0 0 0 0 
DA_A          
1.000000 1.000000 1.000000 1.000000 1.000000 1.000000 1.000000 1.000000 1.000000 1.000000 1.000000 1.000000 1.000000 1.000000 
DA_B          
0.000000 0.000000 0.000000 0.000000 0.000000 0.000000 0.000000 0.000000 0.000000 0.000000 0.000000 0.000000 0.000000 0.000000 
AD_A          
1.000000 1.000000 1.000000 1.000000 1.000000 1.000000 1.000000 1.000000 1.000000 1.000000 1.000000 1.000000 1.000000 1.000000 
AD_B
0.000000 0.000000 0.000000 0.000000 0.000000 0.000000 0.000000 0.000000 0.000000 0.000000 0.000000 0.000000 0.000000 0.000000 
AD_Ratio      
1.000000 1.000000

ch13
setPointNum   
0 
setPoint      
0 0 0 0 0 0 0 0 0 0 0 0 0 0 0 
checkPointNum 
0 
checkPoint    
0 0 0 0 0 0 0 0 0 0 0 0 0 0 0 
set_ad        
0 0 0 0 0 0 0 0 0 0 0 0 0 0 0 
set_meter     
0 0 0 0 0 0 0 0 0 0 0 0 0 0 0 
check_ad      
0 0 0 0 0 0 0 0 0 0 0 0 0 0 0 
check_meter   
0 0 0 0 0 0 0 0 0 0 0 0 0 0 0 
DA_A          
1.000000 1.000000 1.000000 1.000000 1.000000 1.000000 1.000000 1.000000 1.000000 1.000000 1.000000 1.000000 1.000000 1.000000 
DA_B          
0.000000 0.000000 0.000000 0.000000 0.000000 0.000000 0.000000 0.000000 0.000000 0.000000 0.000000 0.000000 0.000000 0.000000 
AD_A          
1.000000 1.000000 1.000000 1.000000 1.000000 1.000000 1.000000 1.000000 1.000000 1.000000 1.000000 1.000000 1.000000 1.000000 
AD_B
0.000000 0.000000 0.000000 0.000000 0.000000 0.000000 0.000000 0.000000 0.000000 0.000000 0.000000 0.000000 0.000000 0.000000 
AD_Ratio      
1.000000 1.000000

ch14
setPointNum   
0 
setPoint      
0 0 0 0 0 0 0 0 0 0 0 0 0 0 0 
checkPointNum 
0 
checkPoint    
0 0 0 0 0 0 0 0 0 0 0 0 0 0 0 
set_ad        
0 0 0 0 0 0 0 0 0 0 0 0 0 0 0 
set_meter     
0 0 0 0 0 0 0 0 0 0 0 0 0 0 0 
check_ad      
0 0 0 0 0 0 0 0 0 0 0 0 0 0 0 
check_meter   
0 0 0 0 0 0 0 0 0 0 0 0 0 0 0 
DA_A          
1.000000 1.000000 1.000000 1.000000 1.000000 1.000000 1.000000 1.000000 1.000000 1.000000 1.000000 1.000000 1.000000 1.000000 
DA_B          
0.000000 0.000000 0.000000 0.000000 0.000000 0.000000 0.000000 0.000000 0.000000 0.000000 0.000000 0.000000 0.000000 0.000000 
AD_A          
1.000000 1.000000 1.000000 1.000000 1.000000 1.000000 1.000000 1.000000 1.000000 1.000000 1.000000 1.000000 1.000000 1.000000 
AD_B
0.000000 0.000000 0.000000 0.000000 0.000000 0.000000 0.000000 0.000000 0.000000 0.000000 0.000000 0.000000 0.000000 0.000000 
AD_Ratio      
1.000000 1.000000

ch15
setPointNum   
0 
setPoint      
0 0 0 0 0 0 0 0 0 0 0 0 0 0 0 
checkPointNum 
0 
checkPoint    
0 0 0 0 0 0 0 0 0 0 0 0 0 0 0 
set_ad        
0 0 0 0 0 0 0 0 0 0 0 0 0 0 0 
set_meter     
0 0 0 0 0 0 0 0 0 0 0 0 0 0 0 
check_ad      
0 0 0 0 0 0 0 0 0 0 0 0 0 0 0 
check_meter   
0 0 0 0 0 0 0 0 0 0 0 0 0 0 0 
DA_A          
1.000000 1.000000 1.000000 1.000000 1.000000 1.000000 1.000000 1.000000 1.000000 1.000000 1.000000 1.000000 1.000000 1.000000 
DA_B          
0.000000 0.000000 0.000000 0.000000 0.000000 0.000000 0.000000 0.000000 0.000000 0.000000 0.000000 0.000000 0.000000 0.000000 
AD_A          
1.000000 1.000000 1.000000 1.000000 1.000000 1.000000 1.000000 1.000000 1.000000 1.000000 1.000000 1.000000 1.000000 1.000000 
AD_B
0.000000 0.000000 0.000000 0.000000 0.000000 0.000000 0.000000 0.000000 0.000000 0.000000 0.000000 0.000000 0.000000 0.000000 
AD_Ratio      
1.000000 1.000000

ch16
setPointNum   
0 
setPoint      
0 0 0 0 0 0 0 0 0 0 0 0 0 0 0 
checkPointNum 
0 
checkPoint    
0 0 0 0 0 0 0 0 0 0 0 0 0 0 0 
set_ad        
0 0 0 0 0 0 0 0 0 0 0 0 0 0 0 
set_meter     
0 0 0 0 0 0 0 0 0 0 0 0 0 0 0 
check_ad      
0 0 0 0 0 0 0 0 0 0 0 0 0 0 0 
check_meter   
0 0 0 0 0 0 0 0 0 0 0 0 0 0 0 
DA_A          
1.000000 1.000000 1.000000 1.000000 1.000000 1.000000 1.000000 1.000000 1.000000 1.000000 1.000000 1.000000 1.000000 1.000000 
DA_B          
0.000000 0.000000 0.000000 0.000000 0.000000 0.000000 0.000000 0.000000 0.000000 0.000000 0.000000 0.000000 0.000000 0.000000 
AD_A          
1.000000 1.000000 1.000000 1.000000 1.000000 1.000000 1.000000 1.000000 1.000000 1.000000 1.000000 1.000000 1.000000 1.000000 
AD_B
0.000000 0.000000 0.000000 0.000000 0.000000 0.000000 0.000000 0.000000 0.000000 0.000000 0.000000 0.000000 0.000000 0.000000 
AD_Ratio      
1.000000 1.000000

